sample_index,time_from_start_s,Right_Shoulder_Pitch_Joint,Right_Shoulder_Roll_Joint,Right_Shoulder_Yaw_Joint,Right_Elbow_Pitch_Joint,Right_Wrist_Yaw_Joint,Right_Wrist_Roll_Joint,Right_Wrist_Pitch_Joint
0,0.000000,0.696386397,-0.053493366,0.038212717,0.500559866,0.936615884,0.086063862,0.421978295
1,0.100000,0.696386397,-0.053506035,0.038252835,0.500742243,0.936628837,0.085866305,0.421986387
2,0.200000,0.696386397,-0.053518704,0.038292954,0.500924621,0.936641790,0.085668749,0.421994480
3,0.300000,0.696386397,-0.053531373,0.038333072,0.501106998,0.936654742,0.085471192,0.422002572
4,0.400000,0.696386397,-0.053544041,0.038373191,0.501289376,0.936667695,0.085273635,0.422010664
5,0.500000,0.696386397,-0.053556710,0.038413309,0.501471753,0.936680648,0.085076078,0.422018757
6,0.600000,0.696386397,-0.053569379,0.038453427,0.501654130,0.936693601,0.084878522,0.422026849
7,0.700000,0.696386397,-0.053582048,0.038493546,0.501836508,0.936706553,0.084680965,0.422034941
8,0.800000,0.696386397,-0.053594717,0.038533664,0.502018885,0.936719506,0.084483408,0.422043033
9,0.900000,0.696386397,-0.053607386,0.038573783,0.502201263,0.936732459,0.084285852,0.422051126
10,1.000000,0.696386397,-0.053620054,0.038613901,0.502383640,0.936745412,0.084088295,0.422059218
11,1.100000,0.696386397,-0.053632723,0.038654019,0.502566018,0.936758364,0.083890738,0.422067310
12,1.200000,0.696386397,-0.053645392,0.038694138,0.502748395,0.936771317,0.083693182,0.422075403
13,1.300000,0.696386397,-0.053658061,0.038734256,0.502930772,0.936784270,0.083495625,0.422083495
14,1.400000,0.696386397,-0.053670730,0.038774375,0.503113150,0.936797223,0.083298068,0.422091587
15,1.500000,0.696386397,-0.053683399,0.038814493,0.503295527,0.936810176,0.083100511,0.422099680
16,1.600000,0.696386397,-0.053696067,0.038854611,0.503477905,0.936823128,0.082902955,0.422107772
17,1.700000,0.696386397,-0.053708736,0.038894730,0.503660282,0.936836081,0.082705398,0.422115864
18,1.800000,0.696386397,-0.053721405,0.038934848,0.503842659,0.936849034,0.082507841,0.422123956
19,1.900000,0.696386397,-0.053734074,0.038974967,0.504025037,0.936861987,0.082310285,0.422132049
20,2.000000,0.696386397,-0.053746743,0.039015085,0.504207414,0.936874939,0.082112728,0.422140141
21,2.100000,0.696386397,-0.053759412,0.039055203,0.504389792,0.936887892,0.081915171,0.422148233
22,2.200000,0.696386397,-0.053772081,0.039095322,0.504572169,0.936900845,0.081717614,0.422156326
23,2.300000,0.696386397,-0.053784749,0.039135440,0.504754547,0.936913798,0.081520058,0.422164418
24,2.400000,0.696386397,-0.053797418,0.039175559,0.504936924,0.936926750,0.081322501,0.422172510
25,2.500000,0.696386397,-0.053810087,0.039215677,0.505119301,0.936939703,0.081124944,0.422180603
26,2.600000,0.696386397,-0.053822756,0.039255795,0.505301679,0.936952656,0.080927388,0.422188695
27,2.700000,0.696386397,-0.053835425,0.039295914,0.505484056,0.936965609,0.080729831,0.422196787
28,2.800000,0.696386397,-0.053848094,0.039336032,0.505666434,0.936978562,0.080532274,0.422204879
29,2.900000,0.696386397,-0.053855099,0.039348763,0.505804921,0.936985727,0.080389512,0.422209361
30,3.000000,0.696386397,-0.053860355,0.039353034,0.505929853,0.936991106,0.080263673,0.422212727
31,3.100000,0.696386397,-0.053865611,0.039357306,0.506054786,0.936996485,0.080137835,0.422216093
32,3.200000,0.696386397,-0.053870868,0.039361578,0.506179718,0.937001864,0.080011996,0.422219458
33,3.300000,0.696386397,-0.053876124,0.039365849,0.506304650,0.937007242,0.079886157,0.422222824
34,3.400000,0.696386397,-0.053881380,0.039370121,0.506429582,0.937012621,0.079760318,0.422226190
35,3.500000,0.696386397,-0.053886636,0.039374393,0.506554514,0.937018000,0.079634479,0.422229556
36,3.600000,0.696386397,-0.053891893,0.039378664,0.506679447,0.937023378,0.079508640,0.422232922
37,3.700000,0.696386397,-0.053897149,0.039382936,0.506804379,0.937028757,0.079382801,0.422236288
38,3.800000,0.696386397,-0.053902405,0.039387207,0.506929311,0.937034136,0.079256963,0.422239654
39,3.900000,0.696386397,-0.053907661,0.039391479,0.507054243,0.937039515,0.079131124,0.422243020
40,4.000000,0.696386397,-0.053912918,0.039395751,0.507179175,0.937044893,0.079005285,0.422246386
41,4.100000,0.696386397,-0.053918174,0.039400022,0.507304108,0.937050272,0.078879446,0.422249752
42,4.200000,0.696386397,-0.053923430,0.039404294,0.507429040,0.937055651,0.078753607,0.422253118
43,4.300000,0.696386397,-0.053928686,0.039408566,0.507553972,0.937061029,0.078627768,0.422256484
44,4.400000,0.696386397,-0.053933943,0.039412837,0.507678904,0.937066408,0.078501929,0.422259849
45,4.500000,0.696386397,-0.053939199,0.039417109,0.507803836,0.937071787,0.078376091,0.422263215
46,4.600000,0.696386397,-0.053944455,0.039421381,0.507928769,0.937077166,0.078250252,0.422266581
47,4.700000,0.696386397,-0.053949711,0.039425652,0.508053701,0.937082544,0.078124413,0.422269947
48,4.800000,0.696386397,-0.053954967,0.039429924,0.508178633,0.937087923,0.077998574,0.422273313
49,4.900000,0.696386397,-0.053960224,0.039434196,0.508303565,0.937093302,0.077872735,0.422276679
50,5.000000,0.696386397,-0.053965480,0.039438467,0.508428497,0.937098680,0.077746896,0.422280045
51,5.100000,0.696386397,-0.053970736,0.039442739,0.508553430,0.937104059,0.077621057,0.422283411
52,5.200000,0.696386397,-0.053975992,0.039447010,0.508678362,0.937109438,0.077495219,0.422286777
53,5.300000,0.696386397,-0.053981249,0.039451282,0.508803294,0.937114816,0.077369380,0.422290143
54,5.400000,0.696386397,-0.053986505,0.039455554,0.508928226,0.937120195,0.077243541,0.422293509
55,5.500000,0.696386397,-0.053991761,0.039459825,0.509053159,0.937125574,0.077117702,0.422296875
56,5.600000,0.696386397,-0.053997017,0.039464097,0.509178091,0.937130953,0.076991863,0.422300240
57,5.700000,0.696386397,-0.053991529,0.039454440,0.509279875,0.937134674,0.076873266,0.422302569
58,5.800000,0.696386397,-0.053976439,0.039432334,0.509360971,0.937136913,0.076761141,0.422303971
59,5.900000,0.696386397,-0.053961349,0.039410227,0.509442067,0.937139153,0.076649016,0.422305372
60,6.000000,0.696386397,-0.053946258,0.039388121,0.509523164,0.937141393,0.076536892,0.422306774
61,6.100000,0.696386397,-0.053931168,0.039366015,0.509604260,0.937143633,0.076424767,0.422308176
62,6.200000,0.696386397,-0.053916078,0.039343909,0.509685356,0.937145872,0.076312642,0.422309577
63,6.300000,0.696386397,-0.053900987,0.039321803,0.509766453,0.937148112,0.076200517,0.422310979
64,6.400000,0.696386397,-0.053885897,0.039299697,0.509847549,0.937150352,0.076088392,0.422312381
65,6.500000,0.696386397,-0.053870806,0.039277591,0.509928645,0.937152592,0.075976268,0.422313782
66,6.600000,0.696386397,-0.053855716,0.039255485,0.510009741,0.937154831,0.075864143,0.422315184
67,6.700000,0.696386397,-0.053840626,0.039233379,0.510090838,0.937157071,0.075752018,0.422316586
68,6.800000,0.696386397,-0.053825535,0.039211273,0.510171934,0.937159311,0.075639893,0.422317987
69,6.900000,0.696386397,-0.053810445,0.039189166,0.510253030,0.937161550,0.075527768,0.422319389
70,7.000000,0.696386397,-0.053795355,0.039167060,0.510334126,0.937163790,0.075415643,0.422320791
71,7.100000,0.696386397,-0.053780264,0.039144954,0.510415223,0.937166030,0.075303519,0.422322192
72,7.200000,0.696386397,-0.053765174,0.039122848,0.510496319,0.937168270,0.075191394,0.422323594
73,7.300000,0.696386397,-0.053750084,0.039100742,0.510577415,0.937170509,0.075079269,0.422324996
74,7.400000,0.696386397,-0.053734993,0.039078636,0.510658512,0.937172749,0.074967144,0.422326397
75,7.500000,0.696386397,-0.053719903,0.039056530,0.510739608,0.937174989,0.074855019,0.422327799
76,7.600000,0.696386397,-0.053704812,0.039034424,0.510820704,0.937177229,0.074742895,0.422329201
77,7.700000,0.696386397,-0.053689722,0.039012318,0.510901800,0.937179468,0.074630770,0.422330602
78,7.800000,0.696386397,-0.053674632,0.038990212,0.510982897,0.937181708,0.074518645,0.422332004
79,7.900000,0.696386397,-0.053659541,0.038968106,0.511063993,0.937183948,0.074406520,0.422333406
80,8.000000,0.696386397,-0.053644451,0.038945999,0.511145089,0.937186188,0.074294395,0.422334807
81,8.100000,0.696386397,-0.053629361,0.038923893,0.511226186,0.937188427,0.074182270,0.422336209
82,8.200000,0.696386397,-0.053614270,0.038901787,0.511307282,0.937190667,0.074070146,0.422337610
83,8.300000,0.696386397,-0.053599180,0.038879681,0.511388378,0.937192907,0.073958021,0.422339012
84,8.400000,0.696386397,-0.053584090,0.038857575,0.511469474,0.937195146,0.073845896,0.422340414
85,8.500000,0.696386397,-0.053566072,0.038839239,0.511536618,0.937197005,0.073753072,0.422341577
86,8.600000,0.696386397,-0.053540961,0.038830038,0.511569945,0.937197938,0.073707023,0.422342163
87,8.700000,0.696386397,-0.053515850,0.038820838,0.511603273,0.937198871,0.073660975,0.422342749
88,8.800000,0.696386397,-0.053490739,0.038811638,0.511636601,0.937199804,0.073614927,0.422343335
89,8.900000,0.696386397,-0.053465628,0.038802437,0.511669928,0.937200737,0.073568879,0.422343920
90,9.000000,0.696386397,-0.053440517,0.038793237,0.511703256,0.937201670,0.073522831,0.422344506
91,9.100000,0.696386397,-0.053415406,0.038784037,0.511736584,0.937202603,0.073476782,0.422345092
92,9.200000,0.696386397,-0.053390295,0.038774836,0.511769911,0.937203536,0.073430734,0.422345678
93,9.300000,0.696386397,-0.053365184,0.038765636,0.511803239,0.937204469,0.073384686,0.422346264
94,9.400000,0.696386397,-0.053340073,0.038756436,0.511836566,0.937205402,0.073338638,0.422346849
95,9.500000,0.696386397,-0.053314962,0.038747235,0.511869894,0.937206335,0.073292589,0.422347435
96,9.600000,0.696386397,-0.053289851,0.038738035,0.511903222,0.937207268,0.073246541,0.422348021
97,9.700000,0.696386397,-0.053264740,0.038728835,0.511936549,0.937208201,0.073200493,0.422348607
98,9.800000,0.696386397,-0.053239629,0.038719634,0.511969877,0.937209134,0.073154445,0.422349193
99,9.900000,0.696386397,-0.053214518,0.038710434,0.512003205,0.937210067,0.073108397,0.422349778
100,10.000000,0.696386397,-0.053189407,0.038701234,0.512036532,0.937211000,0.073062348,0.422350364
101,10.100000,0.696386397,-0.053164296,0.038692034,0.512069860,0.937211933,0.073016300,0.422350950
102,10.200000,0.696386397,-0.053139185,0.038682833,0.512103188,0.937212866,0.072970252,0.422351536
103,10.300000,0.696386397,-0.053114074,0.038673633,0.512136515,0.937213799,0.072924204,0.422352122
104,10.400000,0.696386397,-0.053088963,0.038664433,0.512169843,0.937214732,0.072878156,0.422352708
105,10.500000,0.696386397,-0.053063852,0.038655232,0.512203170,0.937215665,0.072832107,0.422353293
106,10.600000,0.696386397,-0.053038741,0.038646032,0.512236498,0.937216598,0.072786059,0.422353879
107,10.700000,0.696386397,-0.053013630,0.038636832,0.512269826,0.937217531,0.072740011,0.422354465
108,10.800000,0.696386397,-0.052988519,0.038627631,0.512303153,0.937218464,0.072693963,0.422355051
109,10.900000,0.696386397,-0.052963408,0.038618431,0.512336481,0.937219397,0.072647914,0.422355637
110,11.000000,0.696386397,-0.052938297,0.038609231,0.512369809,0.937220330,0.072601866,0.422356222
111,11.100000,0.696386397,-0.052913186,0.038600030,0.512403136,0.937221263,0.072555818,0.422356808
112,11.200000,0.696386397,-0.052888075,0.038590830,0.512436464,0.937222196,0.072509770,0.422357394
113,11.300000,0.696386397,-0.052863788,0.038579547,0.512468688,0.937223099,0.072463380,0.422357961
114,11.400000,0.696386397,-0.052853364,0.038533242,0.512482354,0.937223485,0.072411247,0.422358203
115,11.500000,0.696386397,-0.052842940,0.038486936,0.512496021,0.937223871,0.072359113,0.422358446
116,11.600000,0.696386397,-0.052832516,0.038440631,0.512509687,0.937224258,0.072306979,0.422358689
117,11.700000,0.696386397,-0.052822091,0.038394326,0.512523353,0.937224644,0.072254846,0.422358932
118,11.800000,0.696386397,-0.052811667,0.038348020,0.512537019,0.937225030,0.072202712,0.422359174
119,11.900000,0.696386397,-0.052801243,0.038301715,0.512550686,0.937225416,0.072150579,0.422359417
120,12.000000,0.696386397,-0.052790819,0.038255410,0.512564352,0.937225803,0.072098445,0.422359660
121,12.100000,0.696386397,-0.052780395,0.038209104,0.512578018,0.937226189,0.072046312,0.422359903
122,12.200000,0.696386397,-0.052769971,0.038162799,0.512591684,0.937226575,0.071994178,0.422360145
123,12.300000,0.696386397,-0.052759547,0.038116494,0.512605351,0.937226961,0.071942045,0.422360388
124,12.400000,0.696386397,-0.052749123,0.038070188,0.512619017,0.937227348,0.071889911,0.422360631
125,12.500000,0.696386397,-0.052738699,0.038023883,0.512632683,0.937227734,0.071837778,0.422360874
126,12.600000,0.696386397,-0.052728274,0.037977578,0.512646349,0.937228120,0.071785644,0.422361116
127,12.700000,0.696386397,-0.052717850,0.037931272,0.512660016,0.937228507,0.071733511,0.422361359
128,12.800000,0.696386397,-0.052707426,0.037884967,0.512673682,0.937228893,0.071681377,0.422361602
129,12.900000,0.696386397,-0.052697002,0.037838662,0.512687348,0.937229279,0.071629243,0.422361844
130,13.000000,0.696386397,-0.052686578,0.037792356,0.512701014,0.937229665,0.071577110,0.422362087
131,13.100000,0.696386397,-0.052676154,0.037746051,0.512714681,0.937230052,0.071524976,0.422362330
132,13.200000,0.696386397,-0.052665730,0.037699746,0.512728347,0.937230438,0.071472843,0.422362573
133,13.300000,0.696386397,-0.052655306,0.037653440,0.512742013,0.937230824,0.071420709,0.422362815
134,13.400000,0.696386397,-0.052644882,0.037607135,0.512755679,0.937231211,0.071368576,0.422363058
135,13.500000,0.696386397,-0.052634457,0.037560830,0.512769346,0.937231597,0.071316442,0.422363301
136,13.600000,0.696386397,-0.052624033,0.037514524,0.512783012,0.937231983,0.071264309,0.422363544
137,13.700000,0.696386397,-0.052613609,0.037468219,0.512796678,0.937232369,0.071212175,0.422363786
138,13.800000,0.696386397,-0.052603185,0.037421914,0.512810344,0.937232756,0.071160042,0.422364029
139,13.900000,0.696386397,-0.052592761,0.037375608,0.512824011,0.937233142,0.071107908,0.422364272
140,14.000000,0.696386397,-0.052582337,0.037329303,0.512837677,0.937233528,0.071055774,0.422364515
141,14.100000,0.696386397,-0.052571913,0.037282998,0.512851343,0.937233915,0.071003641,0.422364757
142,14.200000,0.696386397,-0.052566210,0.037178270,0.512858784,0.937234128,0.070972666,0.422364890
143,14.300000,0.696386397,-0.052561542,0.037060732,0.512864859,0.937234303,0.070946330,0.422364999
144,14.400000,0.696386397,-0.052556874,0.036943194,0.512870934,0.937234478,0.070919994,0.422365108
145,14.500000,0.696386397,-0.052552206,0.036825656,0.512877010,0.937234653,0.070893659,0.422365216
146,14.600000,0.696386397,-0.052547538,0.036708118,0.512883085,0.937234829,0.070867323,0.422365325
147,14.700000,0.696386397,-0.052542870,0.036590579,0.512889160,0.937235004,0.070840988,0.422365434
148,14.800000,0.696386397,-0.052538202,0.036473041,0.512895235,0.937235179,0.070814652,0.422365543
149,14.900000,0.696386397,-0.052533534,0.036355503,0.512901311,0.937235354,0.070788316,0.422365651
150,15.000000,0.696386397,-0.052528866,0.036237965,0.512907386,0.937235530,0.070761981,0.422365760
151,15.100000,0.696386397,-0.052524198,0.036120427,0.512913461,0.937235705,0.070735645,0.422365869
152,15.200000,0.696386397,-0.052519530,0.036002888,0.512919537,0.937235880,0.070709309,0.422365977
153,15.300000,0.696386397,-0.052514862,0.035885350,0.512925612,0.937236055,0.070682974,0.422366086
154,15.400000,0.696386397,-0.052510194,0.035767812,0.512931687,0.937236231,0.070656638,0.422366195
155,15.500000,0.696386397,-0.052505526,0.035650274,0.512937763,0.937236406,0.070630303,0.422366304
156,15.600000,0.696386397,-0.052500858,0.035532736,0.512943838,0.937236581,0.070603967,0.422366412
157,15.700000,0.696386397,-0.052496190,0.035415197,0.512949913,0.937236756,0.070577631,0.422366521
158,15.800000,0.696386397,-0.052491522,0.035297659,0.512955988,0.937236932,0.070551296,0.422366630
159,15.900000,0.696386397,-0.052486854,0.035180121,0.512962064,0.937237107,0.070524960,0.422366739
160,16.000000,0.696386397,-0.052482186,0.035062583,0.512968139,0.937237282,0.070498624,0.422366847
161,16.100000,0.696386397,-0.052477518,0.034945045,0.512974214,0.937237457,0.070472289,0.422366956
162,16.200000,0.696386397,-0.052472850,0.034827506,0.512980290,0.937237632,0.070445953,0.422367065
163,16.300000,0.696386397,-0.052468182,0.034709968,0.512986365,0.937237808,0.070419617,0.422367173
164,16.400000,0.696386397,-0.052463514,0.034592430,0.512992440,0.937237983,0.070393282,0.422367282
165,16.500000,0.696386397,-0.052458846,0.034474892,0.512998516,0.937238158,0.070366946,0.422367391
166,16.600000,0.696386397,-0.052454178,0.034357354,0.513004591,0.937238333,0.070340611,0.422367500
167,16.700000,0.696386397,-0.052449510,0.034239815,0.513010666,0.937238509,0.070314275,0.422367608
168,16.800000,0.696386397,-0.052444842,0.034122277,0.513016742,0.937238684,0.070287939,0.422367717
169,16.900000,0.696386397,-0.052440174,0.034004739,0.513022817,0.937238859,0.070261604,0.422367826
170,17.000000,0.696386397,-0.052427075,0.033893369,0.513045736,0.937238967,0.070245341,0.422367893
171,17.100000,0.696386397,-0.052407974,0.033786390,0.513080645,0.937239026,0.070236248,0.422367931
172,17.200000,0.696386397,-0.052388873,0.033679410,0.513115554,0.937239085,0.070227155,0.422367969
173,17.300000,0.696386397,-0.052369773,0.033572430,0.513150462,0.937239144,0.070218061,0.422368007
174,17.400000,0.696386397,-0.052350672,0.033465451,0.513185371,0.937239203,0.070208968,0.422368045
175,17.500000,0.696386397,-0.052331571,0.033358471,0.513220280,0.937239262,0.070199875,0.422368083
176,17.600000,0.696386397,-0.052312471,0.033251492,0.513255189,0.937239321,0.070190782,0.422368121
177,17.700000,0.696386397,-0.052293370,0.033144512,0.513290097,0.937239380,0.070181689,0.422368159
178,17.800000,0.696386397,-0.052274270,0.033037533,0.513325006,0.937239439,0.070172595,0.422368197
179,17.900000,0.696386397,-0.052255169,0.032930553,0.513359915,0.937239499,0.070163502,0.422368235
180,18.000000,0.696386397,-0.052236068,0.032823574,0.513394824,0.937239558,0.070154409,0.422368273
181,18.100000,0.696386397,-0.052216968,0.032716594,0.513429732,0.937239617,0.070145316,0.422368311
182,18.200000,0.696386397,-0.052197867,0.032609615,0.513464641,0.937239676,0.070136223,0.422368349
183,18.300000,0.696386397,-0.052178766,0.032502635,0.513499550,0.937239735,0.070127129,0.422368387
184,18.400000,0.696386397,-0.052159666,0.032395655,0.513534459,0.937239794,0.070118036,0.422368425
185,18.500000,0.696386397,-0.052140565,0.032288676,0.513569367,0.937239853,0.070108943,0.422368463
186,18.600000,0.696386397,-0.052121464,0.032181696,0.513604276,0.937239912,0.070099850,0.422368501
187,18.700000,0.696386397,-0.052102364,0.032074717,0.513639185,0.937239971,0.070090757,0.422368539
188,18.800000,0.696386397,-0.052083263,0.031967737,0.513674093,0.937240030,0.070081663,0.422368577
189,18.900000,0.696386397,-0.052064163,0.031860758,0.513709002,0.937240090,0.070072570,0.422368615
190,19.000000,0.696386397,-0.052045062,0.031753778,0.513743911,0.937240149,0.070063477,0.422368653
191,19.100000,0.696386397,-0.052025961,0.031646799,0.513778820,0.937240208,0.070054384,0.422368691
192,19.200000,0.696386397,-0.052006861,0.031539819,0.513813728,0.937240267,0.070045291,0.422368729
193,19.300000,0.696386397,-0.051987760,0.031432840,0.513848637,0.937240326,0.070036198,0.422368767
194,19.400000,0.696386397,-0.051968659,0.031325860,0.513883546,0.937240385,0.070027104,0.422368805
195,19.500000,0.696386397,-0.051949559,0.031218881,0.513918455,0.937240444,0.070018011,0.422368843
196,19.600000,0.696386397,-0.051930458,0.031111901,0.513953363,0.937240503,0.070008918,0.422368881
197,19.700000,0.696386397,-0.051911357,0.031004921,0.513988272,0.937240562,0.069999825,0.422368919
198,19.800000,0.696386397,-0.051887354,0.030901227,0.514042584,0.937240610,0.069996881,0.422370975
199,19.900000,0.696386397,-0.051854172,0.030803683,0.514133213,0.937240635,0.070005447,0.422376806
200,20.000000,0.696386397,-0.051820990,0.030706138,0.514223842,0.937240660,0.070014014,0.422382638
201,20.100000,0.696386397,-0.051787809,0.030608594,0.514314472,0.937240686,0.070022580,0.422388469
202,20.200000,0.696386397,-0.051754627,0.030511049,0.514405101,0.937240711,0.070031147,0.422394301
203,20.300000,0.696386397,-0.051721446,0.030413505,0.514495730,0.937240736,0.070039713,0.422400132
204,20.400000,0.696386397,-0.051688264,0.030315960,0.514586360,0.937240762,0.070048280,0.422405964
205,20.500000,0.696386397,-0.051655083,0.030218415,0.514676989,0.937240787,0.070056846,0.422411795
206,20.600000,0.696386397,-0.051621901,0.030120871,0.514767618,0.937240812,0.070065413,0.422417627
207,20.700000,0.696386397,-0.051588719,0.030023326,0.514858248,0.937240838,0.070073979,0.422423458
208,20.800000,0.696386397,-0.051555538,0.029925782,0.514948877,0.937240863,0.070082546,0.422429290
209,20.900000,0.696386397,-0.051522356,0.029828237,0.515039506,0.937240888,0.070091112,0.422435121
210,21.000000,0.696386397,-0.051489175,0.029730693,0.515130136,0.937240914,0.070099679,0.422440953
211,21.100000,0.696386397,-0.051455993,0.029633148,0.515220765,0.937240939,0.070108245,0.422446784
212,21.200000,0.696386397,-0.051422812,0.029535604,0.515311394,0.937240964,0.070116812,0.422452616
213,21.300000,0.696386397,-0.051389630,0.029438059,0.515402024,0.937240990,0.070125378,0.422458447
214,21.400000,0.696386397,-0.051356448,0.029340514,0.515492653,0.937241015,0.070133945,0.422464279
215,21.500000,0.696386397,-0.051323267,0.029242970,0.515583282,0.937241040,0.070142511,0.422470110
216,21.600000,0.696386397,-0.051290085,0.029145425,0.515673912,0.937241066,0.070151078,0.422475942
217,21.700000,0.696386397,-0.051256904,0.029047881,0.515764541,0.937241091,0.070159644,0.422481773
218,21.800000,0.696386397,-0.051223722,0.028950336,0.515855170,0.937241116,0.070168211,0.422487605
219,21.900000,0.696386397,-0.051190540,0.028852792,0.515945800,0.937241142,0.070176777,0.422493436
220,22.000000,0.696386397,-0.051157359,0.028755247,0.516036429,0.937241167,0.070185344,0.422499268
221,22.100000,0.696386397,-0.051124177,0.028657703,0.516127058,0.937241192,0.070193910,0.422505099
222,22.200000,0.696386397,-0.051090996,0.028560158,0.516217688,0.937241218,0.070202477,0.422510931
223,22.300000,0.696386397,-0.051057814,0.028462613,0.516308317,0.937241243,0.070211043,0.422516762
224,22.400000,0.696386397,-0.051024633,0.028365069,0.516398946,0.937241268,0.070219610,0.422522594
225,22.500000,0.696386397,-0.050991451,0.028267524,0.516489576,0.937241294,0.070228176,0.422528425
226,22.600000,0.696386397,-0.050951462,0.028166629,0.516575603,0.937241317,0.070248050,0.422537287
227,22.700000,0.696386397,-0.050857631,0.028039228,0.516625231,0.937241328,0.070357354,0.422570119
228,22.800000,0.696386397,-0.050763800,0.027911827,0.516674859,0.937241338,0.070466658,0.422602950
229,22.900000,0.696386397,-0.050669970,0.027784426,0.516724488,0.937241349,0.070575962,0.422635782
230,23.000000,0.696386397,-0.050576139,0.027657025,0.516774116,0.937241359,0.070685265,0.422668614
231,23.100000,0.696386397,-0.050482308,0.027529624,0.516823745,0.937241370,0.070794569,0.422701445
232,23.200000,0.696386397,-0.050388477,0.027402223,0.516873373,0.937241381,0.070903873,0.422734277
233,23.300000,0.696386397,-0.050294647,0.027274822,0.516923001,0.937241391,0.071013177,0.422767108
234,23.400000,0.696386397,-0.050200816,0.027147421,0.516972630,0.937241402,0.071122481,0.422799940
235,23.500000,0.696386397,-0.050106985,0.027020020,0.517022258,0.937241412,0.071231784,0.422832771
236,23.600000,0.696386397,-0.050013155,0.026892619,0.517071886,0.937241423,0.071341088,0.422865603
237,23.700000,0.696386397,-0.049919324,0.026765219,0.517121515,0.937241433,0.071450392,0.422898434
238,23.800000,0.696386397,-0.049825493,0.026637818,0.517171143,0.937241444,0.071559696,0.422931266
239,23.900000,0.696386397,-0.049731662,0.026510417,0.517220771,0.937241454,0.071669000,0.422964098
240,24.000000,0.696386397,-0.049637832,0.026383016,0.517270400,0.937241465,0.071778303,0.422996929
241,24.100000,0.696386397,-0.049544001,0.026255615,0.517320028,0.937241475,0.071887607,0.423029761
242,24.200000,0.696386397,-0.049450170,0.026128214,0.517369657,0.937241486,0.071996911,0.423062592
243,24.300000,0.696386397,-0.049356340,0.026000813,0.517419285,0.937241497,0.072106215,0.423095424
244,24.400000,0.696386397,-0.049262509,0.025873412,0.517468913,0.937241507,0.072215519,0.423128255
245,24.500000,0.696386397,-0.049168678,0.025746011,0.517518542,0.937241518,0.072324823,0.423161087
246,24.600000,0.696386397,-0.049074848,0.025618610,0.517568170,0.937241528,0.072434126,0.423193919
247,24.700000,0.696386397,-0.048981017,0.025491210,0.517617798,0.937241539,0.072543430,0.423226750
248,24.800000,0.696386397,-0.048887186,0.025363809,0.517667427,0.937241549,0.072652734,0.423259582
249,24.900000,0.696386397,-0.048793355,0.025236408,0.517717055,0.937241560,0.072762038,0.423292413
250,25.000000,0.696386397,-0.048699525,0.025109007,0.517766683,0.937241570,0.072871342,0.423325245
251,25.100000,0.696386397,-0.048605694,0.024981606,0.517816312,0.937241581,0.072980645,0.423358076
252,25.200000,0.696386397,-0.048511863,0.024854205,0.517865940,0.937241592,0.073089949,0.423390908
253,25.300000,0.696386397,-0.048418033,0.024726804,0.517915569,0.937241602,0.073199253,0.423423739
254,25.400000,0.696386397,-0.048324202,0.024599403,0.517965197,0.937241613,0.073308557,0.423456571
255,25.500000,0.696386397,-0.048171045,0.024296203,0.518010519,0.937241618,0.073385757,0.423466876
256,25.600000,0.696386397,-0.048009511,0.023968182,0.518055233,0.937241622,0.073458424,0.423474000
257,25.700000,0.696386397,-0.047847978,0.023640162,0.518099947,0.937241626,0.073531091,0.423481125
258,25.800000,0.696386397,-0.047686444,0.023312141,0.518144661,0.937241630,0.073603758,0.423488249
259,25.900000,0.696386397,-0.047524911,0.022984120,0.518189375,0.937241635,0.073676425,0.423495374
260,26.000000,0.696386397,-0.047363377,0.022656099,0.518234089,0.937241639,0.073749092,0.423502498
261,26.100000,0.696386397,-0.047201844,0.022328079,0.518278803,0.937241643,0.073821759,0.423509623
262,26.200000,0.696386397,-0.047040310,0.022000058,0.518323517,0.937241647,0.073894426,0.423516747
263,26.300000,0.696386397,-0.046878777,0.021672037,0.518368232,0.937241651,0.073967093,0.423523871
264,26.400000,0.696386397,-0.046717243,0.021344016,0.518412946,0.937241656,0.074039760,0.423530996
265,26.500000,0.696386397,-0.046555710,0.021015995,0.518457660,0.937241660,0.074112427,0.423538120
266,26.600000,0.696386397,-0.046394176,0.020687975,0.518502374,0.937241664,0.074185093,0.423545245
267,26.700000,0.696386397,-0.046232643,0.020359954,0.518547088,0.937241668,0.074257760,0.423552369
268,26.800000,0.696386397,-0.046071109,0.020031933,0.518591802,0.937241672,0.074330427,0.423559493
269,26.900000,0.696386397,-0.045909576,0.019703912,0.518636516,0.937241677,0.074403094,0.423566618
270,27.000000,0.696386397,-0.045748042,0.019375891,0.518681230,0.937241681,0.074475761,0.423573742
271,27.100000,0.696386397,-0.045586509,0.019047871,0.518725944,0.937241685,0.074548428,0.423580867
272,27.200000,0.696386397,-0.045424975,0.018719850,0.518770658,0.937241689,0.074621095,0.423587991
273,27.300000,0.696386397,-0.045263442,0.018391829,0.518815372,0.937241694,0.074693762,0.423595116
274,27.400000,0.696386397,-0.045101908,0.018063808,0.518860086,0.937241698,0.074766429,0.423602240
275,27.500000,0.696386397,-0.044940375,0.017735787,0.518904800,0.937241702,0.074839096,0.423609364
276,27.600000,0.696386397,-0.044778841,0.017407767,0.518949514,0.937241706,0.074911763,0.423616489
277,27.700000,0.696386397,-0.044617308,0.017079746,0.518994228,0.937241710,0.074984430,0.423623613
278,27.800000,0.696386397,-0.044455774,0.016751725,0.519038943,0.937241715,0.075057097,0.423630738
279,27.900000,0.696386397,-0.044294241,0.016423704,0.519083657,0.937241719,0.075129764,0.423637862
280,28.000000,0.696386397,-0.044132707,0.016095683,0.519128371,0.937241723,0.075202431,0.423644987
281,28.100000,0.696386397,-0.043971173,0.015767663,0.519173085,0.937241727,0.075275098,0.423652111
282,28.200000,0.696386397,-0.043809640,0.015439642,0.519217799,0.937241731,0.075347765,0.423659235
283,28.300000,0.696386397,-0.043547216,0.015140759,0.519234317,0.937241734,0.075408966,0.423663807
284,28.400000,0.696386397,-0.043228117,0.014858245,0.519234997,0.937241736,0.075463725,0.423666943
285,28.500000,0.696386397,-0.042909019,0.014575732,0.519235677,0.937241739,0.075518484,0.423670080
286,28.600000,0.696386397,-0.042589920,0.014293218,0.519236356,0.937241741,0.075573243,0.423673217
287,28.700000,0.696386397,-0.042270822,0.014010704,0.519237036,0.937241743,0.075628002,0.423676354
288,28.800000,0.696386397,-0.041951723,0.013728190,0.519237716,0.937241745,0.075682761,0.423679491
289,28.900000,0.696386397,-0.041632624,0.013445676,0.519238396,0.937241747,0.075737520,0.423682628
290,29.000000,0.696386397,-0.041313526,0.013163162,0.519239075,0.937241749,0.075792279,0.423685765
291,29.100000,0.696386397,-0.040994427,0.012880648,0.519239755,0.937241751,0.075847038,0.423688902
292,29.200000,0.696386397,-0.040675329,0.012598134,0.519240435,0.937241753,0.075901797,0.423692039
293,29.300000,0.696386397,-0.040356230,0.012315620,0.519241115,0.937241756,0.075956556,0.423695175
294,29.400000,0.696386397,-0.040037131,0.012033106,0.519241794,0.937241758,0.076011315,0.423698312
295,29.500000,0.696386397,-0.039718033,0.011750592,0.519242474,0.937241760,0.076066074,0.423701449
296,29.600000,0.696386397,-0.039398934,0.011468078,0.519243154,0.937241762,0.076120833,0.423704586
297,29.700000,0.696386397,-0.039079836,0.011185564,0.519243834,0.937241764,0.076175592,0.423707723
298,29.800000,0.696386397,-0.038760737,0.010903050,0.519244513,0.937241766,0.076230351,0.423710860
299,29.900000,0.696386397,-0.038441638,0.010620536,0.519245193,0.937241768,0.076285110,0.423713997
300,30.000000,0.696386397,-0.038122540,0.010338022,0.519245873,0.937241770,0.076339869,0.423717134
301,30.100000,0.696386397,-0.037803441,0.010055508,0.519246552,0.937241773,0.076394628,0.423720271
302,30.200000,0.696386397,-0.037484343,0.009772994,0.519247232,0.937241775,0.076449387,0.423723407
303,30.300000,0.696386397,-0.037165244,0.009490480,0.519247912,0.937241777,0.076504146,0.423726544
304,30.400000,0.696386397,-0.036846146,0.009207966,0.519248592,0.937241779,0.076558905,0.423729681
305,30.500000,0.696386397,-0.036527047,0.008925452,0.519249271,0.937241781,0.076613664,0.423732818
306,30.600000,0.696386397,-0.036207948,0.008642938,0.519249951,0.937241783,0.076668423,0.423735955
307,30.700000,0.696386397,-0.035888850,0.008360424,0.519250631,0.937241785,0.076723182,0.423739092
308,30.800000,0.696386397,-0.035569751,0.008077910,0.519251311,0.937241787,0.076777941,0.423742229
309,30.900000,0.696386397,-0.035250653,0.007795396,0.519251990,0.937241790,0.076832700,0.423745366
310,31.000000,0.696386397,-0.034931554,0.007512882,0.519252670,0.937241792,0.076887459,0.423748502
311,31.100000,0.696389022,-0.034635431,0.007296731,0.519245584,0.937255262,0.077056380,0.423752087
312,31.200000,0.696395513,-0.034373155,0.007178342,0.519227059,0.937288573,0.077393478,0.423756333
313,31.300000,0.696402004,-0.034110879,0.007059953,0.519208533,0.937321883,0.077730575,0.423760578
314,31.400000,0.696408495,-0.033848603,0.006941564,0.519190007,0.937355194,0.078067673,0.423764823
315,31.500000,0.696414986,-0.033586327,0.006823175,0.519171482,0.937388505,0.078404771,0.423769068
316,31.600000,0.696421477,-0.033324050,0.006704786,0.519152956,0.937421816,0.078741869,0.423773313
317,31.700000,0.696427969,-0.033061774,0.006586397,0.519134430,0.937455126,0.079078967,0.423777558
318,31.800000,0.696434460,-0.032799498,0.006468008,0.519115905,0.937488437,0.079416065,0.423781803
319,31.900000,0.696440951,-0.032537222,0.006349619,0.519097379,0.937521748,0.079753163,0.423786048
320,32.000000,0.696447442,-0.032274946,0.006231230,0.519078853,0.937555059,0.080090261,0.423790294
321,32.100000,0.696453933,-0.032012670,0.006112841,0.519060328,0.937588369,0.080427359,0.423794539
322,32.200000,0.696460424,-0.031750394,0.005994452,0.519041802,0.937621680,0.080764457,0.423798784
323,32.300000,0.696466915,-0.031488118,0.005876063,0.519023276,0.937654991,0.081101555,0.423803029
324,32.400000,0.696473407,-0.031225842,0.005757674,0.519004751,0.937688302,0.081438653,0.423807274
325,32.500000,0.696479898,-0.030963566,0.005639286,0.518986225,0.937721612,0.081775751,0.423811519
326,32.600000,0.696486389,-0.030701289,0.005520897,0.518967699,0.937754923,0.082112849,0.423815764
327,32.700000,0.696492880,-0.030439013,0.005402508,0.518949174,0.937788234,0.082449947,0.423820009
328,32.800000,0.696499371,-0.030176737,0.005284119,0.518930648,0.937821544,0.082787045,0.423824254
329,32.900000,0.696505862,-0.029914461,0.005165730,0.518912122,0.937854855,0.083124143,0.423828500
330,33.000000,0.696512354,-0.029652185,0.005047341,0.518893597,0.937888166,0.083461241,0.423832745
331,33.100000,0.696518845,-0.029389909,0.004928952,0.518875071,0.937921477,0.083798339,0.423836990
332,33.200000,0.696525336,-0.029127633,0.004810563,0.518856545,0.937954787,0.084135437,0.423841235
333,33.300000,0.696531827,-0.028865357,0.004692174,0.518838020,0.937988098,0.084472535,0.423845480
334,33.400000,0.696538318,-0.028603081,0.004573785,0.518819494,0.938021409,0.084809633,0.423849725
335,33.500000,0.696544809,-0.028340804,0.004455396,0.518800968,0.938054720,0.085146731,0.423853970
336,33.600000,0.696551300,-0.028078528,0.004337007,0.518782443,0.938088030,0.085483829,0.423858215
337,33.700000,0.696557792,-0.027816252,0.004218618,0.518763917,0.938121341,0.085820927,0.423862461
338,33.800000,0.696564283,-0.027553976,0.004100230,0.518745391,0.938154652,0.086158025,0.423866706
339,33.900000,0.696574651,-0.027294828,0.003993781,0.518728700,0.938185174,0.086521917,0.423871093
340,34.000000,0.696604171,-0.027051128,0.003946312,0.518721067,0.938201925,0.087018149,0.423876184
341,34.100000,0.696633690,-0.026807428,0.003898842,0.518713433,0.938218675,0.087514381,0.423881274
342,34.200000,0.696663210,-0.026563728,0.003851372,0.518705800,0.938235425,0.088010613,0.423886365
343,34.300000,0.696692729,-0.026320028,0.003803902,0.518698167,0.938252176,0.088506846,0.423891455
344,34.400000,0.696722249,-0.026076329,0.003756432,0.518690534,0.938268926,0.089003078,0.423896546
345,34.500000,0.696751768,-0.025832629,0.003708963,0.518682901,0.938285677,0.089499310,0.423901636
346,34.600000,0.696781288,-0.025588929,0.003661493,0.518675267,0.938302427,0.089995542,0.423906727
347,34.700000,0.696810807,-0.025345229,0.003614023,0.518667634,0.938319177,0.090491775,0.423911817
348,34.800000,0.696840327,-0.025101529,0.003566553,0.518660001,0.938335928,0.090988007,0.423916908
349,34.900000,0.696869846,-0.024857829,0.003519083,0.518652368,0.938352678,0.091484239,0.423921998
350,35.000000,0.696899366,-0.024614130,0.003471614,0.518644735,0.938369428,0.091980472,0.423927089
351,35.100000,0.696928885,-0.024370430,0.003424144,0.518637101,0.938386179,0.092476704,0.423932179
352,35.200000,0.696958405,-0.024126730,0.003376674,0.518629468,0.938402929,0.092972936,0.423937270
353,35.300000,0.696987924,-0.023883030,0.003329204,0.518621835,0.938419680,0.093469168,0.423942360
354,35.400000,0.697017444,-0.023639330,0.003281734,0.518614202,0.938436430,0.093965401,0.423947451
355,35.500000,0.697046963,-0.023395630,0.003234265,0.518606568,0.938453180,0.094461633,0.423952542
356,35.600000,0.697076483,-0.023151931,0.003186795,0.518598935,0.938469931,0.094957865,0.423957632
357,35.700000,0.697106002,-0.022908231,0.003139325,0.518591302,0.938486681,0.095454097,0.423962723
358,35.800000,0.697135522,-0.022664531,0.003091855,0.518583669,0.938503431,0.095950330,0.423967813
359,35.900000,0.697165041,-0.022420831,0.003044385,0.518576036,0.938520182,0.096446562,0.423972904
360,36.000000,0.697194561,-0.022177131,0.002996915,0.518568402,0.938536932,0.096942794,0.423977994
361,36.100000,0.697224081,-0.021933431,0.002949446,0.518560769,0.938553682,0.097439027,0.423983085
362,36.200000,0.697253600,-0.021689732,0.002901976,0.518553136,0.938570433,0.097935259,0.423988175
363,36.300000,0.697283120,-0.021446032,0.002854506,0.518545503,0.938587183,0.098431491,0.423993266
364,36.400000,0.697312639,-0.021202332,0.002807036,0.518537870,0.938603934,0.098927723,0.423998356
365,36.500000,0.697342159,-0.020958632,0.002759566,0.518530236,0.938620684,0.099423956,0.424003447
366,36.600000,0.697371678,-0.020714932,0.002712097,0.518522603,0.938637434,0.099920188,0.424008537
367,36.700000,0.697401198,-0.020471232,0.002664627,0.518514970,0.938654185,0.100416420,0.424013628
368,36.800000,0.697445217,-0.020210525,0.002643573,0.518511521,0.938692781,0.100817311,0.424015926
369,36.900000,0.697490288,-0.019948584,0.002624435,0.518508376,0.938732961,0.101211290,0.424018021
370,37.000000,0.697535359,-0.019686643,0.002605296,0.518505231,0.938773140,0.101605269,0.424020116
371,37.100000,0.697580430,-0.019424703,0.002586158,0.518502085,0.938813320,0.101999247,0.424022211
372,37.200000,0.697625500,-0.019162762,0.002567019,0.518498940,0.938853500,0.102393226,0.424024306
373,37.300000,0.697670571,-0.018900821,0.002547881,0.518495795,0.938893680,0.102787205,0.424026401
374,37.400000,0.697715642,-0.018638881,0.002528742,0.518492649,0.938933859,0.103181184,0.424028496
375,37.500000,0.697760713,-0.018376940,0.002509604,0.518489504,0.938974039,0.103575163,0.424030591
376,37.600000,0.697805784,-0.018114999,0.002490465,0.518486359,0.939014219,0.103969141,0.424032687
377,37.700000,0.697850854,-0.017853059,0.002471327,0.518483213,0.939054399,0.104363120,0.424034782
378,37.800000,0.697895925,-0.017591118,0.002452188,0.518480068,0.939094579,0.104757099,0.424036877
379,37.900000,0.697940996,-0.017329177,0.002433050,0.518476923,0.939134758,0.105151078,0.424038972
380,38.000000,0.697986067,-0.017067237,0.002413911,0.518473778,0.939174938,0.105545057,0.424041067
381,38.100000,0.698031138,-0.016805296,0.002394773,0.518470632,0.939215118,0.105939035,0.424043162
382,38.200000,0.698076209,-0.016543355,0.002375634,0.518467487,0.939255298,0.106333014,0.424045257
383,38.300000,0.698121279,-0.016281414,0.002356496,0.518464342,0.939295477,0.106726993,0.424047352
384,38.400000,0.698166350,-0.016019474,0.002337357,0.518461196,0.939335657,0.107120972,0.424049448
385,38.500000,0.698211421,-0.015757533,0.002318219,0.518458051,0.939375837,0.107514950,0.424051543
386,38.600000,0.698256492,-0.015495592,0.002299080,0.518454906,0.939416017,0.107908929,0.424053638
387,38.700000,0.698301563,-0.015233652,0.002279942,0.518451760,0.939456197,0.108302908,0.424055733
388,38.800000,0.698346633,-0.014971711,0.002260803,0.518448615,0.939496376,0.108696887,0.424057828
389,38.900000,0.698391704,-0.014709770,0.002241665,0.518445470,0.939536556,0.109090866,0.424059923
390,39.000000,0.698436775,-0.014447830,0.002222526,0.518442324,0.939576736,0.109484844,0.424062018
391,39.100000,0.698481846,-0.014185889,0.002203388,0.518439179,0.939616916,0.109878823,0.424064113
392,39.200000,0.698526917,-0.013923948,0.002184249,0.518436034,0.939657095,0.110272802,0.424066209
393,39.300000,0.698571987,-0.013662008,0.002165111,0.518432888,0.939697275,0.110666781,0.424068304
394,39.400000,0.698617058,-0.013400067,0.002145972,0.518429743,0.939737455,0.111060760,0.424070399
395,39.500000,0.698662129,-0.013138126,0.002126834,0.518426598,0.939777635,0.111454738,0.424072494
396,39.600000,0.698693307,-0.012867924,0.002115540,0.518424730,0.939803559,0.111826133,0.424073739
397,39.700000,0.698718429,-0.012594120,0.002107665,0.518423419,0.939823269,0.112187684,0.424074613
398,39.800000,0.698743552,-0.012320316,0.002099790,0.518422108,0.939842978,0.112549234,0.424075486
399,39.900000,0.698768674,-0.012046512,0.002091915,0.518420797,0.939862688,0.112910785,0.424076360
400,40.000000,0.698793797,-0.011772708,0.002084040,0.518419487,0.939882398,0.113272336,0.424077234
401,40.100000,0.698818919,-0.011498905,0.002076165,0.518418176,0.939902108,0.113633886,0.424078108
402,40.200000,0.698844041,-0.011225101,0.002068290,0.518416865,0.939921818,0.113995437,0.424078982
403,40.300000,0.698869164,-0.010951297,0.002060415,0.518415554,0.939941528,0.114356988,0.424079856
404,40.400000,0.698894286,-0.010677493,0.002052540,0.518414243,0.939961238,0.114718538,0.424080730
405,40.500000,0.698919409,-0.010403689,0.002044665,0.518412932,0.939980948,0.115080089,0.424081604
406,40.600000,0.698944531,-0.010129886,0.002036790,0.518411621,0.940000658,0.115441640,0.424082478
407,40.700000,0.698969653,-0.009856082,0.002028916,0.518410310,0.940020367,0.115803190,0.424083352
408,40.800000,0.698994776,-0.009582278,0.002021041,0.518408999,0.940040077,0.116164741,0.424084226
409,40.900000,0.699019898,-0.009308474,0.002013166,0.518407689,0.940059787,0.116526292,0.424085100
410,41.000000,0.699045021,-0.009034670,0.002005291,0.518406378,0.940079497,0.116887842,0.424085974
411,41.100000,0.699070143,-0.008760867,0.001997416,0.518405067,0.940099207,0.117249393,0.424086847
412,41.200000,0.699095265,-0.008487063,0.001989541,0.518403756,0.940118917,0.117610944,0.424087721
413,41.300000,0.699120388,-0.008213259,0.001981666,0.518402445,0.940138627,0.117972494,0.424088595
414,41.400000,0.699145510,-0.007939455,0.001973791,0.518401134,0.940158337,0.118334045,0.424089469
415,41.500000,0.699170632,-0.007665651,0.001965916,0.518399823,0.940178047,0.118695596,0.424090343
416,41.600000,0.699195755,-0.007391847,0.001958041,0.518398512,0.940197757,0.119057146,0.424091217
417,41.700000,0.699220877,-0.007118044,0.001950166,0.518397202,0.940217466,0.119418697,0.424092091
418,41.800000,0.699246000,-0.006844240,0.001942291,0.518395891,0.940237176,0.119780247,0.424092965
419,41.900000,0.699271122,-0.006570436,0.001934416,0.518394580,0.940256886,0.120141798,0.424093839
420,42.000000,0.699296244,-0.006296632,0.001926542,0.518393269,0.940276596,0.120503349,0.424094713
421,42.100000,0.699321367,-0.006022828,0.001918667,0.518391958,0.940296306,0.120864899,0.424095587
422,42.200000,0.699346489,-0.005749025,0.001910792,0.518390647,0.940316016,0.121226450,0.424096461
423,42.300000,0.699371612,-0.005475221,0.001902917,0.518389336,0.940335726,0.121588001,0.424097334
424,42.400000,0.699389869,-0.005167036,0.001885127,0.518388382,0.940352723,0.121905212,0.424097970
425,42.500000,0.699400081,-0.004818567,0.001855720,0.518387846,0.940366541,0.122170470,0.424098326
426,42.600000,0.699410294,-0.004470097,0.001826313,0.518387310,0.940380359,0.122435727,0.424098681
427,42.700000,0.699420507,-0.004121628,0.001796906,0.518386774,0.940394178,0.122700985,0.424099037
428,42.800000,0.699430720,-0.003773158,0.001767499,0.518386237,0.940407996,0.122966243,0.424099393
429,42.900000,0.699440932,-0.003424689,0.001738092,0.518385701,0.940421814,0.123231500,0.424099748
430,43.000000,0.699451145,-0.003076219,0.001708684,0.518385165,0.940435632,0.123496758,0.424100104
431,43.100000,0.699461358,-0.002727750,0.001679277,0.518384629,0.940449451,0.123762016,0.424100460
432,43.200000,0.699471571,-0.002379280,0.001649870,0.518384093,0.940463269,0.124027273,0.424100816
433,43.300000,0.699481783,-0.002030811,0.001620463,0.518383556,0.940477087,0.124292531,0.424101171
434,43.400000,0.699491996,-0.001682341,0.001591056,0.518383020,0.940490905,0.124557789,0.424101527
435,43.500000,0.699502209,-0.001333872,0.001561649,0.518382484,0.940504724,0.124823046,0.424101883
436,43.600000,0.699512422,-0.000985402,0.001532242,0.518381948,0.940518542,0.125088304,0.424102238
437,43.700000,0.699522634,-0.000636933,0.001502835,0.518381412,0.940532360,0.125353562,0.424102594
438,43.800000,0.699532847,-0.000288464,0.001473428,0.518380875,0.940546178,0.125618820,0.424102950
439,43.900000,0.699543060,0.000060006,0.001444021,0.518380339,0.940559997,0.125884077,0.424103306
440,44.000000,0.699553273,0.000408475,0.001414613,0.518379803,0.940573815,0.126149335,0.424103661
441,44.100000,0.699563485,0.000756945,0.001385206,0.518379267,0.940587633,0.126414593,0.424104017
442,44.200000,0.699573698,0.001105414,0.001355799,0.518378731,0.940601452,0.126679850,0.424104373
443,44.300000,0.699583911,0.001453884,0.001326392,0.518378194,0.940615270,0.126945108,0.424104728
444,44.400000,0.699594124,0.001802353,0.001296985,0.518377658,0.940629088,0.127210366,0.424105084
445,44.500000,0.699604336,0.002150823,0.001267578,0.518377122,0.940642906,0.127475623,0.424105440
446,44.600000,0.699614549,0.002499292,0.001238171,0.518376586,0.940656725,0.127740881,0.424105796
447,44.700000,0.699624762,0.002847762,0.001208764,0.518376050,0.940670543,0.128006139,0.424106151
448,44.800000,0.699634975,0.003196231,0.001179357,0.518375513,0.940684361,0.128271397,0.424106507
449,44.900000,0.699645187,0.003544701,0.001149950,0.518374977,0.940698179,0.128536654,0.424106863
450,45.000000,0.699655400,0.003893170,0.001120542,0.518374441,0.940711998,0.128801912,0.424107218
451,45.100000,0.699665613,0.004241640,0.001091135,0.518373905,0.940725816,0.129067170,0.424107574
452,45.200000,0.699684434,0.004616590,0.001063336,0.518373439,0.940739134,0.129320817,0.424107883
453,45.300000,0.699732990,0.005083018,0.001041090,0.518373218,0.940750723,0.129534358,0.424108032
454,45.400000,0.699781546,0.005549447,0.001018844,0.518372996,0.940762312,0.129747899,0.424108181
455,45.500000,0.699830102,0.006015875,0.000996598,0.518372774,0.940773901,0.129961440,0.424108330
456,45.600000,0.699878658,0.006482303,0.000974352,0.518372553,0.940785490,0.130174980,0.424108479
457,45.700000,0.699927214,0.006948731,0.000952106,0.518372331,0.940797079,0.130388521,0.424108627
458,45.800000,0.699975770,0.007415159,0.000929860,0.518372109,0.940808668,0.130602062,0.424108776
459,45.900000,0.700024326,0.007881587,0.000907614,0.518371888,0.940820258,0.130815603,0.424108925
460,46.000000,0.700072882,0.008348015,0.000885368,0.518371666,0.940831847,0.131029144,0.424109074
461,46.100000,0.700121438,0.008814444,0.000863122,0.518371445,0.940843436,0.131242684,0.424109223
462,46.200000,0.700169994,0.009280872,0.000840876,0.518371223,0.940855025,0.131456225,0.424109372
463,46.300000,0.700218550,0.009747300,0.000818630,0.518371001,0.940866614,0.131669766,0.424109520
464,46.400000,0.700267106,0.010213728,0.000796384,0.518370780,0.940878203,0.131883307,0.424109669
465,46.500000,0.700315662,0.010680156,0.000774138,0.518370558,0.940889792,0.132096848,0.424109818
466,46.600000,0.700364218,0.011146584,0.000751892,0.518370336,0.940901381,0.132310389,0.424109967
467,46.700000,0.700412774,0.011613013,0.000729646,0.518370115,0.940912970,0.132523929,0.424110116
468,46.800000,0.700461330,0.012079441,0.000707399,0.518369893,0.940924560,0.132737470,0.424110264
469,46.900000,0.700509886,0.012545869,0.000685153,0.518369671,0.940936149,0.132951011,0.424110413
470,47.000000,0.700558442,0.013012297,0.000662907,0.518369450,0.940947738,0.133164552,0.424110562
471,47.100000,0.700606998,0.013478725,0.000640661,0.518369228,0.940959327,0.133378093,0.424110711
472,47.200000,0.700655554,0.013945153,0.000618415,0.518369007,0.940970916,0.133591633,0.424110860
473,47.300000,0.700704110,0.014411582,0.000596169,0.518368785,0.940982505,0.133805174,0.424111009
474,47.400000,0.700752666,0.014878010,0.000573923,0.518368563,0.940994094,0.134018715,0.424111157
475,47.500000,0.700801222,0.015344438,0.000551677,0.518368342,0.941005683,0.134232256,0.424111306
476,47.600000,0.700849778,0.015810866,0.000529431,0.518368120,0.941017273,0.134445797,0.424111455
477,47.700000,0.700898334,0.016277294,0.000507185,0.518367898,0.941028862,0.134659338,0.424111604
478,47.800000,0.700946890,0.016743722,0.000484939,0.518367677,0.941040451,0.134872878,0.424111753
479,47.900000,0.700995446,0.017210150,0.000462693,0.518367455,0.941052040,0.135086419,0.424111901
480,48.000000,0.701044002,0.017676579,0.000440447,0.518367234,0.941063629,0.135299960,0.424112050
481,48.100000,0.701098816,0.018133761,0.000431138,0.518367139,0.941089550,0.135521807,0.424091192
482,48.200000,0.701153703,0.018590837,0.000421980,0.518367046,0.941115637,0.135743750,0.424070090
483,48.300000,0.701208590,0.019047912,0.000412821,0.518366953,0.941141724,0.135965694,0.424048988
484,48.400000,0.701263476,0.019504988,0.000403663,0.518366860,0.941167811,0.136187637,0.424027886
485,48.500000,0.701318363,0.019962063,0.000394504,0.518366768,0.941193898,0.136409581,0.424006784
486,48.600000,0.701373250,0.020419138,0.000385345,0.518366675,0.941219985,0.136631524,0.423985682
487,48.700000,0.701428137,0.020876214,0.000376187,0.518366582,0.941246072,0.136853467,0.423964579
488,48.800000,0.701483023,0.021333289,0.000367028,0.518366489,0.941272159,0.137075411,0.423943477
489,48.900000,0.701537910,0.021790365,0.000357870,0.518366396,0.941298246,0.137297354,0.423922375
490,49.000000,0.701592797,0.022247440,0.000348711,0.518366303,0.941324334,0.137519298,0.423901273
491,49.100000,0.701647684,0.022704515,0.000339552,0.518366210,0.941350421,0.137741241,0.423880171
492,49.200000,0.701702570,0.023161591,0.000330394,0.518366117,0.941376508,0.137963184,0.423859069
493,49.300000,0.701757457,0.023618666,0.000321235,0.518366024,0.941402595,0.138185128,0.423837967
494,49.400000,0.701812344,0.024075742,0.000312077,0.518365932,0.941428682,0.138407071,0.423816865
495,49.500000,0.701867231,0.024532817,0.000302918,0.518365839,0.941454769,0.138629015,0.423795763
496,49.600000,0.701922118,0.024989892,0.000293759,0.518365746,0.941480856,0.138850958,0.423774661
497,49.700000,0.701977004,0.025446968,0.000284601,0.518365653,0.941506943,0.139072901,0.423753559
498,49.800000,0.702031891,0.025904043,0.000275442,0.518365560,0.941533030,0.139294845,0.423732456
499,49.900000,0.702086778,0.026361119,0.000266284,0.518365467,0.941559117,0.139516788,0.423711354
500,50.000000,0.702141665,0.026818194,0.000257125,0.518365374,0.941585204,0.139738732,0.423690252
501,50.100000,0.702196551,0.027275269,0.000247966,0.518365281,0.941611291,0.139960675,0.423669150
502,50.200000,0.702251438,0.027732345,0.000238808,0.518365188,0.941637378,0.140182618,0.423648048
503,50.300000,0.702306325,0.028189420,0.000229649,0.518365095,0.941663466,0.140404562,0.423626946
504,50.400000,0.702361212,0.028646496,0.000220491,0.518365003,0.941689553,0.140626505,0.423605844
505,50.500000,0.702416098,0.029103571,0.000211332,0.518364910,0.941715640,0.140848449,0.423584742
506,50.600000,0.702470985,0.029560647,0.000202173,0.518364817,0.941741727,0.141070392,0.423563640
507,50.700000,0.702525872,0.030017722,0.000193015,0.518364724,0.941767814,0.141292335,0.423542538
508,50.800000,0.702580759,0.030474797,0.000183856,0.518364631,0.941793901,0.141514279,0.423521436
509,50.900000,0.702631874,0.030979102,0.000136193,0.518364578,0.941811730,0.141749664,0.423496970
510,51.000000,0.702681749,0.031498935,0.000075869,0.518364538,0.941826845,0.141989469,0.423471398
511,51.100000,0.702731625,0.032018769,0.000015546,0.518364498,0.941841959,0.142229273,0.423445826
512,51.200000,0.702781500,0.032538603,-0.000044778,0.518364458,0.941857074,0.142469078,0.423420253
513,51.300000,0.702831376,0.033058436,-0.000105102,0.518364417,0.941872188,0.142708883,0.423394681
514,51.400000,0.702881251,0.033578270,-0.000165425,0.518364377,0.941887302,0.142948687,0.423369109
515,51.500000,0.702931126,0.034098103,-0.000225749,0.518364337,0.941902417,0.143188492,0.423343537
516,51.600000,0.702981002,0.034617937,-0.000286073,0.518364297,0.941917531,0.143428297,0.423317965
517,51.700000,0.703030877,0.035137771,-0.000346396,0.518364257,0.941932645,0.143668102,0.423292393
518,51.800000,0.703080752,0.035657604,-0.000406720,0.518364217,0.941947760,0.143907906,0.423266821
519,51.900000,0.703130628,0.036177438,-0.000467044,0.518364177,0.941962874,0.144147711,0.423241249
520,52.000000,0.703180503,0.036697271,-0.000527367,0.518364137,0.941977989,0.144387516,0.423215677
521,52.100000,0.703230378,0.037217105,-0.000587691,0.518364097,0.941993103,0.144627320,0.423190105
522,52.200000,0.703280254,0.037736939,-0.000648015,0.518364057,0.942008217,0.144867125,0.423164533
523,52.300000,0.703330129,0.038256772,-0.000708338,0.518364017,0.942023332,0.145106930,0.423138961
524,52.400000,0.703380004,0.038776606,-0.000768662,0.518363976,0.942038446,0.145346734,0.423113389
525,52.500000,0.703429880,0.039296439,-0.000828986,0.518363936,0.942053560,0.145586539,0.423087817
526,52.600000,0.703479755,0.039816273,-0.000889309,0.518363896,0.942068675,0.145826344,0.423062245
527,52.700000,0.703529631,0.040336106,-0.000949633,0.518363856,0.942083789,0.146066148,0.423036673
528,52.800000,0.703579506,0.040855940,-0.001009957,0.518363816,0.942098904,0.146305953,0.423011101
529,52.900000,0.703629381,0.041375774,-0.001070280,0.518363776,0.942114018,0.146545758,0.422985529
530,53.000000,0.703679257,0.041895607,-0.001130604,0.518363736,0.942129132,0.146785563,0.422959957
531,53.100000,0.703729132,0.042415441,-0.001190928,0.518363696,0.942144247,0.147025367,0.422934385
532,53.200000,0.703779007,0.042935274,-0.001251251,0.518363656,0.942159361,0.147265172,0.422908813
533,53.300000,0.703828883,0.043455108,-0.001311575,0.518363616,0.942174475,0.147504977,0.422883241
534,53.400000,0.703878758,0.043974942,-0.001371899,0.518363576,0.942189590,0.147744781,0.422857669
535,53.500000,0.703928633,0.044494775,-0.001432222,0.518363535,0.942204704,0.147984586,0.422832097
536,53.600000,0.703978509,0.045014609,-0.001492546,0.518363495,0.942219819,0.148224391,0.422806525
537,53.700000,0.704014561,0.045520023,-0.001542889,0.518363468,0.942229815,0.148440299,0.422783310
538,53.800000,0.704037678,0.046011944,-0.001583892,0.518363454,0.942235023,0.148633845,0.422762301
539,53.900000,0.704060795,0.046503865,-0.001624895,0.518363439,0.942240231,0.148827390,0.422741291
540,54.000000,0.704083912,0.046995787,-0.001665898,0.518363424,0.942245438,0.149020936,0.422720282
541,54.100000,0.704107029,0.047487708,-0.001706901,0.518363409,0.942250646,0.149214482,0.422699273
542,54.200000,0.704130146,0.047979629,-0.001747904,0.518363395,0.942255854,0.149408028,0.422678264
543,54.300000,0.704153263,0.048471550,-0.001788907,0.518363380,0.942261062,0.149601574,0.422657255
544,54.400000,0.704176380,0.048963471,-0.001829910,0.518363365,0.942266269,0.149795120,0.422636246
545,54.500000,0.704199497,0.049455392,-0.001870913,0.518363350,0.942271477,0.149988666,0.422615236
546,54.600000,0.704222614,0.049947314,-0.001911916,0.518363335,0.942276685,0.150182212,0.422594227
547,54.700000,0.704245731,0.050439235,-0.001952919,0.518363321,0.942281892,0.150375758,0.422573218
548,54.800000,0.704268848,0.050931156,-0.001993922,0.518363306,0.942287100,0.150569304,0.422552209
549,54.900000,0.704291965,0.051423077,-0.002034925,0.518363291,0.942292308,0.150762849,0.422531200
550,55.000000,0.704315082,0.051914998,-0.002075928,0.518363276,0.942297516,0.150956395,0.422510190
551,55.100000,0.704338199,0.052406919,-0.002116931,0.518363262,0.942302723,0.151149941,0.422489181
552,55.200000,0.704361315,0.052898841,-0.002157934,0.518363247,0.942307931,0.151343487,0.422468172
553,55.300000,0.704384432,0.053390762,-0.002198937,0.518363232,0.942313139,0.151537033,0.422447163
554,55.400000,0.704407549,0.053882683,-0.002239940,0.518363217,0.942318346,0.151730579,0.422426154
555,55.500000,0.704430666,0.054374604,-0.002280943,0.518363203,0.942323554,0.151924125,0.422405144
556,55.600000,0.704453783,0.054866525,-0.002321946,0.518363188,0.942328762,0.152117671,0.422384135
557,55.700000,0.704476900,0.055358447,-0.002362949,0.518363173,0.942333970,0.152311217,0.422363126
558,55.800000,0.704500017,0.055850368,-0.002403952,0.518363158,0.942339177,0.152504763,0.422342117
559,55.900000,0.704523134,0.056342289,-0.002444955,0.518363143,0.942344385,0.152698308,0.422321108
560,56.000000,0.704546251,0.056834210,-0.002485958,0.518363129,0.942349593,0.152891854,0.422300098
561,56.100000,0.704569368,0.057326131,-0.002526961,0.518363114,0.942354801,0.153085400,0.422279089
562,56.200000,0.704592485,0.057818052,-0.002567964,0.518363099,0.942360008,0.153278946,0.422258080
563,56.300000,0.704615602,0.058309974,-0.002608967,0.518363084,0.942365216,0.153472492,0.422237071
564,56.400000,0.704638719,0.058801895,-0.002649970,0.518363070,0.942370424,0.153666038,0.422216062
565,56.500000,0.704656976,0.059278004,-0.002709221,0.518354667,0.942376394,0.153875365,0.422191768
566,56.600000,0.704662775,0.059713578,-0.002815250,0.518324761,0.942384318,0.154125150,0.422159055
567,56.700000,0.704668574,0.060149153,-0.002921279,0.518294855,0.942392243,0.154374934,0.422126341
568,56.800000,0.704674373,0.060584727,-0.003027309,0.518264949,0.942400167,0.154624718,0.422093628
569,56.900000,0.704680171,0.061020301,-0.003133338,0.518235044,0.942408092,0.154874502,0.422060915
570,57.000000,0.704685970,0.061455876,-0.003239367,0.518205138,0.942416016,0.155124286,0.422028201
571,57.100000,0.704691769,0.061891450,-0.003345397,0.518175232,0.942423941,0.155374070,0.421995488
572,57.200000,0.704697568,0.062327024,-0.003451426,0.518145326,0.942431865,0.155623855,0.421962775
573,57.300000,0.704703366,0.062762599,-0.003557455,0.518115421,0.942439790,0.155873639,0.421930061
574,57.400000,0.704709165,0.063198173,-0.003663484,0.518085515,0.942447714,0.156123423,0.421897348
575,57.500000,0.704714964,0.063633747,-0.003769514,0.518055609,0.942455639,0.156373207,0.421864635
576,57.600000,0.704720763,0.064069322,-0.003875543,0.518025703,0.942463563,0.156622991,0.421831921
577,57.700000,0.704726562,0.064504896,-0.003981572,0.517995797,0.942471488,0.156872775,0.421799208
578,57.800000,0.704732360,0.064940470,-0.004087601,0.517965892,0.942479412,0.157122560,0.421766494
579,57.900000,0.704738159,0.065376045,-0.004193631,0.517935986,0.942487337,0.157372344,0.421733781
580,58.000000,0.704743958,0.065811619,-0.004299660,0.517906080,0.942495261,0.157622128,0.421701068
581,58.100000,0.704749757,0.066247194,-0.004405689,0.517876174,0.942503186,0.157871912,0.421668354
582,58.200000,0.704755555,0.066682768,-0.004511718,0.517846268,0.942511110,0.158121696,0.421635641
583,58.300000,0.704761354,0.067118342,-0.004617748,0.517816363,0.942519035,0.158371480,0.421602928
584,58.400000,0.704767153,0.067553917,-0.004723777,0.517786457,0.942526959,0.158621265,0.421570214
585,58.500000,0.704772952,0.067989491,-0.004829806,0.517756551,0.942534884,0.158871049,0.421537501
586,58.600000,0.704778751,0.068425065,-0.004935835,0.517726645,0.942542808,0.159120833,0.421504788
587,58.700000,0.704784549,0.068860640,-0.005041865,0.517696739,0.942550733,0.159370617,0.421472074
588,58.800000,0.704790348,0.069296214,-0.005147894,0.517666834,0.942558657,0.159620401,0.421439361
589,58.900000,0.704796147,0.069731788,-0.005253923,0.517636928,0.942566582,0.159870185,0.421406648
590,59.000000,0.704801946,0.070167363,-0.005359953,0.517607022,0.942574506,0.160119970,0.421373934
591,59.100000,0.704807744,0.070602937,-0.005465982,0.517577116,0.942582431,0.160369754,0.421341221
592,59.200000,0.704813543,0.071038511,-0.005572011,0.517547210,0.942590355,0.160619538,0.421308508
593,59.300000,0.704818808,0.071470274,-0.005684340,0.517517802,0.942598454,0.160867065,0.421276647
594,59.400000,0.704812659,0.071820479,-0.005931466,0.517499027,0.942610282,0.161066307,0.421263038
595,59.500000,0.704806510,0.072170684,-0.006178591,0.517480252,0.942622109,0.161265549,0.421249429
596,59.600000,0.704800361,0.072520888,-0.006425716,0.517461477,0.942633937,0.161464791,0.421235820
597,59.700000,0.704794212,0.072871093,-0.006672841,0.517442703,0.942645765,0.161664032,0.421222210
598,59.800000,0.704788063,0.073221298,-0.006919966,0.517423928,0.942657592,0.161863274,0.421208601
599,59.900000,0.704781913,0.073571503,-0.007167091,0.517405153,0.942669420,0.162062516,0.421194992
600,60.000000,0.704775764,0.073921708,-0.007414216,0.517386378,0.942681247,0.162261758,0.421181382
601,60.100000,0.704769615,0.074271913,-0.007661342,0.517367603,0.942693075,0.162461000,0.421167773
602,60.200000,0.704763466,0.074622118,-0.007908467,0.517348829,0.942704903,0.162660241,0.421154164
603,60.300000,0.704757317,0.074972322,-0.008155592,0.517330054,0.942716730,0.162859483,0.421140555
604,60.400000,0.704751167,0.075322527,-0.008402717,0.517311279,0.942728558,0.163058725,0.421126945
605,60.500000,0.704745018,0.075672732,-0.008649842,0.517292504,0.942740385,0.163257967,0.421113336
606,60.600000,0.704738869,0.076022937,-0.008896967,0.517273730,0.942752213,0.163457209,0.421099727
607,60.700000,0.704732720,0.076373142,-0.009144092,0.517254955,0.942764041,0.163656450,0.421086118
608,60.800000,0.704726571,0.076723347,-0.009391218,0.517236180,0.942775868,0.163855692,0.421072508
609,60.900000,0.704720422,0.077073551,-0.009638343,0.517217405,0.942787696,0.164054934,0.421058899
610,61.000000,0.704714272,0.077423756,-0.009885468,0.517198630,0.942799523,0.164254176,0.421045290
611,61.100000,0.704708123,0.077773961,-0.010132593,0.517179856,0.942811351,0.164453418,0.421031680
612,61.200000,0.704701974,0.078124166,-0.010379718,0.517161081,0.942823179,0.164652659,0.421018071
613,61.300000,0.704695825,0.078474371,-0.010626843,0.517142306,0.942835006,0.164851901,0.421004462
614,61.400000,0.704689676,0.078824576,-0.010873968,0.517123531,0.942846834,0.165051143,0.420990853
615,61.500000,0.704683527,0.079174780,-0.011121094,0.517104757,0.942858662,0.165250385,0.420977243
616,61.600000,0.704677377,0.079524985,-0.011368219,0.517085982,0.942870489,0.165449627,0.420963634
617,61.700000,0.704671228,0.079875190,-0.011615344,0.517067207,0.942882317,0.165648868,0.420950025
618,61.800000,0.704665079,0.080225395,-0.011862469,0.517048432,0.942894144,0.165848110,0.420936416
619,61.900000,0.704658930,0.080575600,-0.012109594,0.517029658,0.942905972,0.166047352,0.420922806
620,62.000000,0.704652781,0.080925805,-0.012356719,0.517010883,0.942917800,0.166246594,0.420909197
621,62.100000,0.704646631,0.081276009,-0.012603844,0.516992108,0.942929627,0.166445835,0.420895588
622,62.200000,0.704626657,0.081593074,-0.012822269,0.516959110,0.942953614,0.166636615,0.420893682
623,62.300000,0.704603411,0.081902298,-0.013033904,0.516922747,0.942980478,0.166825392,0.420894546
624,62.400000,0.704580165,0.082211522,-0.013245538,0.516886383,0.943007342,0.167014169,0.420895409
625,62.500000,0.704556919,0.082520746,-0.013457173,0.516850020,0.943034206,0.167202947,0.420896272
626,62.600000,0.704533674,0.082829970,-0.013668808,0.516813657,0.943061070,0.167391724,0.420897136
627,62.700000,0.704510428,0.083139194,-0.013880442,0.516777294,0.943087934,0.167580501,0.420897999
628,62.800000,0.704487182,0.083448418,-0.014092077,0.516740931,0.943114798,0.167769278,0.420898862
629,62.900000,0.704463936,0.083757642,-0.014303712,0.516704567,0.943141662,0.167958056,0.420899726
630,63.000000,0.704440691,0.084066866,-0.014515346,0.516668204,0.943168526,0.168146833,0.420900589
631,63.100000,0.704417445,0.084376090,-0.014726981,0.516631841,0.943195390,0.168335610,0.420901452
632,63.200000,0.704394199,0.084685314,-0.014938615,0.516595478,0.943222254,0.168524387,0.420902316
633,63.300000,0.704370953,0.084994538,-0.015150250,0.516559115,0.943249118,0.168713165,0.420903179
634,63.400000,0.704347708,0.085303762,-0.015361885,0.516522751,0.943275981,0.168901942,0.420904043
635,63.500000,0.704324462,0.085612986,-0.015573519,0.516486388,0.943302845,0.169090719,0.420904906
636,63.600000,0.704301216,0.085922210,-0.015785154,0.516450025,0.943329709,0.169279496,0.420905769
637,63.700000,0.704277970,0.086231434,-0.015996789,0.516413662,0.943356573,0.169468274,0.420906633
638,63.800000,0.704254725,0.086540658,-0.016208423,0.516377299,0.943383437,0.169657051,0.420907496
639,63.900000,0.704231479,0.086849882,-0.016420058,0.516340935,0.943410301,0.169845828,0.420908359
640,64.000000,0.704208233,0.087159106,-0.016631693,0.516304572,0.943437165,0.170034606,0.420909223
641,64.100000,0.704184988,0.087468330,-0.016843327,0.516268209,0.943464029,0.170223383,0.420910086
642,64.200000,0.704161742,0.087777554,-0.017054962,0.516231846,0.943490893,0.170412160,0.420910950
643,64.300000,0.704138496,0.088086778,-0.017266596,0.516195483,0.943517757,0.170600937,0.420911813
644,64.400000,0.704115250,0.088396002,-0.017478231,0.516159119,0.943544621,0.170789715,0.420912676
645,64.500000,0.704092005,0.088705226,-0.017689866,0.516122756,0.943571485,0.170978492,0.420913540
646,64.600000,0.704068759,0.089014450,-0.017901500,0.516086393,0.943598349,0.171167269,0.420914403
647,64.700000,0.704045513,0.089323674,-0.018113135,0.516050030,0.943625213,0.171356046,0.420915266
648,64.800000,0.704022267,0.089632898,-0.018324770,0.516013667,0.943652076,0.171544824,0.420916130
649,64.900000,0.703999022,0.089942122,-0.018536404,0.515977304,0.943678940,0.171733601,0.420916993
650,65.000000,0.703974295,0.090264000,-0.018688549,0.515908848,0.943696756,0.171954497,0.420934622
651,65.100000,0.703948463,0.090595320,-0.018796310,0.515816450,0.943707822,0.172199355,0.420964760
652,65.200000,0.703922631,0.090926640,-0.018904072,0.515724052,0.943718888,0.172444213,0.420994898
653,65.300000,0.703896800,0.091257960,-0.019011833,0.515631653,0.943729953,0.172689071,0.421025036
654,65.400000,0.703870968,0.091589280,-0.019119594,0.515539255,0.943741019,0.172933930,0.421055174
655,65.500000,0.703845136,0.091920600,-0.019227355,0.515446857,0.943752084,0.173178788,0.421085312
656,65.600000,0.703819305,0.092251920,-0.019335117,0.515354459,0.943763150,0.173423646,0.421115450
657,65.700000,0.703793473,0.092583240,-0.019442878,0.515262060,0.943774216,0.173668505,0.421145588
658,65.800000,0.703767641,0.092914560,-0.019550639,0.515169662,0.943785281,0.173913363,0.421175726
659,65.900000,0.703741810,0.093245881,-0.019658400,0.515077264,0.943796347,0.174158221,0.421205864
660,66.000000,0.703715978,0.093577201,-0.019766162,0.514984865,0.943807412,0.174403079,0.421236002
661,66.100000,0.703690146,0.093908521,-0.019873923,0.514892467,0.943818478,0.174647938,0.421266140
662,66.200000,0.703664314,0.094239841,-0.019981684,0.514800069,0.943829544,0.174892796,0.421296278
663,66.300000,0.703638483,0.094571161,-0.020089445,0.514707671,0.943840609,0.175137654,0.421326416
664,66.400000,0.703612651,0.094902481,-0.020197207,0.514615272,0.943851675,0.175382513,0.421356554
665,66.500000,0.703586819,0.095233801,-0.020304968,0.514522874,0.943862740,0.175627371,0.421386692
666,66.600000,0.703560988,0.095565121,-0.020412729,0.514430476,0.943873806,0.175872229,0.421416830
667,66.700000,0.703535156,0.095896441,-0.020520490,0.514338078,0.943884872,0.176117087,0.421446968
668,66.800000,0.703509324,0.096227761,-0.020628252,0.514245679,0.943895937,0.176361946,0.421477106
669,66.900000,0.703483493,0.096559081,-0.020736013,0.514153281,0.943907003,0.176606804,0.421507244
670,67.000000,0.703457661,0.096890401,-0.020843774,0.514060883,0.943918068,0.176851662,0.421537382
671,67.100000,0.703431829,0.097221721,-0.020951535,0.513968484,0.943929134,0.177096521,0.421567520
672,67.200000,0.703405998,0.097553041,-0.021059297,0.513876086,0.943940200,0.177341379,0.421597658
673,67.300000,0.703380166,0.097884361,-0.021167058,0.513783688,0.943951265,0.177586237,0.421627796
674,67.400000,0.703354334,0.098215681,-0.021274819,0.513691290,0.943962331,0.177831095,0.421657934
675,67.500000,0.703328502,0.098547001,-0.021382580,0.513598891,0.943973396,0.178075954,0.421688072
676,67.600000,0.703302671,0.098878321,-0.021490341,0.513506493,0.943984462,0.178320812,0.421718210
677,67.700000,0.703276839,0.099209641,-0.021598103,0.513414095,0.943995528,0.178565670,0.421748348
678,67.800000,0.703228210,0.099520030,-0.021689357,0.513348647,0.944004428,0.178790096,0.421772600
679,67.900000,0.703134681,0.099789195,-0.021748098,0.513336281,0.944009064,0.178974279,0.421785258
680,68.000000,0.703041151,0.100058359,-0.021806839,0.513323915,0.944013699,0.179158462,0.421797916
681,68.100000,0.702947621,0.100327523,-0.021865580,0.513311549,0.944018335,0.179342645,0.421810575
682,68.200000,0.702854092,0.100596688,-0.021924322,0.513299183,0.944022971,0.179526828,0.421823233
683,68.300000,0.702760562,0.100865852,-0.021983063,0.513286817,0.944027606,0.179711010,0.421835891
684,68.400000,0.702667032,0.101135016,-0.022041804,0.513274451,0.944032242,0.179895193,0.421848550
685,68.500000,0.702573502,0.101404180,-0.022100545,0.513262085,0.944036878,0.180079376,0.421861208
686,68.600000,0.702479973,0.101673345,-0.022159286,0.513249719,0.944041513,0.180263559,0.421873866
687,68.700000,0.702386443,0.101942509,-0.022218028,0.513237353,0.944046149,0.180447742,0.421886525
688,68.800000,0.702292913,0.102211673,-0.022276769,0.513224988,0.944050785,0.180631925,0.421899183
689,68.900000,0.702199384,0.102480837,-0.022335510,0.513212622,0.944055420,0.180816107,0.421911841
690,69.000000,0.702105854,0.102750002,-0.022394251,0.513200256,0.944060056,0.181000290,0.421924499
691,69.100000,0.702012324,0.103019166,-0.022452992,0.513187890,0.944064691,0.181184473,0.421937158
692,69.200000,0.701918794,0.103288330,-0.022511734,0.513175524,0.944069327,0.181368656,0.421949816
693,69.300000,0.701825265,0.103557494,-0.022570475,0.513163158,0.944073963,0.181552839,0.421962474
694,69.400000,0.701731735,0.103826659,-0.022629216,0.513150792,0.944078598,0.181737021,0.421975133
695,69.500000,0.701638205,0.104095823,-0.022687957,0.513138426,0.944083234,0.181921204,0.421987791
696,69.600000,0.701544676,0.104364987,-0.022746699,0.513126060,0.944087870,0.182105387,0.422000449
697,69.700000,0.701451146,0.104634152,-0.022805440,0.513113694,0.944092505,0.182289570,0.422013108
698,69.800000,0.701357616,0.104903316,-0.022864181,0.513101328,0.944097141,0.182473753,0.422025766
699,69.900000,0.701264087,0.105172480,-0.022922922,0.513088962,0.944101777,0.182657935,0.422038424
700,70.000000,0.701170557,0.105441644,-0.022981663,0.513076596,0.944106412,0.182842118,0.422051083
701,70.100000,0.701077027,0.105710809,-0.023040405,0.513064230,0.944111048,0.183026301,0.422063741
702,70.200000,0.700983497,0.105979973,-0.023099146,0.513051865,0.944115684,0.183210484,0.422076399
703,70.300000,0.700889968,0.106249137,-0.023157887,0.513039499,0.944120319,0.183394667,0.422089058
704,70.400000,0.700796438,0.106518301,-0.023216628,0.513027133,0.944124955,0.183578849,0.422101716
705,70.500000,0.700702908,0.106787466,-0.023275369,0.513014767,0.944129591,0.183763032,0.422114374
706,70.600000,0.700609895,0.107056570,-0.023345960,0.513009153,0.944131302,0.183938354,0.422126268
707,70.700000,0.700521488,0.107325144,-0.023522280,0.513063793,0.944106918,0.184034611,0.422131340
708,70.800000,0.700433082,0.107593717,-0.023698599,0.513118433,0.944082535,0.184130867,0.422136411
709,70.900000,0.700344675,0.107862291,-0.023874919,0.513173073,0.944058151,0.184227124,0.422141483
710,71.000000,0.700256269,0.108130864,-0.024051239,0.513227712,0.944033767,0.184323380,0.422146554
711,71.100000,0.700167862,0.108399438,-0.024227559,0.513282352,0.944009384,0.184419637,0.422151626
712,71.200000,0.700079456,0.108668011,-0.024403879,0.513336992,0.943985000,0.184515894,0.422156697
713,71.300000,0.699991049,0.108936585,-0.024580199,0.513391632,0.943960617,0.184612150,0.422161769
714,71.400000,0.699902643,0.109205158,-0.024756519,0.513446272,0.943936233,0.184708407,0.422166840
715,71.500000,0.699814236,0.109473732,-0.024932839,0.513500911,0.943911850,0.184804663,0.422171912
716,71.600000,0.699725830,0.109742305,-0.025109159,0.513555551,0.943887466,0.184900920,0.422176984
717,71.700000,0.699637423,0.110010879,-0.025285478,0.513610191,0.943863082,0.184997176,0.422182055
718,71.800000,0.699549017,0.110279452,-0.025461798,0.513664831,0.943838699,0.185093433,0.422187127
719,71.900000,0.699460610,0.110548026,-0.025638118,0.513719470,0.943814315,0.185189689,0.422192198
720,72.000000,0.699372204,0.110816599,-0.025814438,0.513774110,0.943789932,0.185285946,0.422197270
721,72.100000,0.699283797,0.111085172,-0.025990758,0.513828750,0.943765548,0.185382203,0.422202341
722,72.200000,0.699195391,0.111353746,-0.026167078,0.513883390,0.943741164,0.185478459,0.422207413
723,72.300000,0.699106984,0.111622319,-0.026343398,0.513938029,0.943716781,0.185574716,0.422212484
724,72.400000,0.699018578,0.111890893,-0.026519718,0.513992669,0.943692397,0.185670972,0.422217556
725,72.500000,0.698930171,0.112159466,-0.026696038,0.514047309,0.943668014,0.185767229,0.422222627
726,72.600000,0.698841765,0.112428040,-0.026872357,0.514101949,0.943643630,0.185863485,0.422227699
727,72.700000,0.698753358,0.112696613,-0.027048677,0.514156589,0.943619247,0.185959742,0.422232771
728,72.800000,0.698664952,0.112965187,-0.027224997,0.514211228,0.943594863,0.186055998,0.422237842
729,72.900000,0.698576545,0.113233760,-0.027401317,0.514265868,0.943570479,0.186152255,0.422242914
730,73.000000,0.698488139,0.113502334,-0.027577637,0.514320508,0.943546096,0.186248511,0.422247985
731,73.100000,0.698399733,0.113770907,-0.027753957,0.514375148,0.943521712,0.186344768,0.422253057
732,73.200000,0.698311326,0.114039481,-0.027930277,0.514429787,0.943497329,0.186441025,0.422258128
733,73.300000,0.698222920,0.114308054,-0.028106597,0.514484427,0.943472945,0.186537281,0.422263200
734,73.400000,0.698134513,0.114576627,-0.028282917,0.514539067,0.943448562,0.186633538,0.422268271
735,73.500000,0.698048989,0.114719197,-0.028543704,0.514615004,0.943456341,0.186680014,0.422270762
736,73.600000,0.697963916,0.114842068,-0.028817695,0.514694270,0.943469148,0.186718709,0.422272850
737,73.700000,0.697878843,0.114964939,-0.029091687,0.514773536,0.943481955,0.186757404,0.422274938
738,73.800000,0.697793769,0.115087810,-0.029365679,0.514852802,0.943494762,0.186796099,0.422277026
739,73.900000,0.697708696,0.115210681,-0.029639670,0.514932068,0.943507569,0.186834793,0.422279113
740,74.000000,0.697623623,0.115333552,-0.029913662,0.515011334,0.943520376,0.186873488,0.422281201
741,74.100000,0.697538549,0.115456423,-0.030187654,0.515090600,0.943533184,0.186912183,0.422283289
742,74.200000,0.697453476,0.115579294,-0.030461646,0.515169866,0.943545991,0.186950877,0.422285377
743,74.300000,0.697368403,0.115702166,-0.030735637,0.515249132,0.943558798,0.186989572,0.422287464
744,74.400000,0.697283329,0.115825037,-0.031009629,0.515328398,0.943571605,0.187028267,0.422289552
745,74.500000,0.697198256,0.115947908,-0.031283621,0.515407664,0.943584412,0.187066962,0.422291640
746,74.600000,0.697113183,0.116070779,-0.031557612,0.515486930,0.943597219,0.187105656,0.422293727
747,74.700000,0.697028110,0.116193650,-0.031831604,0.515566196,0.943610026,0.187144351,0.422295815
748,74.800000,0.696943036,0.116316521,-0.032105596,0.515645463,0.943622834,0.187183046,0.422297903
749,74.900000,0.696857963,0.116439392,-0.032379587,0.515724729,0.943635641,0.187221741,0.422299991
750,75.000000,0.696772890,0.116562263,-0.032653579,0.515803995,0.943648448,0.187260435,0.422302078
751,75.100000,0.696687816,0.116685135,-0.032927571,0.515883261,0.943661255,0.187299130,0.422304166
752,75.200000,0.696602743,0.116808006,-0.033201562,0.515962527,0.943674062,0.187337825,0.422306254
753,75.300000,0.696517670,0.116930877,-0.033475554,0.516041793,0.943686869,0.187376519,0.422308342
754,75.400000,0.696432596,0.117053748,-0.033749546,0.516121059,0.943699676,0.187415214,0.422310429
755,75.500000,0.696347523,0.117176619,-0.034023538,0.516200325,0.943712483,0.187453909,0.422312517
756,75.600000,0.696262450,0.117299490,-0.034297529,0.516279591,0.943725291,0.187492604,0.422314605
757,75.700000,0.696177377,0.117422361,-0.034571521,0.516358857,0.943738098,0.187531298,0.422316692
758,75.800000,0.696092303,0.117545232,-0.034845513,0.516438123,0.943750905,0.187569993,0.422318780
759,75.900000,0.696007230,0.117668103,-0.035119504,0.516517389,0.943763712,0.187608688,0.422320868
760,76.000000,0.695922157,0.117790975,-0.035393496,0.516596655,0.943776519,0.187647383,0.422322956
761,76.100000,0.695837083,0.117913846,-0.035667488,0.516675921,0.943789326,0.187686077,0.422325043
762,76.200000,0.695752010,0.118036717,-0.035941479,0.516755187,0.943802133,0.187724772,0.422327131
763,76.300000,0.695566136,0.118120812,-0.036211562,0.516805280,0.943801437,0.187749074,0.422328452
764,76.400000,0.695320766,0.118182021,-0.036479336,0.516838154,0.943792769,0.187764881,0.422329319
765,76.500000,0.695075396,0.118243229,-0.036747111,0.516871028,0.943784101,0.187780689,0.422330187
766,76.600000,0.694830026,0.118304438,-0.037014885,0.516903902,0.943775434,0.187796496,0.422331054
767,76.700000,0.694584655,0.118365646,-0.037282660,0.516936775,0.943766766,0.187812303,0.422331922
768,76.800000,0.694339285,0.118426855,-0.037550434,0.516969649,0.943758099,0.187828111,0.422332789
769,76.900000,0.694093915,0.118488063,-0.037818209,0.517002523,0.943749431,0.187843918,0.422333657
770,77.000000,0.693848545,0.118549272,-0.038085984,0.517035397,0.943740764,0.187859725,0.422334525
771,77.100000,0.693603175,0.118610480,-0.038353758,0.517068270,0.943732096,0.187875532,0.422335392
772,77.200000,0.693357804,0.118671689,-0.038621533,0.517101144,0.943723428,0.187891340,0.422336260
773,77.300000,0.693112434,0.118732897,-0.038889307,0.517134018,0.943714761,0.187907147,0.422337127
774,77.400000,0.692867064,0.118794106,-0.039157082,0.517166892,0.943706093,0.187922954,0.422337995
775,77.500000,0.692621694,0.118855314,-0.039424857,0.517199766,0.943697426,0.187938762,0.422338863
776,77.600000,0.692376324,0.118916523,-0.039692631,0.517232639,0.943688758,0.187954569,0.422339730
777,77.700000,0.692130954,0.118977732,-0.039960406,0.517265513,0.943680091,0.187970376,0.422340598
778,77.800000,0.691885583,0.119038940,-0.040228180,0.517298387,0.943671423,0.187986183,0.422341465
779,77.900000,0.691640213,0.119100149,-0.040495955,0.517331261,0.943662756,0.188001991,0.422342333
780,78.000000,0.691394843,0.119161357,-0.040763730,0.517364134,0.943654088,0.188017798,0.422343200
781,78.100000,0.691149473,0.119222566,-0.041031504,0.517397008,0.943645420,0.188033605,0.422344068
782,78.200000,0.690904103,0.119283774,-0.041299279,0.517429882,0.943636753,0.188049413,0.422344936
783,78.300000,0.690658732,0.119344983,-0.041567053,0.517462756,0.943628085,0.188065220,0.422345803
784,78.400000,0.690413362,0.119406191,-0.041834828,0.517495630,0.943619418,0.188081027,0.422346671
785,78.500000,0.690167992,0.119467400,-0.042102603,0.517528503,0.943610750,0.188096834,0.422347538
786,78.600000,0.689922622,0.119528608,-0.042370377,0.517561377,0.943602083,0.188112642,0.422348406
787,78.700000,0.689677252,0.119589817,-0.042638152,0.517594251,0.943593415,0.188128449,0.422349274
788,78.800000,0.689431881,0.119651025,-0.042905926,0.517627125,0.943584747,0.188144256,0.422350141
789,78.900000,0.689186511,0.119712234,-0.043173701,0.517659998,0.943576080,0.188160064,0.422351009
790,79.000000,0.688941141,0.119773442,-0.043441475,0.517692872,0.943567412,0.188175871,0.422351876
791,79.100000,0.688719631,0.119821719,-0.043730616,0.517718124,0.943560879,0.188187997,0.422348266
792,79.200000,0.688534992,0.119850012,-0.044052774,0.517731596,0.943557646,0.188194433,0.422337737
793,79.300000,0.688350354,0.119878305,-0.044374932,0.517745068,0.943554412,0.188200869,0.422327208
794,79.400000,0.688165716,0.119906599,-0.044697090,0.517758540,0.943551178,0.188207305,0.422316678
795,79.500000,0.687981078,0.119934892,-0.045019249,0.517772012,0.943547944,0.188213742,0.422306149
796,79.600000,0.687796439,0.119963185,-0.045341407,0.517785484,0.943544710,0.188220178,0.422295619
797,79.700000,0.687611801,0.119991478,-0.045663565,0.517798956,0.943541476,0.188226614,0.422285090
798,79.800000,0.687427163,0.120019771,-0.045985724,0.517812428,0.943538242,0.188233051,0.422274560
799,79.900000,0.687242525,0.120048064,-0.046307882,0.517825900,0.943535008,0.188239487,0.422264031
800,80.000000,0.687057887,0.120076357,-0.046630040,0.517839372,0.943531774,0.188245923,0.422253502
801,80.100000,0.686873248,0.120104650,-0.046952198,0.517852844,0.943528540,0.188252360,0.422242972
802,80.200000,0.686688610,0.120132943,-0.047274357,0.517866317,0.943525306,0.188258796,0.422232443
803,80.300000,0.686503972,0.120161236,-0.047596515,0.517879789,0.943522072,0.188265232,0.422221913
804,80.400000,0.686319334,0.120189529,-0.047918673,0.517893261,0.943518838,0.188271668,0.422211384
805,80.500000,0.686134696,0.120217822,-0.048240831,0.517906733,0.943515604,0.188278105,0.422200855
806,80.600000,0.685950057,0.120246115,-0.048562990,0.517920205,0.943512370,0.188284541,0.422190325
807,80.700000,0.685765419,0.120274408,-0.048885148,0.517933677,0.943509136,0.188290977,0.422179796
808,80.800000,0.685580781,0.120302701,-0.049207306,0.517947149,0.943505902,0.188297414,0.422169266
809,80.900000,0.685396143,0.120330994,-0.049529465,0.517960621,0.943502668,0.188303850,0.422158737
810,81.000000,0.685211504,0.120359287,-0.049851623,0.517974093,0.943499434,0.188310286,0.422148208
811,81.100000,0.685026866,0.120387580,-0.050173781,0.517987565,0.943496200,0.188316722,0.422137678
812,81.200000,0.684842228,0.120415873,-0.050495939,0.518001037,0.943492966,0.188323159,0.422127149
813,81.300000,0.684657590,0.120444166,-0.050818098,0.518014509,0.943489732,0.188329595,0.422116619
814,81.400000,0.684472952,0.120472459,-0.051140256,0.518027981,0.943486498,0.188336031,0.422106090
815,81.500000,0.684288313,0.120500752,-0.051462414,0.518041453,0.943483264,0.188342468,0.422095561
816,81.600000,0.684103675,0.120529045,-0.051784572,0.518054926,0.943480030,0.188348904,0.422085031
817,81.700000,0.683919037,0.120557338,-0.052106731,0.518068398,0.943476797,0.188355340,0.422074502
818,81.800000,0.683734399,0.120585631,-0.052428889,0.518081870,0.943473563,0.188361777,0.422063972
819,81.900000,0.683539896,0.120612834,-0.052744169,0.518094105,0.943473279,0.188367621,0.422050446
820,82.000000,0.683292383,0.120634178,-0.053022490,0.518099692,0.943488847,0.188370283,0.422020815
821,82.100000,0.683044870,0.120655521,-0.053300810,0.518105280,0.943504415,0.188372944,0.421991183
822,82.200000,0.682797357,0.120676865,-0.053579130,0.518110868,0.943519983,0.188375606,0.421961552
823,82.300000,0.682549844,0.120698209,-0.053857451,0.518116455,0.943535552,0.188378268,0.421931920
824,82.400000,0.682302331,0.120719553,-0.054135771,0.518122043,0.943551120,0.188380930,0.421902289
825,82.500000,0.682054819,0.120740896,-0.054414091,0.518127631,0.943566688,0.188383592,0.421872658
826,82.600000,0.681807306,0.120762240,-0.054692412,0.518133219,0.943582256,0.188386254,0.421843026
827,82.700000,0.681559793,0.120783584,-0.054970732,0.518138806,0.943597824,0.188388916,0.421813395
828,82.800000,0.681312280,0.120804928,-0.055249052,0.518144394,0.943613393,0.188391578,0.421783764
829,82.900000,0.681064767,0.120826272,-0.055527373,0.518149982,0.943628961,0.188394240,0.421754132
830,83.000000,0.680817255,0.120847615,-0.055805693,0.518155569,0.943644529,0.188396901,0.421724501
831,83.100000,0.680569742,0.120868959,-0.056084013,0.518161157,0.943660097,0.188399563,0.421694870
832,83.200000,0.680322229,0.120890303,-0.056362334,0.518166745,0.943675666,0.188402225,0.421665238
833,83.300000,0.680074716,0.120911647,-0.056640654,0.518172332,0.943691234,0.188404887,0.421635607
834,83.400000,0.679827203,0.120932990,-0.056918975,0.518177920,0.943706802,0.188407549,0.421605976
835,83.500000,0.679579691,0.120954334,-0.057197295,0.518183508,0.943722370,0.188410211,0.421576344
836,83.600000,0.679332178,0.120975678,-0.057475615,0.518189096,0.943737939,0.188412873,0.421546713
837,83.700000,0.679084665,0.120997022,-0.057753936,0.518194683,0.943753507,0.188415535,0.421517081
838,83.800000,0.678837152,0.121018365,-0.058032256,0.518200271,0.943769075,0.188418197,0.421487450
839,83.900000,0.678589639,0.121039709,-0.058310576,0.518205859,0.943784643,0.188420858,0.421457819
840,84.000000,0.678342127,0.121061053,-0.058588897,0.518211446,0.943800211,0.188423520,0.421428187
841,84.100000,0.678094614,0.121082397,-0.058867217,0.518217034,0.943815780,0.188426182,0.421398556
842,84.200000,0.677847101,0.121103741,-0.059145537,0.518222622,0.943831348,0.188428844,0.421368925
843,84.300000,0.677599588,0.121125084,-0.059423858,0.518228209,0.943846916,0.188431506,0.421339293
844,84.400000,0.677352075,0.121146428,-0.059702178,0.518233797,0.943862484,0.188434168,0.421309662
845,84.500000,0.677104562,0.121167772,-0.059980498,0.518239385,0.943878053,0.188436830,0.421280031
846,84.600000,0.676857050,0.121189116,-0.060258819,0.518244972,0.943893621,0.188439492,0.421250399
847,84.700000,0.676609537,0.121210459,-0.060537139,0.518250560,0.943909189,0.188442154,0.421220768
848,84.800000,0.676423304,0.121212792,-0.060738078,0.518253294,0.943914085,0.188443455,0.421206239
849,84.900000,0.676242332,0.121213492,-0.060932372,0.518255783,0.943918064,0.188444640,0.421193006
850,85.000000,0.676061361,0.121214192,-0.061126667,0.518258272,0.943922043,0.188445825,0.421179774
851,85.100000,0.675880389,0.121214892,-0.061320961,0.518260760,0.943926022,0.188447009,0.421166541
852,85.200000,0.675699418,0.121215592,-0.061515256,0.518263249,0.943930001,0.188448194,0.421153309
853,85.300000,0.675518446,0.121216292,-0.061709550,0.518265738,0.943933980,0.188449379,0.421140076
854,85.400000,0.675337475,0.121216992,-0.061903845,0.518268227,0.943937959,0.188450564,0.421126844
855,85.500000,0.675156503,0.121217692,-0.062098139,0.518270716,0.943941939,0.188451748,0.421113611
856,85.600000,0.674975532,0.121218392,-0.062292434,0.518273205,0.943945918,0.188452933,0.421100379
857,85.700000,0.674794560,0.121219092,-0.062486728,0.518275693,0.943949897,0.188454118,0.421087146
858,85.800000,0.674613589,0.121219792,-0.062681023,0.518278182,0.943953876,0.188455303,0.421073914
859,85.900000,0.674432617,0.121220492,-0.062875317,0.518280671,0.943957855,0.188456488,0.421060681
860,86.000000,0.674251646,0.121221192,-0.063069612,0.518283160,0.943961834,0.188457672,0.421047449
861,86.100000,0.674070674,0.121221893,-0.063263906,0.518285649,0.943965813,0.188458857,0.421034217
862,86.200000,0.673889703,0.121222593,-0.063458201,0.518288137,0.943969793,0.188460042,0.421020984
863,86.300000,0.673708731,0.121223293,-0.063652495,0.518290626,0.943973772,0.188461227,0.421007752
864,86.400000,0.673527760,0.121223993,-0.063846790,0.518293115,0.943977751,0.188462411,0.420994519
865,86.500000,0.673346788,0.121224693,-0.064041084,0.518295604,0.943981730,0.188463596,0.420981287
866,86.600000,0.673165817,0.121225393,-0.064235379,0.518298093,0.943985709,0.188464781,0.420968054
867,86.700000,0.672984845,0.121226093,-0.064429673,0.518300581,0.943989688,0.188465966,0.420954822
868,86.800000,0.672803874,0.121226793,-0.064623968,0.518303070,0.943993667,0.188467150,0.420941589
869,86.900000,0.672622902,0.121227493,-0.064818263,0.518305559,0.943997647,0.188468335,0.420928357
870,87.000000,0.672441931,0.121228193,-0.065012557,0.518308048,0.944001626,0.188469520,0.420915124
871,87.100000,0.672260959,0.121228893,-0.065206852,0.518310537,0.944005605,0.188470705,0.420901892
872,87.200000,0.672079988,0.121229593,-0.065401146,0.518313025,0.944009584,0.188471889,0.420888659
873,87.300000,0.671899016,0.121230293,-0.065595441,0.518315514,0.944013563,0.188473074,0.420875427
874,87.400000,0.671718045,0.121230993,-0.065789735,0.518318003,0.944017542,0.188474259,0.420862194
875,87.500000,0.671537073,0.121231693,-0.065984030,0.518320492,0.944021521,0.188475444,0.420848962
876,87.600000,0.671436609,0.121251722,-0.066099625,0.518265101,0.944025623,0.188476098,0.420841657
877,87.700000,0.671373173,0.121280641,-0.066179023,0.518183088,0.944029782,0.188476508,0.420837078
878,87.800000,0.671309737,0.121309560,-0.066258421,0.518101076,0.944033941,0.188476918,0.420832500
879,87.900000,0.671246300,0.121338479,-0.066337820,0.518019063,0.944038099,0.188477328,0.420827921
880,88.000000,0.671182864,0.121367398,-0.066417218,0.517937051,0.944042258,0.188477738,0.420823342
881,88.100000,0.671119428,0.121396317,-0.066496616,0.517855039,0.944046416,0.188478148,0.420818764
882,88.200000,0.671055992,0.121425236,-0.066576014,0.517773026,0.944050575,0.188478558,0.420814185
883,88.300000,0.670992556,0.121454155,-0.066655413,0.517691014,0.944054733,0.188478968,0.420809606
884,88.400000,0.670929120,0.121483073,-0.066734811,0.517609001,0.944058892,0.188479379,0.420805028
885,88.500000,0.670865684,0.121511992,-0.066814209,0.517526989,0.944063051,0.188479789,0.420800449
886,88.600000,0.670802248,0.121540911,-0.066893607,0.517444977,0.944067209,0.188480199,0.420795871
887,88.700000,0.670738812,0.121569830,-0.066973006,0.517362964,0.944071368,0.188480609,0.420791292
888,88.800000,0.670675375,0.121598749,-0.067052404,0.517280952,0.944075526,0.188481019,0.420786713
889,88.900000,0.670611939,0.121627668,-0.067131802,0.517198939,0.944079685,0.188481429,0.420782135
890,89.000000,0.670548503,0.121656587,-0.067211200,0.517116927,0.944083843,0.188481839,0.420777556
891,89.100000,0.670485067,0.121685506,-0.067290599,0.517034914,0.944088002,0.188482249,0.420772977
892,89.200000,0.670421631,0.121714425,-0.067369997,0.516952902,0.944092160,0.188482659,0.420768399
893,89.300000,0.670358195,0.121743344,-0.067449395,0.516870890,0.944096319,0.188483069,0.420763820
894,89.400000,0.670294759,0.121772262,-0.067528794,0.516788877,0.944100478,0.188483479,0.420759242
895,89.500000,0.670231323,0.121801181,-0.067608192,0.516706865,0.944104636,0.188483889,0.420754663
896,89.600000,0.670167887,0.121830100,-0.067687590,0.516624852,0.944108795,0.188484299,0.420750084
897,89.700000,0.670104450,0.121859019,-0.067766988,0.516542840,0.944112953,0.188484710,0.420745506
898,89.800000,0.670041014,0.121887938,-0.067846387,0.516460828,0.944117112,0.188485120,0.420740927
899,89.900000,0.669977578,0.121916857,-0.067925785,0.516378815,0.944121270,0.188485530,0.420736348
900,90.000000,0.669914142,0.121945776,-0.068005183,0.516296803,0.944125429,0.188485940,0.420731770
901,90.100000,0.669850706,0.121974695,-0.068084581,0.516214790,0.944129587,0.188486350,0.420727191
902,90.200000,0.669787270,0.122003614,-0.068163980,0.516132778,0.944133746,0.188486760,0.420722612
903,90.300000,0.669723834,0.122032532,-0.068243378,0.516050766,0.944137905,0.188487170,0.420718034
904,90.400000,0.669679158,0.122094652,-0.068298617,0.515921768,0.944140973,0.188487473,0.420709122
905,90.500000,0.669657506,0.122197517,-0.068324207,0.515735109,0.944142704,0.188487643,0.420694894
906,90.600000,0.669635855,0.122300381,-0.068349798,0.515548451,0.944144435,0.188487813,0.420680665
907,90.700000,0.669614203,0.122403245,-0.068375388,0.515361793,0.944146166,0.188487984,0.420666436
908,90.800000,0.669592551,0.122506110,-0.068400979,0.515175134,0.944147897,0.188488154,0.420652207
909,90.900000,0.669570899,0.122608974,-0.068426569,0.514988476,0.944149628,0.188488325,0.420637978
910,91.000000,0.669549247,0.122711838,-0.068452160,0.514801817,0.944151359,0.188488495,0.420623749
911,91.100000,0.669527595,0.122814703,-0.068477750,0.514615159,0.944153090,0.188488666,0.420609521
912,91.200000,0.669505943,0.122917567,-0.068503341,0.514428501,0.944154821,0.188488836,0.420595292
913,91.300000,0.669484291,0.123020432,-0.068528931,0.514241842,0.944156552,0.188489007,0.420581063
914,91.400000,0.669462639,0.123123296,-0.068554522,0.514055184,0.944158283,0.188489177,0.420566834
915,91.500000,0.669440987,0.123226160,-0.068580112,0.513868525,0.944160014,0.188489348,0.420552605
916,91.600000,0.669419335,0.123329025,-0.068605703,0.513681867,0.944161745,0.188489518,0.420538376
917,91.700000,0.669397683,0.123431889,-0.068631293,0.513495209,0.944163476,0.188489688,0.420524147
918,91.800000,0.669376031,0.123534753,-0.068656884,0.513308550,0.944165207,0.188489859,0.420509919
919,91.900000,0.669354379,0.123637618,-0.068682474,0.513121892,0.944166938,0.188490029,0.420495690
920,92.000000,0.669332727,0.123740482,-0.068708065,0.512935233,0.944168669,0.188490200,0.420481461
921,92.100000,0.669311075,0.123843346,-0.068733655,0.512748575,0.944170400,0.188490370,0.420467232
922,92.200000,0.669289423,0.123946211,-0.068759246,0.512561917,0.944172131,0.188490541,0.420453003
923,92.300000,0.669267771,0.124049075,-0.068784836,0.512375258,0.944173862,0.188490711,0.420438774
924,92.400000,0.669246119,0.124151940,-0.068810427,0.512188600,0.944175593,0.188490882,0.420424546
925,92.500000,0.669224467,0.124254804,-0.068836017,0.512001941,0.944177324,0.188491052,0.420410317
926,92.600000,0.669202815,0.124357668,-0.068861607,0.511815283,0.944179055,0.188491223,0.420396088
927,92.700000,0.669181163,0.124460533,-0.068887198,0.511628625,0.944180786,0.188491393,0.420381859
928,92.800000,0.669159511,0.124563397,-0.068912788,0.511441966,0.944182517,0.188491563,0.420367630
929,92.900000,0.669137860,0.124666261,-0.068938379,0.511255308,0.944184248,0.188491734,0.420353401
930,93.000000,0.669116208,0.124769126,-0.068963969,0.511068649,0.944185979,0.188491904,0.420339173
931,93.100000,0.669094556,0.124871990,-0.068989560,0.510881991,0.944187710,0.188492075,0.420324944
932,93.200000,0.669082560,0.124974411,-0.069006124,0.510714497,0.944189224,0.188537652,0.420309860
933,93.300000,0.669106236,0.125075194,-0.068989341,0.510617805,0.944189935,0.188750978,0.420291617
934,93.400000,0.669129912,0.125175977,-0.068972558,0.510521113,0.944190646,0.188964304,0.420273374
935,93.500000,0.669153589,0.125276760,-0.068955775,0.510424422,0.944191358,0.189177630,0.420255131
936,93.600000,0.669177265,0.125377543,-0.068938993,0.510327730,0.944192069,0.189390956,0.420236889
937,93.700000,0.669200941,0.125478326,-0.068922210,0.510231038,0.944192780,0.189604282,0.420218646
938,93.800000,0.669224618,0.125579109,-0.068905427,0.510134346,0.944193492,0.189817608,0.420200403
939,93.900000,0.669248294,0.125679892,-0.068888644,0.510037654,0.944194203,0.190030934,0.420182160
940,94.000000,0.669271970,0.125780675,-0.068871861,0.509940962,0.944194914,0.190244260,0.420163917
941,94.100000,0.669295647,0.125881458,-0.068855079,0.509844270,0.944195626,0.190457586,0.420145674
942,94.200000,0.669319323,0.125982241,-0.068838296,0.509747578,0.944196337,0.190670912,0.420127432
943,94.300000,0.669343000,0.126083024,-0.068821513,0.509650886,0.944197049,0.190884238,0.420109189
944,94.400000,0.669366676,0.126183807,-0.068804730,0.509554194,0.944197760,0.191097564,0.420090946
945,94.500000,0.669390352,0.126284590,-0.068787947,0.509457502,0.944198471,0.191310890,0.420072703
946,94.600000,0.669414029,0.126385373,-0.068771164,0.509360810,0.944199183,0.191524216,0.420054460
947,94.700000,0.669437705,0.126486156,-0.068754382,0.509264118,0.944199894,0.191737542,0.420036217
948,94.800000,0.669461381,0.126586939,-0.068737599,0.509167426,0.944200605,0.191950868,0.420017975
949,94.900000,0.669485058,0.126687722,-0.068720816,0.509070734,0.944201317,0.192164194,0.419999732
950,95.000000,0.669508734,0.126788505,-0.068704033,0.508974042,0.944202028,0.192377520,0.419981489
951,95.100000,0.669532410,0.126889288,-0.068687250,0.508877350,0.944202739,0.192590846,0.419963246
952,95.200000,0.669556087,0.126990071,-0.068670468,0.508780658,0.944203451,0.192804172,0.419945003
953,95.300000,0.669579763,0.127090854,-0.068653685,0.508683966,0.944204162,0.193017498,0.419926760
954,95.400000,0.669603440,0.127191637,-0.068636902,0.508587274,0.944204874,0.193230824,0.419908518
955,95.500000,0.669627116,0.127292420,-0.068620119,0.508490582,0.944205585,0.193444150,0.419890275
956,95.600000,0.669650792,0.127393203,-0.068603336,0.508393891,0.944206296,0.193657476,0.419872032
957,95.700000,0.669674469,0.127493985,-0.068586554,0.508297199,0.944207008,0.193870802,0.419853789
958,95.800000,0.669698145,0.127594768,-0.068569771,0.508200507,0.944207719,0.194084128,0.419835546
959,95.900000,0.669721821,0.127695551,-0.068552988,0.508103815,0.944208430,0.194297454,0.419817303
960,96.000000,0.669745498,0.127796334,-0.068536205,0.508007123,0.944209142,0.194510780,0.419799061
961,96.100000,0.669755465,0.127862417,-0.068526236,0.507966653,0.944209443,0.195040203,0.419782752
962,96.200000,0.669765110,0.127927685,-0.068516427,0.507927503,0.944209734,0.195577050,0.419766490
963,96.300000,0.669774754,0.127992953,-0.068506618,0.507888353,0.944210025,0.196113896,0.419750227
964,96.400000,0.669784399,0.128058221,-0.068496809,0.507849204,0.944210317,0.196650743,0.419733964
965,96.500000,0.669794044,0.128123489,-0.068487000,0.507810054,0.944210608,0.197187590,0.419717702
966,96.600000,0.669803689,0.128188756,-0.068477191,0.507770904,0.944210899,0.197724436,0.419701439
967,96.700000,0.669813334,0.128254024,-0.068467382,0.507731755,0.944211191,0.198261283,0.419685176
968,96.800000,0.669822979,0.128319292,-0.068457573,0.507692605,0.944211482,0.198798130,0.419668913
969,96.900000,0.669832624,0.128384560,-0.068447764,0.507653456,0.944211773,0.199334976,0.419652651
970,97.000000,0.669842269,0.128449828,-0.068437955,0.507614306,0.944212065,0.199871823,0.419636388
971,97.100000,0.669851914,0.128515096,-0.068428146,0.507575156,0.944212356,0.200408669,0.419620125
972,97.200000,0.669861559,0.128580364,-0.068418336,0.507536007,0.944212647,0.200945516,0.419603862
973,97.300000,0.669871204,0.128645631,-0.068408527,0.507496857,0.944212939,0.201482363,0.419587600
974,97.400000,0.669880849,0.128710899,-0.068398718,0.507457707,0.944213230,0.202019209,0.419571337
975,97.500000,0.669890494,0.128776167,-0.068388909,0.507418558,0.944213521,0.202556056,0.419555074
976,97.600000,0.669900139,0.128841435,-0.068379100,0.507379408,0.944213813,0.203092903,0.419538811
977,97.700000,0.669909784,0.128906703,-0.068369291,0.507340258,0.944214104,0.203629749,0.419522549
978,97.800000,0.669919428,0.128971971,-0.068359482,0.507301109,0.944214395,0.204166596,0.419506286
979,97.900000,0.669929073,0.129037239,-0.068349673,0.507261959,0.944214687,0.204703443,0.419490023
980,98.000000,0.669938718,0.129102506,-0.068339864,0.507222810,0.944214978,0.205240289,0.419473761
981,98.100000,0.669948363,0.129167774,-0.068330055,0.507183660,0.944215269,0.205777136,0.419457498
982,98.200000,0.669958008,0.129233042,-0.068320246,0.507144510,0.944215561,0.206313982,0.419441235
983,98.300000,0.669967653,0.129298310,-0.068310437,0.507105361,0.944215852,0.206850829,0.419424972
984,98.400000,0.669977298,0.129363578,-0.068300628,0.507066211,0.944216143,0.207387676,0.419408710
985,98.500000,0.669986943,0.129428846,-0.068290819,0.507027061,0.944216435,0.207924522,0.419392447
986,98.600000,0.669996588,0.129494113,-0.068281010,0.506987912,0.944216726,0.208461369,0.419376184
987,98.700000,0.670006233,0.129559381,-0.068271201,0.506948762,0.944217017,0.208998216,0.419359921
988,98.800000,0.670015878,0.129624649,-0.068261392,0.506909612,0.944217309,0.209535062,0.419343659
989,98.900000,0.670034254,0.129693137,-0.068242925,0.506887803,0.944217472,0.210349843,0.419332345
990,99.000000,0.670055680,0.129762751,-0.068221433,0.506872051,0.944217590,0.211261726,0.419322760
991,99.100000,0.670077106,0.129832364,-0.068199941,0.506856299,0.944217708,0.212173610,0.419313175
992,99.200000,0.670098532,0.129901977,-0.068178449,0.506840547,0.944217826,0.213085493,0.419303591
993,99.300000,0.670119958,0.129971590,-0.068156957,0.506824795,0.944217944,0.213997376,0.419294006
994,99.400000,0.670141384,0.130041203,-0.068135466,0.506809043,0.944218063,0.214909260,0.419284421
995,99.500000,0.670162810,0.130110817,-0.068113974,0.506793291,0.944218181,0.215821143,0.419274836
996,99.600000,0.670184236,0.130180430,-0.068092482,0.506777539,0.944218299,0.216733026,0.419265252
997,99.700000,0.670205662,0.130250043,-0.068070990,0.506761787,0.944218417,0.217644910,0.419255667
998,99.800000,0.670227089,0.130319656,-0.068049498,0.506746035,0.944218536,0.218556793,0.419246082
999,99.900000,0.670248515,0.130389270,-0.068028006,0.506730284,0.944218654,0.219468676,0.419236497
1000,100.000000,0.670269941,0.130458883,-0.068006514,0.506714532,0.944218772,0.220380560,0.419226913
1001,100.100000,0.670291367,0.130528496,-0.067985023,0.506698780,0.944218890,0.221292443,0.419217328
1002,100.200000,0.670312793,0.130598109,-0.067963531,0.506683028,0.944219008,0.222204327,0.419207743
1003,100.300000,0.670334219,0.130667723,-0.067942039,0.506667276,0.944219127,0.223116210,0.419198158
1004,100.400000,0.670355645,0.130737336,-0.067920547,0.506651524,0.944219245,0.224028093,0.419188573
1005,100.500000,0.670377071,0.130806949,-0.067899055,0.506635772,0.944219363,0.224939977,0.419178989
1006,100.600000,0.670398497,0.130876562,-0.067877563,0.506620020,0.944219481,0.225851860,0.419169404
1007,100.700000,0.670419924,0.130946175,-0.067856072,0.506604268,0.944219600,0.226763743,0.419159819
1008,100.800000,0.670441350,0.131015789,-0.067834580,0.506588517,0.944219718,0.227675627,0.419150234
1009,100.900000,0.670462776,0.131085402,-0.067813088,0.506572765,0.944219836,0.228587510,0.419140650
1010,101.000000,0.670484202,0.131155015,-0.067791596,0.506557013,0.944219954,0.229499393,0.419131065
1011,101.100000,0.670505628,0.131224628,-0.067770104,0.506541261,0.944220072,0.230411277,0.419121480
1012,101.200000,0.670527054,0.131294242,-0.067748612,0.506525509,0.944220191,0.231323160,0.419111895
1013,101.300000,0.670548480,0.131363855,-0.067727120,0.506509757,0.944220309,0.232235043,0.419102311
1014,101.400000,0.670569906,0.131433468,-0.067705629,0.506494005,0.944220427,0.233146927,0.419092726
1015,101.500000,0.670591332,0.131503081,-0.067684137,0.506478253,0.944220545,0.234058810,0.419083141
1016,101.600000,0.670612759,0.131572695,-0.067662645,0.506462501,0.944220663,0.234970693,0.419073556
1017,101.700000,0.670652639,0.131619670,-0.067622916,0.506451435,0.944220748,0.235915874,0.419066809
1018,101.800000,0.670710599,0.131644466,-0.067565320,0.506444958,0.944220798,0.236893678,0.419062841
1019,101.900000,0.670768559,0.131669262,-0.067507724,0.506438482,0.944220849,0.237871482,0.419058874
1020,102.000000,0.670826520,0.131694059,-0.067450128,0.506432006,0.944220900,0.238849286,0.419054906
1021,102.100000,0.670884480,0.131718855,-0.067392532,0.506425529,0.944220950,0.239827090,0.419050939
1022,102.200000,0.670942440,0.131743651,-0.067334936,0.506419053,0.944221001,0.240804894,0.419046971
1023,102.300000,0.671000400,0.131768447,-0.067277339,0.506412576,0.944221051,0.241782698,0.419043004
1024,102.400000,0.671058361,0.131793244,-0.067219743,0.506406100,0.944221102,0.242760503,0.419039036
1025,102.500000,0.671116321,0.131818040,-0.067162147,0.506399624,0.944221153,0.243738307,0.419035069
1026,102.600000,0.671174281,0.131842836,-0.067104551,0.506393147,0.944221203,0.244716111,0.419031101
1027,102.700000,0.671232242,0.131867632,-0.067046955,0.506386671,0.944221254,0.245693915,0.419027134
1028,102.800000,0.671290202,0.131892429,-0.066989359,0.506380194,0.944221305,0.246671719,0.419023166
1029,102.900000,0.671348162,0.131917225,-0.066931763,0.506373718,0.944221355,0.247649523,0.419019199
1030,103.000000,0.671406122,0.131942021,-0.066874166,0.506367242,0.944221406,0.248627327,0.419015231
1031,103.100000,0.671464083,0.131966817,-0.066816570,0.506360765,0.944221457,0.249605131,0.419011264
1032,103.200000,0.671522043,0.131991614,-0.066758974,0.506354289,0.944221507,0.250582935,0.419007296
1033,103.300000,0.671580003,0.132016410,-0.066701378,0.506347813,0.944221558,0.251560739,0.419003328
1034,103.400000,0.671637964,0.132041206,-0.066643782,0.506341336,0.944221609,0.252538543,0.418999361
1035,103.500000,0.671695924,0.132066002,-0.066586186,0.506334860,0.944221659,0.253516347,0.418995393
1036,103.600000,0.671753884,0.132090799,-0.066528589,0.506328383,0.944221710,0.254494151,0.418991426
1037,103.700000,0.671811845,0.132115595,-0.066470993,0.506321907,0.944221760,0.255471955,0.418987458
1038,103.800000,0.671869805,0.132140391,-0.066413397,0.506315431,0.944221811,0.256449759,0.418983491
1039,103.900000,0.671927765,0.132165187,-0.066355801,0.506308954,0.944221862,0.257427563,0.418979523
1040,104.000000,0.671985725,0.132189984,-0.066298205,0.506302478,0.944221912,0.258405367,0.418975556
1041,104.100000,0.672043686,0.132214780,-0.066240609,0.506296001,0.944221963,0.259383171,0.418971588
1042,104.200000,0.672101646,0.132239576,-0.066183013,0.506289525,0.944222014,0.260360975,0.418967621
1043,104.300000,0.672159606,0.132264372,-0.066125416,0.506283049,0.944222064,0.261338779,0.418963653
1044,104.400000,0.672217567,0.132289169,-0.066067820,0.506276572,0.944222115,0.262316583,0.418959686
1045,104.500000,0.672286780,0.132296419,-0.066010508,0.506271130,0.944222157,0.263336900,0.418956350
1046,104.600000,0.672386549,0.132256022,-0.065953965,0.506268496,0.944222176,0.264472659,0.418954731
1047,104.700000,0.672486319,0.132215626,-0.065897422,0.506265861,0.944222195,0.265608419,0.418953112
1048,104.800000,0.672586089,0.132175230,-0.065840879,0.506263227,0.944222214,0.266744178,0.418951493
1049,104.900000,0.672685858,0.132134834,-0.065784337,0.506260592,0.944222233,0.267879938,0.418949874
1050,105.000000,0.672785628,0.132094438,-0.065727794,0.506257958,0.944222252,0.269015697,0.418948255
1051,105.100000,0.672885398,0.132054042,-0.065671251,0.506255323,0.944222271,0.270151456,0.418946636
1052,105.200000,0.672985168,0.132013646,-0.065614708,0.506252689,0.944222290,0.271287216,0.418945017
1053,105.300000,0.673084937,0.131973249,-0.065558165,0.506250054,0.944222309,0.272422975,0.418943398
1054,105.400000,0.673184707,0.131932853,-0.065501623,0.506247420,0.944222328,0.273558734,0.418941779
1055,105.500000,0.673284477,0.131892457,-0.065445080,0.506244786,0.944222347,0.274694494,0.418940160
1056,105.600000,0.673384246,0.131852061,-0.065388537,0.506242151,0.944222366,0.275830253,0.418938540
1057,105.700000,0.673484016,0.131811665,-0.065331994,0.506239517,0.944222385,0.276966012,0.418936921
1058,105.800000,0.673583786,0.131771269,-0.065275452,0.506236882,0.944222404,0.278101772,0.418935302
1059,105.900000,0.673683555,0.131730873,-0.065218909,0.506234248,0.944222423,0.279237531,0.418933683
1060,106.000000,0.673783325,0.131690476,-0.065162366,0.506231613,0.944222442,0.280373290,0.418932064
1061,106.100000,0.673883095,0.131650080,-0.065105823,0.506228979,0.944222461,0.281509050,0.418930445
1062,106.200000,0.673982865,0.131609684,-0.065049281,0.506226344,0.944222480,0.282644809,0.418928826
1063,106.300000,0.674082634,0.131569288,-0.064992738,0.506223710,0.944222499,0.283780569,0.418927207
1064,106.400000,0.674182404,0.131528892,-0.064936195,0.506221076,0.944222518,0.284916328,0.418925588
1065,106.500000,0.674282174,0.131488496,-0.064879652,0.506218441,0.944222537,0.286052087,0.418923969
1066,106.600000,0.674381943,0.131448100,-0.064823109,0.506215807,0.944222557,0.287187847,0.418922350
1067,106.700000,0.674481713,0.131407704,-0.064766567,0.506213172,0.944222576,0.288323606,0.418920731
1068,106.800000,0.674581483,0.131367307,-0.064710024,0.506210538,0.944222595,0.289459365,0.418919112
1069,106.900000,0.674681252,0.131326911,-0.064653481,0.506207903,0.944222614,0.290595125,0.418917493
1070,107.000000,0.674781022,0.131286515,-0.064596938,0.506205269,0.944222633,0.291730884,0.418915873
1071,107.100000,0.674880792,0.131246119,-0.064540396,0.506202634,0.944222652,0.292866643,0.418914254
1072,107.200000,0.674980561,0.131205723,-0.064483853,0.506200000,0.944222671,0.294002403,0.418912635
1073,107.300000,0.675082147,0.131164175,-0.064427334,0.506198880,0.944222689,0.295134209,0.418911048
1074,107.400000,0.675236649,0.131089057,-0.064371500,0.506241888,0.944222698,0.296150828,0.418910379
1075,107.500000,0.675391152,0.131013940,-0.064315665,0.506284897,0.944222706,0.297167446,0.418909709
1076,107.600000,0.675545654,0.130938822,-0.064259831,0.506327905,0.944222715,0.298184065,0.418909040
1077,107.700000,0.675700157,0.130863705,-0.064203997,0.506370914,0.944222723,0.299200684,0.418908371
1078,107.800000,0.675854659,0.130788587,-0.064148163,0.506413922,0.944222731,0.300217302,0.418907702
1079,107.900000,0.676009161,0.130713469,-0.064092329,0.506456931,0.944222740,0.301233921,0.418907033
1080,108.000000,0.676163664,0.130638352,-0.064036495,0.506499939,0.944222748,0.302250539,0.418906364
1081,108.100000,0.676318166,0.130563234,-0.063980661,0.506542947,0.944222757,0.303267158,0.418905694
1082,108.200000,0.676472668,0.130488117,-0.063924827,0.506585956,0.944222765,0.304283776,0.418905025
1083,108.300000,0.676627171,0.130412999,-0.063868993,0.506628964,0.944222774,0.305300395,0.418904356
1084,108.400000,0.676781673,0.130337882,-0.063813159,0.506671973,0.944222782,0.306317013,0.418903687
1085,108.500000,0.676936175,0.130262764,-0.063757325,0.506714981,0.944222790,0.307333632,0.418903018
1086,108.600000,0.677090678,0.130187647,-0.063701491,0.506757990,0.944222799,0.308350250,0.418902348
1087,108.700000,0.677245180,0.130112529,-0.063645657,0.506800998,0.944222807,0.309366869,0.418901679
1088,108.800000,0.677399683,0.130037411,-0.063589823,0.506844007,0.944222816,0.310383488,0.418901010
1089,108.900000,0.677554185,0.129962294,-0.063533989,0.506887015,0.944222824,0.311400106,0.418900341
1090,109.000000,0.677708687,0.129887176,-0.063478155,0.506930023,0.944222833,0.312416725,0.418899672
1091,109.100000,0.677863190,0.129812059,-0.063422321,0.506973032,0.944222841,0.313433343,0.418899003
1092,109.200000,0.678017692,0.129736941,-0.063366487,0.507016040,0.944222849,0.314449962,0.418898333
1093,109.300000,0.678172194,0.129661824,-0.063310653,0.507059049,0.944222858,0.315466580,0.418897664
1094,109.400000,0.678326697,0.129586706,-0.063254819,0.507102057,0.944222866,0.316483199,0.418896995
1095,109.500000,0.678481199,0.129511589,-0.063198985,0.507145066,0.944222875,0.317499817,0.418896326
1096,109.600000,0.678635701,0.129436471,-0.063143151,0.507188074,0.944222883,0.318516436,0.418895657
1097,109.700000,0.678790204,0.129361353,-0.063087317,0.507231083,0.944222892,0.319533055,0.418894987
1098,109.800000,0.678944706,0.129286236,-0.063031483,0.507274091,0.944222900,0.320549673,0.418894318
1099,109.900000,0.679099209,0.129211118,-0.062975649,0.507317099,0.944222908,0.321566292,0.418893649
1100,110.000000,0.679253711,0.129136001,-0.062919815,0.507360108,0.944222917,0.322582910,0.418892980
1101,110.100000,0.679408213,0.129060883,-0.062863981,0.507403116,0.944222925,0.323599529,0.418892311
1102,110.200000,0.679489609,0.128989137,-0.062799008,0.507478119,0.944230879,0.324313012,0.418891956
1103,110.300000,0.679552407,0.128918249,-0.062731711,0.507561261,0.944240853,0.324949384,0.418891682
1104,110.400000,0.679615206,0.128847361,-0.062664413,0.507644403,0.944250827,0.325585757,0.418891407
1105,110.500000,0.679678004,0.128776473,-0.062597116,0.507727545,0.944260801,0.326222129,0.418891133
1106,110.600000,0.679740803,0.128705584,-0.062529818,0.507810686,0.944270775,0.326858502,0.418890858
1107,110.700000,0.679803601,0.128634696,-0.062462521,0.507893828,0.944280750,0.327494874,0.418890584
1108,110.800000,0.679866400,0.128563808,-0.062395224,0.507976970,0.944290724,0.328131247,0.418890310
1109,110.900000,0.679929198,0.128492920,-0.062327926,0.508060112,0.944300698,0.328767620,0.418890035
1110,111.000000,0.679991997,0.128422031,-0.062260629,0.508143253,0.944310672,0.329403992,0.418889761
1111,111.100000,0.680054796,0.128351143,-0.062193331,0.508226395,0.944320647,0.330040365,0.418889486
1112,111.200000,0.680117594,0.128280255,-0.062126034,0.508309537,0.944330621,0.330676737,0.418889212
1113,111.300000,0.680180393,0.128209367,-0.062058737,0.508392679,0.944340595,0.331313110,0.418888937
1114,111.400000,0.680243191,0.128138478,-0.061991439,0.508475820,0.944350569,0.331949482,0.418888663
1115,111.500000,0.680305990,0.128067590,-0.061924142,0.508558962,0.944360544,0.332585855,0.418888389
1116,111.600000,0.680368788,0.127996702,-0.061856844,0.508642104,0.944370518,0.333222227,0.418888114
1117,111.700000,0.680431587,0.127925814,-0.061789547,0.508725246,0.944380492,0.333858600,0.418887840
1118,111.800000,0.680494385,0.127854926,-0.061722250,0.508808387,0.944390466,0.334494972,0.418887565
1119,111.900000,0.680557184,0.127784037,-0.061654952,0.508891529,0.944400440,0.335131345,0.418887291
1120,112.000000,0.680619983,0.127713149,-0.061587655,0.508974671,0.944410415,0.335767717,0.418887016
1121,112.100000,0.680682781,0.127642261,-0.061520358,0.509057813,0.944420389,0.336404090,0.418886742
1122,112.200000,0.680745580,0.127571373,-0.061453060,0.509140954,0.944430363,0.337040462,0.418886467
1123,112.300000,0.680808378,0.127500484,-0.061385763,0.509224096,0.944440337,0.337676835,0.418886193
1124,112.400000,0.680871177,0.127429596,-0.061318465,0.509307238,0.944450312,0.338313207,0.418885919
1125,112.500000,0.680933975,0.127358708,-0.061251168,0.509390380,0.944460286,0.338949580,0.418885644
1126,112.600000,0.680996774,0.127287820,-0.061183871,0.509473521,0.944470260,0.339585953,0.418885370
1127,112.700000,0.681059572,0.127216931,-0.061116573,0.509556663,0.944480234,0.340222325,0.418885095
1128,112.800000,0.681122371,0.127146043,-0.061049276,0.509639805,0.944490208,0.340858698,0.418884821
1129,112.900000,0.681185170,0.127075155,-0.060981978,0.509722947,0.944500183,0.341495070,0.418884546
1130,113.000000,0.681226980,0.127027833,-0.060904704,0.509795455,0.944508764,0.341906608,0.418874516
1131,113.100000,0.681252383,0.126998935,-0.060819631,0.509859651,0.944516255,0.342142376,0.418856859
1132,113.200000,0.681277787,0.126970036,-0.060734558,0.509923847,0.944523747,0.342378145,0.418839202
1133,113.300000,0.681303190,0.126941138,-0.060649484,0.509988043,0.944531239,0.342613913,0.418821545
1134,113.400000,0.681328593,0.126912240,-0.060564411,0.510052239,0.944538731,0.342849682,0.418803888
1135,113.500000,0.681353996,0.126883341,-0.060479337,0.510116436,0.944546222,0.343085450,0.418786231
1136,113.600000,0.681379399,0.126854443,-0.060394264,0.510180632,0.944553714,0.343321219,0.418768574
1137,113.700000,0.681404802,0.126825545,-0.060309191,0.510244828,0.944561206,0.343556987,0.418750917
1138,113.800000,0.681430206,0.126796646,-0.060224117,0.510309024,0.944568698,0.343792756,0.418733260
1139,113.900000,0.681455609,0.126767748,-0.060139044,0.510373220,0.944576189,0.344028525,0.418715603
1140,114.000000,0.681481012,0.126738850,-0.060053970,0.510437416,0.944583681,0.344264293,0.418697946
1141,114.100000,0.681506415,0.126709951,-0.059968897,0.510501612,0.944591173,0.344500062,0.418680289
1142,114.200000,0.681531818,0.126681053,-0.059883824,0.510565808,0.944598665,0.344735830,0.418662632
1143,114.300000,0.681557221,0.126652155,-0.059798750,0.510630004,0.944606157,0.344971599,0.418644975
1144,114.400000,0.681582625,0.126623256,-0.059713677,0.510694200,0.944613648,0.345207367,0.418627318
1145,114.500000,0.681608028,0.126594358,-0.059628603,0.510758396,0.944621140,0.345443136,0.418609661
1146,114.600000,0.681633431,0.126565459,-0.059543530,0.510822592,0.944628632,0.345678904,0.418592004
1147,114.700000,0.681658834,0.126536561,-0.059458457,0.510886788,0.944636124,0.345914673,0.418574347
1148,114.800000,0.681684237,0.126507663,-0.059373383,0.510950984,0.944643615,0.346150441,0.418556690
1149,114.900000,0.681709640,0.126478764,-0.059288310,0.511015180,0.944651107,0.346386210,0.418539033
1150,115.000000,0.681735044,0.126449866,-0.059203236,0.511079376,0.944658599,0.346621978,0.418521376
1151,115.100000,0.681760447,0.126420968,-0.059118163,0.511143572,0.944666091,0.346857747,0.418503719
1152,115.200000,0.681785850,0.126392069,-0.059033090,0.511207768,0.944673582,0.347093515,0.418486062
1153,115.300000,0.681811253,0.126363171,-0.058948016,0.511271964,0.944681074,0.347329284,0.418468405
1154,115.400000,0.681836656,0.126334273,-0.058862943,0.511336160,0.944688566,0.347565053,0.418450748
1155,115.500000,0.681862059,0.126305374,-0.058777869,0.511400356,0.944696058,0.347800821,0.418433091
1156,115.600000,0.681887463,0.126276476,-0.058692796,0.511464552,0.944703549,0.348036590,0.418415434
1157,115.700000,0.681912866,0.126247578,-0.058607723,0.511528748,0.944711041,0.348272358,0.418397777
1158,115.800000,0.681933367,0.126222117,-0.058519969,0.511591263,0.944720262,0.348464461,0.418377358
1159,115.900000,0.681943700,0.126203786,-0.058426657,0.511650292,0.944733072,0.348565985,0.418351211
1160,116.000000,0.681954033,0.126185456,-0.058333345,0.511709320,0.944745881,0.348667509,0.418325064
1161,116.100000,0.681964366,0.126167125,-0.058240032,0.511768349,0.944758690,0.348769033,0.418298916
1162,116.200000,0.681974699,0.126148795,-0.058146720,0.511827377,0.944771499,0.348870556,0.418272769
1163,116.300000,0.681985032,0.126130465,-0.058053408,0.511886405,0.944784309,0.348972080,0.418246622
1164,116.400000,0.681995365,0.126112134,-0.057960095,0.511945434,0.944797118,0.349073604,0.418220475
1165,116.500000,0.682005698,0.126093804,-0.057866783,0.512004462,0.944809927,0.349175128,0.418194327
1166,116.600000,0.682016032,0.126075473,-0.057773471,0.512063491,0.944822736,0.349276652,0.418168180
1167,116.700000,0.682026365,0.126057143,-0.057680158,0.512122519,0.944835546,0.349378176,0.418142033
1168,116.800000,0.682036698,0.126038813,-0.057586846,0.512181548,0.944848355,0.349479700,0.418115886
1169,116.900000,0.682047031,0.126020482,-0.057493534,0.512240576,0.944861164,0.349581224,0.418089738
1170,117.000000,0.682057364,0.126002152,-0.057400221,0.512299604,0.944873973,0.349682748,0.418063591
1171,117.100000,0.682067697,0.125983821,-0.057306909,0.512358633,0.944886782,0.349784272,0.418037444
1172,117.200000,0.682078030,0.125965491,-0.057213597,0.512417661,0.944899592,0.349885796,0.418011297
1173,117.300000,0.682088363,0.125947160,-0.057120284,0.512476690,0.944912401,0.349987319,0.417985149
1174,117.400000,0.682098696,0.125928830,-0.057026972,0.512535718,0.944925210,0.350088843,0.417959002
1175,117.500000,0.682109029,0.125910500,-0.056933660,0.512594747,0.944938019,0.350190367,0.417932855
1176,117.600000,0.682119362,0.125892169,-0.056840347,0.512653775,0.944950829,0.350291891,0.417906708
1177,117.700000,0.682129695,0.125873839,-0.056747035,0.512712803,0.944963638,0.350393415,0.417880560
1178,117.800000,0.682140028,0.125855508,-0.056653723,0.512771832,0.944976447,0.350494939,0.417854413
1179,117.900000,0.682150361,0.125837178,-0.056560410,0.512830860,0.944989256,0.350596463,0.417828266
1180,118.000000,0.682160694,0.125818848,-0.056467098,0.512889889,0.945002066,0.350697987,0.417802119
1181,118.100000,0.682171027,0.125800517,-0.056373786,0.512948917,0.945014875,0.350799511,0.417775971
1182,118.200000,0.682181361,0.125782187,-0.056280473,0.513007946,0.945027684,0.350901035,0.417749824
1183,118.300000,0.682191694,0.125763856,-0.056187161,0.513066974,0.945040493,0.351002559,0.417723677
1184,118.400000,0.682202027,0.125745526,-0.056093849,0.513126002,0.945053302,0.351104082,0.417697530
1185,118.500000,0.682212360,0.125727195,-0.056000536,0.513185031,0.945066112,0.351205606,0.417671382
1186,118.600000,0.682222146,0.125700403,-0.055912173,0.513241837,0.945078911,0.351309821,0.417645040
1187,118.700000,0.682226360,0.125587319,-0.055874273,0.513275982,0.945091615,0.351441470,0.417616715
1188,118.800000,0.682230573,0.125474235,-0.055836374,0.513310126,0.945104319,0.351573119,0.417588389
1189,118.900000,0.682234787,0.125361152,-0.055798474,0.513344271,0.945117023,0.351704768,0.417560063
1190,119.000000,0.682239000,0.125248068,-0.055760575,0.513378415,0.945129726,0.351836418,0.417531737
1191,119.100000,0.682243214,0.125134984,-0.055722675,0.513412560,0.945142430,0.351968067,0.417503412
1192,119.200000,0.682247427,0.125021900,-0.055684776,0.513446705,0.945155134,0.352099716,0.417475086
1193,119.300000,0.682251640,0.124908816,-0.055646877,0.513480849,0.945167837,0.352231365,0.417446760
1194,119.400000,0.682255854,0.124795732,-0.055608977,0.513514994,0.945180541,0.352363014,0.417418434
1195,119.500000,0.682260067,0.124682648,-0.055571078,0.513549138,0.945193245,0.352494664,0.417390109
1196,119.600000,0.682264281,0.124569564,-0.055533178,0.513583283,0.945205948,0.352626313,0.417361783
1197,119.700000,0.682268494,0.124456480,-0.055495279,0.513617427,0.945218652,0.352757962,0.417333457
1198,119.800000,0.682272708,0.124343396,-0.055457379,0.513651572,0.945231356,0.352889611,0.417305131
1199,119.900000,0.682276921,0.124230312,-0.055419480,0.513685717,0.945244059,0.353021261,0.417276806
1200,120.000000,0.682281135,0.124117228,-0.055381581,0.513719861,0.945256763,0.353152910,0.417248480
1201,120.100000,0.682285348,0.124004144,-0.055343681,0.513754006,0.945269467,0.353284559,0.417220154
1202,120.200000,0.682289562,0.123891060,-0.055305782,0.513788150,0.945282171,0.353416208,0.417191828
1203,120.300000,0.682293775,0.123777976,-0.055267882,0.513822295,0.945294874,0.353547858,0.417163503
1204,120.400000,0.682297988,0.123664892,-0.055229983,0.513856439,0.945307578,0.353679507,0.417135177
1205,120.500000,0.682302202,0.123551808,-0.055192083,0.513890584,0.945320282,0.353811156,0.417106851
1206,120.600000,0.682306415,0.123438724,-0.055154184,0.513924729,0.945332985,0.353942805,0.417078525
1207,120.700000,0.682310629,0.123325640,-0.055116285,0.513958873,0.945345689,0.354074455,0.417050200
1208,120.800000,0.682314842,0.123212556,-0.055078385,0.513993018,0.945358393,0.354206104,0.417021874
1209,120.900000,0.682319056,0.123099472,-0.055040486,0.514027162,0.945371096,0.354337753,0.416993548
1210,121.000000,0.682323269,0.122986389,-0.055002586,0.514061307,0.945383800,0.354469402,0.416965222
1211,121.100000,0.682327483,0.122873305,-0.054964687,0.514095451,0.945396504,0.354601052,0.416936897
1212,121.200000,0.682331696,0.122760221,-0.054926787,0.514129596,0.945409207,0.354732701,0.416908571
1213,121.300000,0.682335910,0.122647137,-0.054888888,0.514163741,0.945421911,0.354864350,0.416880245
1214,121.400000,0.682340123,0.122534053,-0.054850989,0.514197885,0.945434615,0.354995999,0.416851919
1215,121.500000,0.682342218,0.122321109,-0.054832209,0.514225352,0.945442754,0.355165398,0.416821745
1216,121.600000,0.682343949,0.122091002,-0.054816715,0.514251671,0.945450108,0.355341286,0.416791252
1217,121.700000,0.682345680,0.121860894,-0.054801221,0.514277991,0.945457463,0.355517173,0.416760759
1218,121.800000,0.682347411,0.121630787,-0.054785727,0.514304310,0.945464817,0.355693060,0.416730267
1219,121.900000,0.682349142,0.121400680,-0.054770233,0.514330629,0.945472172,0.355868948,0.416699774
1220,122.000000,0.682350873,0.121170572,-0.054754740,0.514356948,0.945479526,0.356044835,0.416669281
1221,122.100000,0.682352604,0.120940465,-0.054739246,0.514383268,0.945486881,0.356220722,0.416638789
1222,122.200000,0.682354335,0.120710358,-0.054723752,0.514409587,0.945494235,0.356396609,0.416608296
1223,122.300000,0.682356066,0.120480251,-0.054708258,0.514435906,0.945501590,0.356572497,0.416577804
1224,122.400000,0.682357797,0.120250143,-0.054692764,0.514462225,0.945508945,0.356748384,0.416547311
1225,122.500000,0.682359528,0.120020036,-0.054677270,0.514488545,0.945516299,0.356924271,0.416516818
1226,122.600000,0.682361259,0.119789929,-0.054661777,0.514514864,0.945523654,0.357100159,0.416486326
1227,122.700000,0.682362990,0.119559822,-0.054646283,0.514541183,0.945531008,0.357276046,0.416455833
1228,122.800000,0.682364721,0.119329714,-0.054630789,0.514567503,0.945538363,0.357451933,0.416425340
1229,122.900000,0.682366452,0.119099607,-0.054615295,0.514593822,0.945545717,0.357627820,0.416394848
1230,123.000000,0.682368183,0.118869500,-0.054599801,0.514620141,0.945553072,0.357803708,0.416364355
1231,123.100000,0.682369914,0.118639392,-0.054584308,0.514646460,0.945560426,0.357979595,0.416333863
1232,123.200000,0.682371645,0.118409285,-0.054568814,0.514672780,0.945567781,0.358155482,0.416303370
1233,123.300000,0.682373376,0.118179178,-0.054553320,0.514699099,0.945575135,0.358331370,0.416272877
1234,123.400000,0.682375107,0.117949071,-0.054537826,0.514725418,0.945582490,0.358507257,0.416242385
1235,123.500000,0.682376838,0.117718963,-0.054522332,0.514751737,0.945589844,0.358683144,0.416211892
1236,123.600000,0.682378569,0.117488856,-0.054506838,0.514778057,0.945597199,0.358859031,0.416181399
1237,123.700000,0.682380300,0.117258749,-0.054491345,0.514804376,0.945604553,0.359034919,0.416150907
1238,123.800000,0.682382031,0.117028641,-0.054475851,0.514830695,0.945611908,0.359210806,0.416120414
1239,123.900000,0.682383762,0.116798534,-0.054460357,0.514857014,0.945619262,0.359386693,0.416089921
1240,124.000000,0.682385493,0.116568427,-0.054444863,0.514883334,0.945626617,0.359562581,0.416059429
1241,124.100000,0.682387224,0.116338320,-0.054429369,0.514909653,0.945633971,0.359738468,0.416028936
1242,124.200000,0.682388955,0.116108212,-0.054413875,0.514935972,0.945641326,0.359914355,0.415998444
1243,124.300000,0.682390054,0.115896906,-0.054404060,0.514967515,0.945645746,0.360111961,0.415979098
1244,124.400000,0.682390761,0.115697253,-0.054397765,0.515002295,0.945648346,0.360323027,0.415966661
1245,124.500000,0.682391468,0.115497599,-0.054391470,0.515037075,0.945650947,0.360534093,0.415954225
1246,124.600000,0.682392175,0.115297946,-0.054385174,0.515071855,0.945653548,0.360745159,0.415941788
1247,124.700000,0.682392882,0.115098293,-0.054378879,0.515106635,0.945656148,0.360956226,0.415929352
1248,124.800000,0.682393590,0.114898639,-0.054372584,0.515141415,0.945658749,0.361167292,0.415916915
1249,124.900000,0.682394297,0.114698986,-0.054366288,0.515176195,0.945661350,0.361378358,0.415904478
1250,125.000000,0.682395004,0.114499332,-0.054359993,0.515210975,0.945663950,0.361589424,0.415892042
1251,125.100000,0.682395711,0.114299679,-0.054353697,0.515245755,0.945666551,0.361800491,0.415879605
1252,125.200000,0.682396418,0.114100026,-0.054347402,0.515280535,0.945669152,0.362011557,0.415867169
1253,125.300000,0.682397125,0.113900372,-0.054341107,0.515315315,0.945671752,0.362222623,0.415854732
1254,125.400000,0.682397833,0.113700719,-0.054334811,0.515350095,0.945674353,0.362433689,0.415842295
1255,125.500000,0.682398540,0.113501065,-0.054328516,0.515384875,0.945676954,0.362644756,0.415829859
1256,125.600000,0.682399247,0.113301412,-0.054322221,0.515419655,0.945679555,0.362855822,0.415817422
1257,125.700000,0.682399954,0.113101759,-0.054315925,0.515454435,0.945682155,0.363066888,0.415804985
1258,125.800000,0.682400661,0.112902105,-0.054309630,0.515489215,0.945684756,0.363277954,0.415792549
1259,125.900000,0.682401369,0.112702452,-0.054303334,0.515523995,0.945687357,0.363489021,0.415780112
1260,126.000000,0.682402076,0.112502799,-0.054297039,0.515558775,0.945689957,0.363700087,0.415767676
1261,126.100000,0.682402783,0.112303145,-0.054290744,0.515593555,0.945692558,0.363911153,0.415755239
1262,126.200000,0.682403490,0.112103492,-0.054284448,0.515628335,0.945695159,0.364122219,0.415742802
1263,126.300000,0.682404197,0.111903838,-0.054278153,0.515663115,0.945697759,0.364333286,0.415730366
1264,126.400000,0.682404904,0.111704185,-0.054271858,0.515697895,0.945700360,0.364544352,0.415717929
1265,126.500000,0.682405612,0.111504532,-0.054265562,0.515732675,0.945702961,0.364755418,0.415705492
1266,126.600000,0.682406319,0.111304878,-0.054259267,0.515767455,0.945705561,0.364966484,0.415693056
1267,126.700000,0.682407026,0.111105225,-0.054252971,0.515802235,0.945708162,0.365177551,0.415680619
1268,126.800000,0.682407733,0.110905571,-0.054246676,0.515837015,0.945710763,0.365388617,0.415668183
1269,126.900000,0.682408440,0.110705918,-0.054240381,0.515871795,0.945713364,0.365599683,0.415655746
1270,127.000000,0.682409148,0.110506265,-0.054234085,0.515906575,0.945715964,0.365810749,0.415643309
1271,127.100000,0.682409698,0.110242289,-0.054229197,0.515945080,0.945719566,0.366088796,0.415633650
1272,127.200000,0.682409993,0.109873985,-0.054226591,0.515989627,0.945724793,0.366475481,0.415628496
1273,127.300000,0.682410289,0.109505681,-0.054223986,0.516034175,0.945730020,0.366862167,0.415623343
1274,127.400000,0.682410584,0.109137377,-0.054221380,0.516078722,0.945735247,0.367248852,0.415618189
1275,127.500000,0.682410880,0.108769073,-0.054218774,0.516123269,0.945740473,0.367635538,0.415613035
1276,127.600000,0.682411175,0.108400770,-0.054216168,0.516167817,0.945745700,0.368022223,0.415607881
1277,127.700000,0.682411471,0.108032466,-0.054213562,0.516212364,0.945750927,0.368408908,0.415602727
1278,127.800000,0.682411766,0.107664162,-0.054210956,0.516256911,0.945756153,0.368795594,0.415597573
1279,127.900000,0.682412062,0.107295858,-0.054208351,0.516301458,0.945761380,0.369182279,0.415592419
1280,128.000000,0.682412357,0.106927554,-0.054205745,0.516346006,0.945766607,0.369568965,0.415587265
1281,128.100000,0.682412653,0.106559250,-0.054203139,0.516390553,0.945771833,0.369955650,0.415582111
1282,128.200000,0.682412948,0.106190946,-0.054200533,0.516435100,0.945777060,0.370342336,0.415576958
1283,128.300000,0.682413244,0.105822643,-0.054197927,0.516479648,0.945782287,0.370729021,0.415571804
1284,128.400000,0.682413539,0.105454339,-0.054195321,0.516524195,0.945787514,0.371115707,0.415566650
1285,128.500000,0.682413835,0.105086035,-0.054192716,0.516568742,0.945792740,0.371502392,0.415561496
1286,128.600000,0.682414130,0.104717731,-0.054190110,0.516613290,0.945797967,0.371889077,0.415556342
1287,128.700000,0.682414426,0.104349427,-0.054187504,0.516657837,0.945803194,0.372275763,0.415551188
1288,128.800000,0.682414721,0.103981123,-0.054184898,0.516702384,0.945808420,0.372662448,0.415546034
1289,128.900000,0.682415017,0.103612820,-0.054182292,0.516746931,0.945813647,0.373049134,0.415540880
1290,129.000000,0.682415312,0.103244516,-0.054179686,0.516791479,0.945818874,0.373435819,0.415535726
1291,129.100000,0.682415608,0.102876212,-0.054177081,0.516836026,0.945824100,0.373822505,0.415530573
1292,129.200000,0.682415903,0.102507908,-0.054174475,0.516880573,0.945829327,0.374209190,0.415525419
1293,129.300000,0.682416199,0.102139604,-0.054171869,0.516925121,0.945834554,0.374595875,0.415520265
1294,129.400000,0.682416494,0.101771300,-0.054169263,0.516969668,0.945839781,0.374982561,0.415515111
1295,129.500000,0.682416790,0.101402996,-0.054166657,0.517014215,0.945845007,0.375369246,0.415509957
1296,129.600000,0.682417085,0.101034693,-0.054164052,0.517058762,0.945850234,0.375755932,0.415504803
1297,129.700000,0.682417381,0.100666389,-0.054161446,0.517103310,0.945855461,0.376142617,0.415499649
1298,129.800000,0.682417676,0.100298085,-0.054158840,0.517147857,0.945860687,0.376529303,0.415494495
1299,129.900000,0.682417947,0.099943048,-0.054156457,0.517189497,0.945865467,0.376968820,0.415489783
1300,130.000000,0.682418067,0.099665971,-0.054155387,0.517214049,0.945867615,0.377718793,0.415487665
1301,130.100000,0.682418187,0.099388893,-0.054154317,0.517238601,0.945869764,0.378468766,0.415485546
1302,130.200000,0.682418308,0.099111816,-0.054153247,0.517263154,0.945871913,0.379218739,0.415483428
1303,130.300000,0.682418428,0.098834739,-0.054152177,0.517287706,0.945874062,0.379968712,0.415481310
1304,130.400000,0.682418548,0.098557662,-0.054151107,0.517312259,0.945876211,0.380718685,0.415479191
1305,130.500000,0.682418669,0.098280585,-0.054150037,0.517336811,0.945878360,0.381468659,0.415477073
1306,130.600000,0.682418789,0.098003508,-0.054148967,0.517361364,0.945880509,0.382218632,0.415474955
1307,130.700000,0.682418909,0.097726431,-0.054147896,0.517385916,0.945882658,0.382968605,0.415472836
1308,130.800000,0.682419030,0.097449353,-0.054146826,0.517410469,0.945884807,0.383718578,0.415470718
1309,130.900000,0.682419150,0.097172276,-0.054145756,0.517435021,0.945886956,0.384468551,0.415468600
1310,131.000000,0.682419270,0.096895199,-0.054144686,0.517459573,0.945889105,0.385218524,0.415466481
1311,131.100000,0.682419391,0.096618122,-0.054143616,0.517484126,0.945891254,0.385968497,0.415464363
1312,131.200000,0.682419511,0.096341045,-0.054142546,0.517508678,0.945893403,0.386718471,0.415462245
1313,131.300000,0.682419631,0.096063968,-0.054141476,0.517533231,0.945895552,0.387468444,0.415460126
1314,131.400000,0.682419752,0.095786890,-0.054140406,0.517557783,0.945897701,0.388218417,0.415458008
1315,131.500000,0.682419872,0.095509813,-0.054139335,0.517582336,0.945899850,0.388968390,0.415455890
1316,131.600000,0.682419992,0.095232736,-0.054138265,0.517606888,0.945901999,0.389718363,0.415453771
1317,131.700000,0.682420113,0.094955659,-0.054137195,0.517631441,0.945904148,0.390468336,0.415451653
1318,131.800000,0.682420233,0.094678582,-0.054136125,0.517655993,0.945906297,0.391218310,0.415449535
1319,131.900000,0.682420353,0.094401505,-0.054135055,0.517680545,0.945908446,0.391968283,0.415447416
1320,132.000000,0.682420474,0.094124428,-0.054133985,0.517705098,0.945910595,0.392718256,0.415445298
1321,132.100000,0.682420594,0.093847350,-0.054132915,0.517729650,0.945912744,0.393468229,0.415443180
1322,132.200000,0.682420714,0.093570273,-0.054131845,0.517754203,0.945914893,0.394218202,0.415441061
1323,132.300000,0.682420835,0.093293196,-0.054130774,0.517778755,0.945917042,0.394968175,0.415438943
1324,132.400000,0.682420955,0.093016119,-0.054129704,0.517803308,0.945919191,0.395718149,0.415436825
1325,132.500000,0.682421075,0.092739042,-0.054128634,0.517827860,0.945921340,0.396468122,0.415434706
1326,132.600000,0.682421196,0.092461965,-0.054127564,0.517852413,0.945923488,0.397218095,0.415432588
1327,132.700000,0.682421316,0.092184887,-0.054126494,0.517876965,0.945925637,0.397968068,0.415430470
1328,132.800000,0.682421371,0.091835697,-0.054125996,0.517915703,0.945926638,0.398817920,0.415440544
1329,132.900000,0.682421420,0.091479327,-0.054125555,0.517955853,0.945927525,0.399677715,0.415451832
1330,133.000000,0.682421468,0.091122956,-0.054125114,0.517996003,0.945928412,0.400537510,0.415463121
1331,133.100000,0.682421517,0.090766586,-0.054124673,0.518036154,0.945929298,0.401397305,0.415474409
1332,133.200000,0.682421565,0.090410216,-0.054124232,0.518076304,0.945930185,0.402257101,0.415485697
1333,133.300000,0.682421614,0.090053846,-0.054123791,0.518116454,0.945931071,0.403116896,0.415496985
1334,133.400000,0.682421662,0.089697476,-0.054123349,0.518156604,0.945931958,0.403976691,0.415508274
1335,133.500000,0.682421711,0.089341106,-0.054122908,0.518196754,0.945932845,0.404836486,0.415519562
1336,133.600000,0.682421760,0.088984736,-0.054122467,0.518236905,0.945933731,0.405696281,0.415530850
1337,133.700000,0.682421808,0.088628366,-0.054122026,0.518277055,0.945934618,0.406556077,0.415542139
1338,133.800000,0.682421857,0.088271995,-0.054121585,0.518317205,0.945935504,0.407415872,0.415553427
1339,133.900000,0.682421905,0.087915625,-0.054121144,0.518357355,0.945936391,0.408275667,0.415564715
1340,134.000000,0.682421954,0.087559255,-0.054120703,0.518397505,0.945937278,0.409135462,0.415576003
1341,134.100000,0.682422002,0.087202885,-0.054120262,0.518437656,0.945938164,0.409995257,0.415587292
1342,134.200000,0.682422051,0.086846515,-0.054119821,0.518477806,0.945939051,0.410855053,0.415598580
1343,134.300000,0.682422099,0.086490145,-0.054119380,0.518517956,0.945939937,0.411714848,0.415609868
1344,134.400000,0.682422148,0.086133775,-0.054118939,0.518558106,0.945940824,0.412574643,0.415621156
1345,134.500000,0.682422197,0.085777404,-0.054118498,0.518598256,0.945941711,0.413434438,0.415632445
1346,134.600000,0.682422245,0.085421034,-0.054118057,0.518638407,0.945942597,0.414294234,0.415643733
1347,134.700000,0.682422294,0.085064664,-0.054117616,0.518678557,0.945943484,0.415154029,0.415655021
1348,134.800000,0.682422342,0.084708294,-0.054117174,0.518718707,0.945944370,0.416013824,0.415666309
1349,134.900000,0.682422391,0.084351924,-0.054116733,0.518758857,0.945945257,0.416873619,0.415677598
1350,135.000000,0.682422439,0.083995554,-0.054116292,0.518799007,0.945946144,0.417733414,0.415688886
1351,135.100000,0.682422488,0.083639184,-0.054115851,0.518839158,0.945947030,0.418593210,0.415700174
1352,135.200000,0.682422536,0.083282814,-0.054115410,0.518879308,0.945947917,0.419453005,0.415711462
1353,135.300000,0.682422585,0.082926443,-0.054114969,0.518919458,0.945948803,0.420312800,0.415722751
1354,135.400000,0.682422634,0.082570073,-0.054114528,0.518959608,0.945949690,0.421172595,0.415734039
1355,135.500000,0.682422682,0.082213703,-0.054114087,0.518999758,0.945950577,0.422032390,0.415745327
1356,135.600000,0.682422712,0.081935724,-0.054131480,0.519062108,0.945951112,0.422943333,0.415761637
1357,135.700000,0.682422733,0.081695749,-0.054157520,0.519135221,0.945951477,0.423879071,0.415780381
1358,135.800000,0.682422754,0.081455775,-0.054183559,0.519208334,0.945951842,0.424814810,0.415799125
1359,135.900000,0.682422776,0.081215800,-0.054209599,0.519281446,0.945952207,0.425750549,0.415817870
1360,136.000000,0.682422797,0.080975826,-0.054235638,0.519354559,0.945952573,0.426686287,0.415836614
1361,136.100000,0.682422818,0.080735851,-0.054261678,0.519427672,0.945952938,0.427622026,0.415855358
1362,136.200000,0.682422839,0.080495876,-0.054287717,0.519500784,0.945953303,0.428557764,0.415874102
1363,136.300000,0.682422860,0.080255902,-0.054313757,0.519573897,0.945953668,0.429493503,0.415892846
1364,136.400000,0.682422881,0.080015927,-0.054339796,0.519647010,0.945954033,0.430429242,0.415911590
1365,136.500000,0.682422902,0.079775952,-0.054365836,0.519720122,0.945954398,0.431364980,0.415930335
1366,136.600000,0.682422923,0.079535978,-0.054391875,0.519793235,0.945954764,0.432300719,0.415949079
1367,136.700000,0.682422944,0.079296003,-0.054417915,0.519866348,0.945955129,0.433236458,0.415967823
1368,136.800000,0.682422966,0.079056029,-0.054443954,0.519939461,0.945955494,0.434172196,0.415986567
1369,136.900000,0.682422987,0.078816054,-0.054469994,0.520012573,0.945955859,0.435107935,0.416005311
1370,137.000000,0.682423008,0.078576079,-0.054496033,0.520085686,0.945956224,0.436043673,0.416024055
1371,137.100000,0.682423029,0.078336105,-0.054522073,0.520158799,0.945956590,0.436979412,0.416042800
1372,137.200000,0.682423050,0.078096130,-0.054548112,0.520231911,0.945956955,0.437915151,0.416061544
1373,137.300000,0.682423071,0.077856155,-0.054574151,0.520305024,0.945957320,0.438850889,0.416080288
1374,137.400000,0.682423092,0.077616181,-0.054600191,0.520378137,0.945957685,0.439786628,0.416099032
1375,137.500000,0.682423113,0.077376206,-0.054626230,0.520451249,0.945958050,0.440722367,0.416117776
1376,137.600000,0.682423134,0.077136232,-0.054652270,0.520524362,0.945958415,0.441658105,0.416136521
1377,137.700000,0.682423155,0.076896257,-0.054678309,0.520597475,0.945958781,0.442593844,0.416155265
1378,137.800000,0.682423177,0.076656282,-0.054704349,0.520670587,0.945959146,0.443529583,0.416174009
1379,137.900000,0.682423198,0.076416308,-0.054730388,0.520743700,0.945959511,0.444465321,0.416192753
1380,138.000000,0.682423219,0.076176333,-0.054756428,0.520816813,0.945959876,0.445401060,0.416211497
1381,138.100000,0.682423240,0.075936358,-0.054782467,0.520889925,0.945960241,0.446336798,0.416230241
1382,138.200000,0.682423261,0.075696384,-0.054808507,0.520963038,0.945960606,0.447272537,0.416248986
1383,138.300000,0.682423282,0.075456409,-0.054834546,0.521036151,0.945960972,0.448208276,0.416267730
1384,138.400000,0.682423298,0.075214565,-0.054858298,0.521159974,0.945961244,0.449082977,0.416286051
1385,138.500000,0.682423306,0.074970316,-0.054879109,0.521348993,0.945961396,0.449879209,0.416303828
1386,138.600000,0.682423315,0.074726067,-0.054899921,0.521538011,0.945961548,0.450675440,0.416321606
1387,138.700000,0.682423323,0.074481818,-0.054920732,0.521727029,0.945961700,0.451471672,0.416339383
1388,138.800000,0.682423331,0.074237570,-0.054941543,0.521916048,0.945961852,0.452267903,0.416357160
1389,138.900000,0.682423340,0.073993321,-0.054962354,0.522105066,0.945962004,0.453064134,0.416374938
1390,139.000000,0.682423348,0.073749072,-0.054983165,0.522294085,0.945962156,0.453860366,0.416392715
1391,139.100000,0.682423357,0.073504823,-0.055003976,0.522483103,0.945962308,0.454656597,0.416410492
1392,139.200000,0.682423365,0.073260575,-0.055024787,0.522672122,0.945962460,0.455452829,0.416428270
1393,139.300000,0.682423374,0.073016326,-0.055045599,0.522861140,0.945962612,0.456249060,0.416446047
1394,139.400000,0.682423382,0.072772077,-0.055066410,0.523050159,0.945962764,0.457045292,0.416463824
1395,139.500000,0.682423390,0.072527828,-0.055087221,0.523239177,0.945962916,0.457841523,0.416481601
1396,139.600000,0.682423399,0.072283580,-0.055108032,0.523428196,0.945963068,0.458637754,0.416499379
1397,139.700000,0.682423407,0.072039331,-0.055128843,0.523617214,0.945963220,0.459433986,0.416517156
1398,139.800000,0.682423416,0.071795082,-0.055149654,0.523806232,0.945963372,0.460230217,0.416534933
1399,139.900000,0.682423424,0.071550833,-0.055170466,0.523995251,0.945963524,0.461026449,0.416552711
1400,140.000000,0.682423433,0.071306585,-0.055191277,0.524184269,0.945963676,0.461822680,0.416570488
1401,140.100000,0.682423441,0.071062336,-0.055212088,0.524373288,0.945963828,0.462618912,0.416588265
1402,140.200000,0.682423449,0.070818087,-0.055232899,0.524562306,0.945963980,0.463415143,0.416606043
1403,140.300000,0.682423458,0.070573838,-0.055253710,0.524751325,0.945964132,0.464211374,0.416623820
1404,140.400000,0.682423466,0.070329590,-0.055274521,0.524940343,0.945964284,0.465007606,0.416641597
1405,140.500000,0.682423475,0.070085341,-0.055295332,0.525129362,0.945964436,0.465803837,0.416659375
1406,140.600000,0.682423483,0.069841092,-0.055316144,0.525318380,0.945964588,0.466600069,0.416677152
1407,140.700000,0.682423492,0.069596843,-0.055336955,0.525507398,0.945964740,0.467396300,0.416694929
1408,140.800000,0.682423500,0.069352595,-0.055357766,0.525696417,0.945964892,0.468192532,0.416712707
1409,140.900000,0.682423508,0.069108346,-0.055378577,0.525885435,0.945965044,0.468988763,0.416730484
1410,141.000000,0.682423517,0.068864097,-0.055399388,0.526074454,0.945965196,0.469784994,0.416748261
1411,141.100000,0.682423525,0.068619848,-0.055420199,0.526263472,0.945965348,0.470581226,0.416766039
1412,141.200000,0.682423533,0.068401067,-0.055443819,0.526458635,0.945965481,0.471315595,0.416781709
1413,141.300000,0.682423537,0.068283178,-0.055478566,0.526678137,0.945965543,0.471804892,0.416789032
1414,141.400000,0.682423541,0.068165289,-0.055513313,0.526897640,0.945965604,0.472294190,0.416796355
1415,141.500000,0.682423545,0.068047400,-0.055548059,0.527117143,0.945965665,0.472783487,0.416803678
1416,141.600000,0.682423550,0.067929510,-0.055582806,0.527336645,0.945965726,0.473272785,0.416811001
1417,141.700000,0.682423554,0.067811621,-0.055617553,0.527556148,0.945965787,0.473762083,0.416818323
1418,141.800000,0.682423558,0.067693732,-0.055652299,0.527775651,0.945965849,0.474251380,0.416825646
1419,141.900000,0.682423562,0.067575842,-0.055687046,0.527995153,0.945965910,0.474740678,0.416832969
1420,142.000000,0.682423567,0.067457953,-0.055721793,0.528214656,0.945965971,0.475229975,0.416840292
1421,142.100000,0.682423571,0.067340064,-0.055756540,0.528434159,0.945966032,0.475719273,0.416847615
1422,142.200000,0.682423575,0.067222175,-0.055791286,0.528653661,0.945966093,0.476208570,0.416854938
1423,142.300000,0.682423579,0.067104285,-0.055826033,0.528873164,0.945966155,0.476697868,0.416862261
1424,142.400000,0.682423583,0.066986396,-0.055860780,0.529092667,0.945966216,0.477187165,0.416869584
1425,142.500000,0.682423588,0.066868507,-0.055895526,0.529312169,0.945966277,0.477676463,0.416876907
1426,142.600000,0.682423592,0.066750618,-0.055930273,0.529531672,0.945966338,0.478165760,0.416884229
1427,142.700000,0.682423596,0.066632728,-0.055965020,0.529751174,0.945966399,0.478655058,0.416891552
1428,142.800000,0.682423600,0.066514839,-0.055999767,0.529970677,0.945966461,0.479144355,0.416898875
1429,142.900000,0.682423604,0.066396950,-0.056034513,0.530190180,0.945966522,0.479633653,0.416906198
1430,143.000000,0.682423609,0.066279060,-0.056069260,0.530409682,0.945966583,0.480122950,0.416913521
1431,143.100000,0.682423613,0.066161171,-0.056104007,0.530629185,0.945966644,0.480612248,0.416920844
1432,143.200000,0.682423617,0.066043282,-0.056138753,0.530848688,0.945966705,0.481101546,0.416928167
1433,143.300000,0.682423621,0.065925393,-0.056173500,0.531068190,0.945966767,0.481590843,0.416935490
1434,143.400000,0.682423626,0.065807503,-0.056208247,0.531287693,0.945966828,0.482080141,0.416942813
1435,143.500000,0.682423630,0.065689614,-0.056242994,0.531507196,0.945966889,0.482569438,0.416950135
1436,143.600000,0.682423634,0.065571725,-0.056277740,0.531726698,0.945966950,0.483058736,0.416957458
1437,143.700000,0.682423638,0.065453835,-0.056312487,0.531946201,0.945967011,0.483548033,0.416964781
1438,143.800000,0.682423642,0.065335946,-0.056347234,0.532165704,0.945967072,0.484037331,0.416972104
1439,143.900000,0.682423647,0.065218057,-0.056381980,0.532385206,0.945967134,0.484526628,0.416979427
1440,144.000000,0.682423651,0.065100168,-0.056416727,0.532604709,0.945967195,0.485015926,0.416986750
1441,144.100000,0.682423653,0.065047044,-0.056443203,0.532757451,0.945967224,0.485230387,0.416990146
1442,144.200000,0.682423655,0.064996229,-0.056469384,0.532907814,0.945967251,0.485435052,0.416993402
1443,144.300000,0.682423657,0.064945414,-0.056495565,0.533058177,0.945967278,0.485639717,0.416996658
1444,144.400000,0.682423659,0.064894599,-0.056521746,0.533208540,0.945967306,0.485844382,0.416999914
1445,144.500000,0.682423662,0.064843784,-0.056547927,0.533358903,0.945967333,0.486049047,0.417003171
1446,144.600000,0.682423664,0.064792969,-0.056574108,0.533509265,0.945967361,0.486253711,0.417006427
1447,144.700000,0.682423666,0.064742154,-0.056600289,0.533659628,0.945967388,0.486458376,0.417009683
1448,144.800000,0.682423668,0.064691339,-0.056626470,0.533809991,0.945967416,0.486663041,0.417012939
1449,144.900000,0.682423670,0.064640524,-0.056652651,0.533960354,0.945967443,0.486867706,0.417016195
1450,145.000000,0.682423672,0.064589709,-0.056678832,0.534110717,0.945967471,0.487072371,0.417019451
1451,145.100000,0.682423674,0.064538894,-0.056705013,0.534261079,0.945967498,0.487277035,0.417022707
1452,145.200000,0.682423676,0.064488079,-0.056731194,0.534411442,0.945967525,0.487481700,0.417025963
1453,145.300000,0.682423679,0.064437264,-0.056757375,0.534561805,0.945967553,0.487686365,0.417029220
1454,145.400000,0.682423681,0.064386449,-0.056783556,0.534712168,0.945967580,0.487891030,0.417032476
1455,145.500000,0.682423683,0.064335634,-0.056809737,0.534862530,0.945967608,0.488095695,0.417035732
1456,145.600000,0.682423685,0.064284819,-0.056835918,0.535012893,0.945967635,0.488300359,0.417038988
1457,145.700000,0.682423687,0.064234004,-0.056862100,0.535163256,0.945967663,0.488505024,0.417042244
1458,145.800000,0.682423689,0.064183189,-0.056888281,0.535313619,0.945967690,0.488709689,0.417045500
1459,145.900000,0.682423691,0.064132375,-0.056914462,0.535463982,0.945967718,0.488914354,0.417048756
1460,146.000000,0.682423693,0.064081560,-0.056940643,0.535614344,0.945967745,0.489119019,0.417052013
1461,146.100000,0.682423696,0.064030745,-0.056966824,0.535764707,0.945967772,0.489323683,0.417055269
1462,146.200000,0.682423698,0.063979930,-0.056993005,0.535915070,0.945967800,0.489528348,0.417058525
1463,146.300000,0.682423700,0.063929115,-0.057019186,0.536065433,0.945967827,0.489733013,0.417061781
1464,146.400000,0.682423702,0.063878300,-0.057045367,0.536215796,0.945967855,0.489937678,0.417065037
1465,146.500000,0.682423704,0.063827485,-0.057071548,0.536366158,0.945967882,0.490142343,0.417068293
1466,146.600000,0.682423706,0.063776670,-0.057097729,0.536516521,0.945967910,0.490347007,0.417071549
1467,146.700000,0.682423708,0.063725855,-0.057123910,0.536666884,0.945967937,0.490551672,0.417074805
1468,146.800000,0.682423710,0.063675040,-0.057150091,0.536817247,0.945967965,0.490756337,0.417078062
1469,146.900000,0.682423711,0.063648675,-0.057134864,0.536895271,0.945967980,0.490859938,0.417079769
1470,147.000000,0.682423711,0.063631370,-0.057104290,0.536946486,0.945967990,0.490926086,0.417080903
1471,147.100000,0.682423711,0.063614066,-0.057073717,0.536997702,0.945968001,0.490992233,0.417082036
1472,147.200000,0.682423711,0.063596762,-0.057043144,0.537048918,0.945968011,0.491058381,0.417083170
1473,147.300000,0.682423711,0.063579458,-0.057012571,0.537100134,0.945968022,0.491124528,0.417084303
1474,147.400000,0.682423711,0.063562153,-0.056981998,0.537151350,0.945968032,0.491190676,0.417085437
1475,147.500000,0.682423711,0.063544849,-0.056951425,0.537202566,0.945968043,0.491256824,0.417086571
1476,147.600000,0.682423711,0.063527545,-0.056920852,0.537253781,0.945968054,0.491322971,0.417087704
1477,147.700000,0.682423711,0.063510241,-0.056890279,0.537304997,0.945968064,0.491389119,0.417088838
1478,147.800000,0.682423711,0.063492936,-0.056859706,0.537356213,0.945968075,0.491455266,0.417089971
1479,147.900000,0.682423711,0.063475632,-0.056829133,0.537407429,0.945968085,0.491521414,0.417091105
1480,148.000000,0.682423711,0.063458328,-0.056798559,0.537458645,0.945968096,0.491587561,0.417092239
1481,148.100000,0.682423711,0.063441024,-0.056767986,0.537509860,0.945968106,0.491653709,0.417093372
1482,148.200000,0.682423711,0.063423719,-0.056737413,0.537561076,0.945968117,0.491719857,0.417094506
1483,148.300000,0.682423711,0.063406415,-0.056706840,0.537612292,0.945968127,0.491786004,0.417095639
1484,148.400000,0.682423711,0.063389111,-0.056676267,0.537663508,0.945968138,0.491852152,0.417096773
1485,148.500000,0.682423711,0.063371807,-0.056645694,0.537714724,0.945968149,0.491918299,0.417097907
1486,148.600000,0.682423711,0.063354503,-0.056615121,0.537765939,0.945968159,0.491984447,0.417099040
1487,148.700000,0.682423711,0.063337198,-0.056584548,0.537817155,0.945968170,0.492050594,0.417100174
1488,148.800000,0.682423711,0.063319894,-0.056553975,0.537868371,0.945968180,0.492116742,0.417101307
1489,148.900000,0.682423711,0.063302590,-0.056523402,0.537919587,0.945968191,0.492182890,0.417102441
1490,149.000000,0.682423711,0.063285286,-0.056492828,0.537970803,0.945968201,0.492249037,0.417103574
1491,149.100000,0.682423711,0.063267981,-0.056462255,0.538022018,0.945968212,0.492315185,0.417104708
1492,149.200000,0.682423711,0.063250677,-0.056431682,0.538073234,0.945968222,0.492381332,0.417105842
1493,149.300000,0.682423711,0.063233373,-0.056401109,0.538124450,0.945968233,0.492447480,0.417106975
1494,149.400000,0.682423711,0.063216069,-0.056370536,0.538175666,0.945968244,0.492513628,0.417108109
1495,149.500000,0.682423711,0.063198764,-0.056339963,0.538226882,0.945968254,0.492579775,0.417109242
1496,149.600000,0.682423711,0.063181460,-0.056309390,0.538278098,0.945968265,0.492645923,0.417110376
1497,149.700000,0.682423711,0.063169197,-0.056271503,0.538312290,0.945971110,0.492626552,0.417111182
1498,149.800000,0.682423711,0.063162105,-0.056226114,0.538329022,0.945976862,0.492519459,0.417111653
1499,149.900000,0.682423711,0.063155013,-0.056180724,0.538345753,0.945982614,0.492412366,0.417112124
1500,150.000000,0.682423711,0.063147921,-0.056135335,0.538362484,0.945988367,0.492305274,0.417112595
1501,150.100000,0.682423711,0.063140829,-0.056089946,0.538379216,0.945994119,0.492198181,0.417113065
1502,150.200000,0.682423711,0.063133737,-0.056044556,0.538395947,0.945999871,0.492091089,0.417113536
1503,150.300000,0.682423711,0.063126645,-0.055999167,0.538412678,0.946005624,0.491983996,0.417114007
1504,150.400000,0.682423711,0.063119553,-0.055953777,0.538429410,0.946011376,0.491876903,0.417114478
1505,150.500000,0.682423711,0.063112461,-0.055908388,0.538446141,0.946017128,0.491769811,0.417114948
1506,150.600000,0.682423711,0.063105369,-0.055862999,0.538462873,0.946022881,0.491662718,0.417115419
1507,150.700000,0.682423711,0.063098277,-0.055817609,0.538479604,0.946028633,0.491555626,0.417115890
1508,150.800000,0.682423711,0.063091185,-0.055772220,0.538496335,0.946034385,0.491448533,0.417116361
1509,150.900000,0.682423711,0.063084093,-0.055726831,0.538513067,0.946040138,0.491341440,0.417116831
1510,151.000000,0.682423711,0.063077001,-0.055681441,0.538529798,0.946045890,0.491234348,0.417117302
1511,151.100000,0.682423711,0.063069909,-0.055636052,0.538546529,0.946051642,0.491127255,0.417117773
1512,151.200000,0.682423711,0.063062817,-0.055590663,0.538563261,0.946057395,0.491020163,0.417118244
1513,151.300000,0.682423711,0.063055725,-0.055545273,0.538579992,0.946063147,0.490913070,0.417118714
1514,151.400000,0.682423711,0.063048633,-0.055499884,0.538596723,0.946068899,0.490805978,0.417119185
1515,151.500000,0.682423711,0.063041541,-0.055454495,0.538613455,0.946074652,0.490698885,0.417119656
1516,151.600000,0.682423711,0.063034449,-0.055409105,0.538630186,0.946080404,0.490591792,0.417120127
1517,151.700000,0.682423711,0.063027357,-0.055363716,0.538646917,0.946086156,0.490484700,0.417120597
1518,151.800000,0.682423711,0.063020265,-0.055318327,0.538663649,0.946091909,0.490377607,0.417121068
1519,151.900000,0.682423711,0.063013173,-0.055272937,0.538680380,0.946097661,0.490270515,0.417121539
1520,152.000000,0.682423711,0.063006081,-0.055227548,0.538697111,0.946103414,0.490163422,0.417122010
1521,152.100000,0.682423711,0.062998990,-0.055182159,0.538713843,0.946109166,0.490056329,0.417122480
1522,152.200000,0.682423711,0.062991898,-0.055136769,0.538730574,0.946114918,0.489949237,0.417122951
1523,152.300000,0.682423711,0.062984806,-0.055091380,0.538747306,0.946120671,0.489842144,0.417123422
1524,152.400000,0.682423711,0.062977714,-0.055045991,0.538764037,0.946126423,0.489735052,0.417123893
1525,152.500000,0.682423711,0.062971695,-0.055007439,0.538769940,0.946139165,0.489558238,0.417127445
1526,152.600000,0.682423711,0.062968770,-0.054988585,0.538744649,0.946172045,0.489180569,0.417139877
1527,152.700000,0.682423711,0.062965845,-0.054969732,0.538719358,0.946204926,0.488802899,0.417152308
1528,152.800000,0.682423711,0.062962920,-0.054950878,0.538694066,0.946237806,0.488425230,0.417164739
1529,152.900000,0.682423711,0.062959995,-0.054932024,0.538668775,0.946270686,0.488047560,0.417177171
1530,153.000000,0.682423711,0.062957070,-0.054913170,0.538643484,0.946303566,0.487669890,0.417189602
1531,153.100000,0.682423711,0.062954145,-0.054894317,0.538618193,0.946336446,0.487292221,0.417202033
1532,153.200000,0.682423711,0.062951220,-0.054875463,0.538592901,0.946369326,0.486914551,0.417214465
1533,153.300000,0.682423711,0.062948295,-0.054856609,0.538567610,0.946402206,0.486536882,0.417226896
1534,153.400000,0.682423711,0.062945370,-0.054837756,0.538542319,0.946435086,0.486159212,0.417239327
1535,153.500000,0.682423711,0.062942445,-0.054818902,0.538517028,0.946467967,0.485781542,0.417251759
1536,153.600000,0.682423711,0.062939520,-0.054800048,0.538491736,0.946500847,0.485403873,0.417264190
1537,153.700000,0.682423711,0.062936595,-0.054781195,0.538466445,0.946533727,0.485026203,0.417276621
1538,153.800000,0.682423711,0.062933670,-0.054762341,0.538441154,0.946566607,0.484648534,0.417289053
1539,153.900000,0.682423711,0.062930745,-0.054743487,0.538415863,0.946599487,0.484270864,0.417301484
1540,154.000000,0.682423711,0.062927820,-0.054724634,0.538390571,0.946632367,0.483893194,0.417313915
1541,154.100000,0.682423711,0.062924895,-0.054705780,0.538365280,0.946665247,0.483515525,0.417326347
1542,154.200000,0.682423711,0.062921970,-0.054686926,0.538339989,0.946698127,0.483137855,0.417338778
1543,154.300000,0.682423711,0.062919045,-0.054668073,0.538314698,0.946731007,0.482760186,0.417351209
1544,154.400000,0.682423711,0.062916120,-0.054649219,0.538289406,0.946763888,0.482382516,0.417363641
1545,154.500000,0.682423711,0.062913195,-0.054630365,0.538264115,0.946796768,0.482004846,0.417376072
1546,154.600000,0.682423711,0.062910270,-0.054611512,0.538238824,0.946829648,0.481627177,0.417388503
1547,154.700000,0.682423711,0.062907345,-0.054592658,0.538213533,0.946862528,0.481249507,0.417400935
1548,154.800000,0.682423711,0.062904420,-0.054573804,0.538188241,0.946895408,0.480871838,0.417413366
1549,154.900000,0.682423711,0.062901495,-0.054554951,0.538162950,0.946928288,0.480494168,0.417425797
1550,155.000000,0.682423711,0.062898570,-0.054536097,0.538137659,0.946961168,0.480116499,0.417438229
1551,155.100000,0.682423711,0.062895645,-0.054517243,0.538112368,0.946994048,0.479738829,0.417450660
1552,155.200000,0.682423711,0.062892721,-0.054498389,0.538087076,0.947026929,0.479361159,0.417463091
1553,155.300000,0.682423711,0.062889833,-0.054479776,0.538059621,0.947059390,0.478976769,0.417475886
1554,155.400000,0.682423711,0.062888627,-0.054471987,0.537934615,0.947072995,0.478289462,0.417505058
1555,155.500000,0.682423711,0.062887421,-0.054464199,0.537809609,0.947086600,0.477602154,0.417534231
1556,155.600000,0.682423711,0.062886215,-0.054456411,0.537684602,0.947100205,0.476914846,0.417563403
1557,155.700000,0.682423711,0.062885009,-0.054448622,0.537559596,0.947113811,0.476227539,0.417592575
1558,155.800000,0.682423711,0.062883803,-0.054440834,0.537434590,0.947127416,0.475540231,0.417621747
1559,155.900000,0.682423711,0.062882598,-0.054433045,0.537309584,0.947141021,0.474852924,0.417650920
1560,156.000000,0.682423711,0.062881392,-0.054425257,0.537184578,0.947154626,0.474165616,0.417680092
1561,156.100000,0.682423711,0.062880186,-0.054417468,0.537059572,0.947168231,0.473478309,0.417709264
1562,156.200000,0.682423711,0.062878980,-0.054409680,0.536934566,0.947181836,0.472791001,0.417738437
1563,156.300000,0.682423711,0.062877774,-0.054401891,0.536809560,0.947195441,0.472103693,0.417767609
1564,156.400000,0.682423711,0.062876568,-0.054394103,0.536684554,0.947209046,0.471416386,0.417796781
1565,156.500000,0.682423711,0.062875362,-0.054386314,0.536559548,0.947222651,0.470729078,0.417825953
1566,156.600000,0.682423711,0.062874156,-0.054378526,0.536434542,0.947236256,0.470041771,0.417855126
1567,156.700000,0.682423711,0.062872951,-0.054370737,0.536309536,0.947249861,0.469354463,0.417884298
1568,156.800000,0.682423711,0.062871745,-0.054362949,0.536184529,0.947263466,0.468667156,0.417913470
1569,156.900000,0.682423711,0.062870539,-0.054355160,0.536059523,0.947277071,0.467979848,0.417942642
1570,157.000000,0.682423711,0.062869333,-0.054347372,0.535934517,0.947290676,0.467292541,0.417971815
1571,157.100000,0.682423711,0.062868127,-0.054339583,0.535809511,0.947304281,0.466605233,0.418000987
1572,157.200000,0.682423711,0.062866921,-0.054331795,0.535684505,0.947317886,0.465917925,0.418030159
1573,157.300000,0.682423711,0.062865715,-0.054324007,0.535559499,0.947331491,0.465230618,0.418059331
1574,157.400000,0.682423711,0.062864509,-0.054316218,0.535434493,0.947345097,0.464543310,0.418088504
1575,157.500000,0.682423711,0.062863304,-0.054308430,0.535309487,0.947358702,0.463856003,0.418117676
1576,157.600000,0.682423711,0.062862098,-0.054300641,0.535184481,0.947372307,0.463168695,0.418146848
1577,157.700000,0.682423711,0.062860892,-0.054292853,0.535059475,0.947385912,0.462481388,0.418176020
1578,157.800000,0.682423711,0.062859686,-0.054285064,0.534934469,0.947399517,0.461794080,0.418205193
1579,157.900000,0.682423711,0.062858480,-0.054277276,0.534809462,0.947413122,0.461106772,0.418234365
1580,158.000000,0.682423711,0.062857274,-0.054269487,0.534684456,0.947426727,0.460419465,0.418263537
1581,158.100000,0.682423711,0.062856068,-0.054261699,0.534559450,0.947440332,0.459732157,0.418292709
1582,158.200000,0.682423711,0.062855419,-0.054245533,0.534362189,0.947447662,0.458623678,0.418345719
1583,158.300000,0.682423711,0.062854922,-0.054227083,0.534145223,0.947453282,0.457400348,0.418405229
1584,158.400000,0.682423711,0.062854424,-0.054208633,0.533928258,0.947458901,0.456177018,0.418464738
1585,158.500000,0.682423711,0.062853927,-0.054190183,0.533711293,0.947464520,0.454953688,0.418524248
1586,158.600000,0.682423711,0.062853430,-0.054171733,0.533494327,0.947470140,0.453730358,0.418583758
1587,158.700000,0.682423711,0.062852932,-0.054153284,0.533277362,0.947475759,0.452507028,0.418643267
1588,158.800000,0.682423711,0.062852435,-0.054134834,0.533060397,0.947481378,0.451283698,0.418702777
1589,158.900000,0.682423711,0.062851938,-0.054116384,0.532843432,0.947486998,0.450060369,0.418762287
1590,159.000000,0.682423711,0.062851440,-0.054097934,0.532626466,0.947492617,0.448837039,0.418821796
1591,159.100000,0.682423711,0.062850943,-0.054079484,0.532409501,0.947498236,0.447613709,0.418881306
1592,159.200000,0.682423711,0.062850445,-0.054061034,0.532192536,0.947503856,0.446390379,0.418940816
1593,159.300000,0.682423711,0.062849948,-0.054042584,0.531975570,0.947509475,0.445167049,0.419000326
1594,159.400000,0.682423711,0.062849451,-0.054024134,0.531758605,0.947515094,0.443943719,0.419059835
1595,159.500000,0.682423711,0.062848953,-0.054005684,0.531541640,0.947520713,0.442720389,0.419119345
1596,159.600000,0.682423711,0.062848456,-0.053987234,0.531324675,0.947526333,0.441497059,0.419178855
1597,159.700000,0.682423711,0.062847958,-0.053968784,0.531107709,0.947531952,0.440273729,0.419238364
1598,159.800000,0.682423711,0.062847461,-0.053950334,0.530890744,0.947537571,0.439050399,0.419297874
1599,159.900000,0.682423711,0.062846964,-0.053931884,0.530673779,0.947543191,0.437827070,0.419357384
1600,160.000000,0.682423711,0.062846466,-0.053913434,0.530456814,0.947548810,0.436603740,0.419416893
1601,160.100000,0.682423711,0.062845969,-0.053894984,0.530239848,0.947554429,0.435380410,0.419476403
1602,160.200000,0.682423711,0.062845472,-0.053876534,0.530022883,0.947560049,0.434157080,0.419535913
1603,160.300000,0.682423711,0.062844974,-0.053858084,0.529805918,0.947565668,0.432933750,0.419595423
1604,160.400000,0.682423711,0.062844477,-0.053839634,0.529588952,0.947571287,0.431710420,0.419654932
1605,160.500000,0.682423711,0.062843979,-0.053821185,0.529371987,0.947576907,0.430487090,0.419714442
1606,160.600000,0.682423711,0.062843482,-0.053802735,0.529155022,0.947582526,0.429263760,0.419773952
1607,160.700000,0.682423711,0.062842985,-0.053784285,0.528938057,0.947588145,0.428040430,0.419833461
1608,160.800000,0.682423711,0.062842487,-0.053765835,0.528721091,0.947593765,0.426817101,0.419892971
1609,160.900000,0.682423711,0.062841990,-0.053747385,0.528504126,0.947599384,0.425593771,0.419952481
1610,161.000000,0.682423711,0.062858044,-0.053729972,0.528212755,0.947603192,0.424601412,0.420006658
1611,161.100000,0.682423711,0.062887654,-0.053713409,0.527860448,0.947605516,0.423798207,0.420056468
1612,161.200000,0.682423711,0.062917263,-0.053696847,0.527508141,0.947607840,0.422995002,0.420106278
1613,161.300000,0.682423711,0.062946873,-0.053680284,0.527155835,0.947610164,0.422191797,0.420156088
1614,161.400000,0.682423711,0.062976482,-0.053663721,0.526803528,0.947612488,0.421388592,0.420205897
1615,161.500000,0.682423711,0.063006092,-0.053647158,0.526451222,0.947614813,0.420585387,0.420255707
1616,161.600000,0.682423711,0.063035701,-0.053630595,0.526098915,0.947617137,0.419782182,0.420305517
1617,161.700000,0.682423711,0.063065311,-0.053614032,0.525746609,0.947619461,0.418978977,0.420355327
1618,161.800000,0.682423711,0.063094920,-0.053597469,0.525394302,0.947621785,0.418175772,0.420405137
1619,161.900000,0.682423711,0.063124530,-0.053580906,0.525041996,0.947624109,0.417372567,0.420454947
1620,162.000000,0.682423711,0.063154139,-0.053564343,0.524689689,0.947626433,0.416569362,0.420504757
1621,162.100000,0.682423711,0.063183748,-0.053547781,0.524337382,0.947628758,0.415766158,0.420554567
1622,162.200000,0.682423711,0.063213358,-0.053531218,0.523985076,0.947631082,0.414962953,0.420604377
1623,162.300000,0.682423711,0.063242967,-0.053514655,0.523632769,0.947633406,0.414159748,0.420654187
1624,162.400000,0.682423711,0.063272577,-0.053498092,0.523280463,0.947635730,0.413356543,0.420703997
1625,162.500000,0.682423711,0.063302186,-0.053481529,0.522928156,0.947638054,0.412553338,0.420753806
1626,162.600000,0.682423711,0.063331796,-0.053464966,0.522575850,0.947640378,0.411750133,0.420803616
1627,162.700000,0.682423711,0.063361405,-0.053448403,0.522223543,0.947642703,0.410946928,0.420853426
1628,162.800000,0.682423711,0.063391015,-0.053431840,0.521871237,0.947645027,0.410143723,0.420903236
1629,162.900000,0.682423711,0.063420624,-0.053415278,0.521518930,0.947647351,0.409340518,0.420953046
1630,163.000000,0.682423711,0.063450234,-0.053398715,0.521166623,0.947649675,0.408537313,0.421002856
1631,163.100000,0.682423711,0.063479843,-0.053382152,0.520814317,0.947651999,0.407734108,0.421052666
1632,163.200000,0.682423711,0.063509453,-0.053365589,0.520462010,0.947654323,0.406930903,0.421102476
1633,163.300000,0.682423711,0.063539062,-0.053349026,0.520109704,0.947656648,0.406127699,0.421152286
1634,163.400000,0.682423711,0.063568672,-0.053332463,0.519757397,0.947658972,0.405324494,0.421202096
1635,163.500000,0.682423711,0.063598281,-0.053315900,0.519405091,0.947661296,0.404521289,0.421251906
1636,163.600000,0.682423711,0.063627890,-0.053299337,0.519052784,0.947663620,0.403718084,0.421301715
1637,163.700000,0.682423711,0.063657500,-0.053282774,0.518700478,0.947665944,0.402914879,0.421351525
1638,163.800000,0.682423711,0.063683677,-0.053265467,0.518360155,0.947667840,0.402178255,0.421392130
1639,163.900000,0.682423711,0.063702350,-0.053246532,0.518046037,0.947668798,0.401587226,0.421412604
1640,164.000000,0.682423711,0.063721023,-0.053227597,0.517731920,0.947669757,0.400996198,0.421433078
1641,164.100000,0.682423711,0.063739695,-0.053208662,0.517417802,0.947670715,0.400405170,0.421453552
1642,164.200000,0.682423711,0.063758368,-0.053189727,0.517103685,0.947671673,0.399814141,0.421474026
1643,164.300000,0.682423711,0.063777041,-0.053170792,0.516789567,0.947672632,0.399223113,0.421494500
1644,164.400000,0.682423711,0.063795713,-0.053151857,0.516475450,0.947673590,0.398632085,0.421514974
1645,164.500000,0.682423711,0.063814386,-0.053132922,0.516161333,0.947674548,0.398041056,0.421535448
1646,164.600000,0.682423711,0.063833059,-0.053113987,0.515847215,0.947675507,0.397450028,0.421555923
1647,164.700000,0.682423711,0.063851731,-0.053095052,0.515533098,0.947676465,0.396858999,0.421576397
1648,164.800000,0.682423711,0.063870404,-0.053076117,0.515218980,0.947677424,0.396267971,0.421596871
1649,164.900000,0.682423711,0.063889076,-0.053057181,0.514904863,0.947678382,0.395676943,0.421617345
1650,165.000000,0.682423711,0.063907749,-0.053038246,0.514590745,0.947679340,0.395085914,0.421637819
1651,165.100000,0.682423711,0.063926422,-0.053019311,0.514276628,0.947680299,0.394494886,0.421658293
1652,165.200000,0.682423711,0.063945094,-0.053000376,0.513962511,0.947681257,0.393903858,0.421678767
1653,165.300000,0.682423711,0.063963767,-0.052981441,0.513648393,0.947682216,0.393312829,0.421699241
1654,165.400000,0.682423711,0.063982440,-0.052962506,0.513334276,0.947683174,0.392721801,0.421719715
1655,165.500000,0.682423711,0.064001112,-0.052943571,0.513020158,0.947684132,0.392130773,0.421740189
1656,165.600000,0.682423711,0.064019785,-0.052924636,0.512706041,0.947685091,0.391539744,0.421760663
1657,165.700000,0.682423711,0.064038458,-0.052905701,0.512391923,0.947686049,0.390948716,0.421781138
1658,165.800000,0.682423711,0.064057130,-0.052886766,0.512077806,0.947687007,0.390357688,0.421801612
1659,165.900000,0.682423711,0.064075803,-0.052867831,0.511763689,0.947687966,0.389766659,0.421822086
1660,166.000000,0.682423711,0.064094475,-0.052848896,0.511449571,0.947688924,0.389175631,0.421842560
1661,166.100000,0.682423711,0.064113148,-0.052829961,0.511135454,0.947689883,0.388584603,0.421863034
1662,166.200000,0.682423711,0.064131821,-0.052811026,0.510821336,0.947690841,0.387993574,0.421883508
1663,166.300000,0.682423711,0.064150493,-0.052792091,0.510507219,0.947691799,0.387402546,0.421903982
1664,166.400000,0.682423711,0.064169166,-0.052773155,0.510193101,0.947692758,0.386811518,0.421924456
1665,166.500000,0.682423711,0.064187839,-0.052754220,0.509878984,0.947693716,0.386220489,0.421944930
1666,166.600000,0.682423711,0.064206609,-0.052736151,0.509577924,0.947694631,0.385652013,0.421964466
1667,166.700000,0.682423711,0.064226533,-0.052728341,0.509431578,0.947695028,0.385350748,0.421972886
1668,166.800000,0.682423711,0.064246458,-0.052720532,0.509285233,0.947695425,0.385049483,0.421981305
1669,166.900000,0.682423711,0.064266382,-0.052712722,0.509138887,0.947695821,0.384748218,0.421989725
1670,167.000000,0.682423711,0.064286306,-0.052704912,0.508992542,0.947696218,0.384446953,0.421998144
1671,167.100000,0.682423711,0.064306231,-0.052697102,0.508846196,0.947696615,0.384145688,0.422006564
1672,167.200000,0.682423711,0.064326155,-0.052689292,0.508699850,0.947697012,0.383844423,0.422014983
1673,167.300000,0.682423711,0.064346080,-0.052681482,0.508553505,0.947697409,0.383543158,0.422023403
1674,167.400000,0.682423711,0.064366004,-0.052673673,0.508407159,0.947697806,0.383241894,0.422031822
1675,167.500000,0.682423711,0.064385929,-0.052665863,0.508260813,0.947698202,0.382940629,0.422040242
1676,167.600000,0.682423711,0.064405853,-0.052658053,0.508114468,0.947698599,0.382639364,0.422048661
1677,167.700000,0.682423711,0.064425778,-0.052650243,0.507968122,0.947698996,0.382338099,0.422057081
1678,167.800000,0.682423711,0.064445702,-0.052642433,0.507821776,0.947699393,0.382036834,0.422065500
1679,167.900000,0.682423711,0.064465626,-0.052634623,0.507675431,0.947699790,0.381735569,0.422073920
1680,168.000000,0.682423711,0.064485551,-0.052626814,0.507529085,0.947700187,0.381434304,0.422082339
1681,168.100000,0.682423711,0.064505475,-0.052619004,0.507382739,0.947700583,0.381133039,0.422090759
1682,168.200000,0.682423711,0.064525400,-0.052611194,0.507236394,0.947700980,0.380831774,0.422099178
1683,168.300000,0.682423711,0.064545324,-0.052603384,0.507090048,0.947701377,0.380530509,0.422107598
1684,168.400000,0.682423711,0.064565249,-0.052595574,0.506943703,0.947701774,0.380229244,0.422116017
1685,168.500000,0.682423711,0.064585173,-0.052587764,0.506797357,0.947702171,0.379927979,0.422124437
1686,168.600000,0.682423711,0.064605098,-0.052579955,0.506651011,0.947702568,0.379626714,0.422132856
1687,168.700000,0.682423711,0.064625022,-0.052572145,0.506504666,0.947702964,0.379325450,0.422141276
1688,168.800000,0.682423711,0.064644946,-0.052564335,0.506358320,0.947703361,0.379024185,0.422149695
1689,168.900000,0.682423711,0.064664871,-0.052556525,0.506211974,0.947703758,0.378722920,0.422158115
1690,169.000000,0.682423711,0.064684795,-0.052548715,0.506065629,0.947704155,0.378421655,0.422166535
1691,169.100000,0.682423711,0.064704720,-0.052540906,0.505919283,0.947704552,0.378120390,0.422174954
1692,169.200000,0.682423711,0.064724644,-0.052533096,0.505772937,0.947704949,0.377819125,0.422183374
1693,169.300000,0.682423711,0.064744569,-0.052525286,0.505626592,0.947705345,0.377517860,0.422191793
1694,169.400000,0.682423711,0.064764493,-0.052517476,0.505480246,0.947705742,0.377216595,0.422200213
1695,169.500000,0.682438541,0.064819197,-0.052513502,0.505291083,0.947700449,0.377071216,0.422217874
1696,169.600000,0.682456157,0.064880433,-0.052510248,0.505093878,0.947694086,0.376955119,0.422237271
1697,169.700000,0.682473773,0.064941670,-0.052506995,0.504896672,0.947687724,0.376839022,0.422256669
1698,169.800000,0.682491389,0.065002907,-0.052503741,0.504699466,0.947681362,0.376722925,0.422276066
1699,169.900000,0.682509005,0.065064144,-0.052500488,0.504502260,0.947674999,0.376606829,0.422295464
1700,170.000000,0.682526620,0.065125380,-0.052497234,0.504305055,0.947668637,0.376490732,0.422314861
1701,170.100000,0.682544236,0.065186617,-0.052493981,0.504107849,0.947662274,0.376374635,0.422334259
1702,170.200000,0.682561852,0.065247854,-0.052490727,0.503910643,0.947655912,0.376258538,0.422353656
1703,170.300000,0.682579468,0.065309090,-0.052487474,0.503713438,0.947649550,0.376142441,0.422373054
1704,170.400000,0.682597084,0.065370327,-0.052484220,0.503516232,0.947643187,0.376026344,0.422392451
1705,170.500000,0.682614700,0.065431564,-0.052480967,0.503319026,0.947636825,0.375910248,0.422411849
1706,170.600000,0.682632316,0.065492801,-0.052477713,0.503121820,0.947630463,0.375794151,0.422431246
1707,170.700000,0.682649931,0.065554037,-0.052474460,0.502924615,0.947624100,0.375678054,0.422450644
1708,170.800000,0.682667547,0.065615274,-0.052471206,0.502727409,0.947617738,0.375561957,0.422470041
1709,170.900000,0.682685163,0.065676511,-0.052467953,0.502530203,0.947611375,0.375445860,0.422489439
1710,171.000000,0.682702779,0.065737747,-0.052464699,0.502332997,0.947605013,0.375329764,0.422508836
1711,171.100000,0.682720395,0.065798984,-0.052461446,0.502135792,0.947598651,0.375213667,0.422528234
1712,171.200000,0.682738011,0.065860221,-0.052458192,0.501938586,0.947592288,0.375097570,0.422547631
1713,171.300000,0.682755627,0.065921458,-0.052454939,0.501741380,0.947585926,0.374981473,0.422567029
1714,171.400000,0.682773243,0.065982694,-0.052451685,0.501544174,0.947579564,0.374865376,0.422586426
1715,171.500000,0.682790858,0.066043931,-0.052448432,0.501346969,0.947573201,0.374749280,0.422605824
1716,171.600000,0.682808474,0.066105168,-0.052445178,0.501149763,0.947566839,0.374633183,0.422625221
1717,171.700000,0.682826090,0.066166404,-0.052441925,0.500952557,0.947560476,0.374517086,0.422644619
1718,171.800000,0.682843706,0.066227641,-0.052438671,0.500755352,0.947554114,0.374400989,0.422664016
1719,171.900000,0.682861322,0.066288878,-0.052435418,0.500558146,0.947547752,0.374284892,0.422683414
1720,172.000000,0.682878938,0.066350115,-0.052432164,0.500360940,0.947541389,0.374168795,0.422702811
1721,172.100000,0.682896554,0.066411351,-0.052428911,0.500163734,0.947535027,0.374052699,0.422722209
1722,172.200000,0.682914169,0.066472588,-0.052425657,0.499966529,0.947528664,0.373936602,0.422741606
1723,172.300000,0.682960301,0.066573697,-0.052423560,0.499769277,0.947525704,0.373863347,0.422744454
1724,172.400000,0.683024980,0.066700740,-0.052422216,0.499571995,0.947524957,0.373817960,0.422736537
1725,172.500000,0.683089660,0.066827784,-0.052420871,0.499374713,0.947524210,0.373772572,0.422728620
1726,172.600000,0.683154339,0.066954828,-0.052419526,0.499177431,0.947523462,0.373727185,0.422720703
1727,172.700000,0.683219018,0.067081871,-0.052418182,0.498980150,0.947522715,0.373681797,0.422712786
1728,172.800000,0.683283698,0.067208915,-0.052416837,0.498782868,0.947521968,0.373636410,0.422704869
1729,172.900000,0.683348377,0.067335959,-0.052415492,0.498585586,0.947521221,0.373591022,0.422696951
1730,173.000000,0.683413057,0.067463003,-0.052414148,0.498388304,0.947520473,0.373545635,0.422689034
1731,173.100000,0.683477736,0.067590046,-0.052412803,0.498191023,0.947519726,0.373500247,0.422681117
1732,173.200000,0.683542415,0.067717090,-0.052411458,0.497993741,0.947518979,0.373454860,0.422673200
1733,173.300000,0.683607095,0.067844134,-0.052410114,0.497796459,0.947518231,0.373409473,0.422665283
1734,173.400000,0.683671774,0.067971177,-0.052408769,0.497599177,0.947517484,0.373364085,0.422657366
1735,173.500000,0.683736454,0.068098221,-0.052407424,0.497401896,0.947516737,0.373318698,0.422649449
1736,173.600000,0.683801133,0.068225265,-0.052406080,0.497204614,0.947515990,0.373273310,0.422641532
1737,173.700000,0.683865812,0.068352308,-0.052404735,0.497007332,0.947515242,0.373227923,0.422633615
1738,173.800000,0.683930492,0.068479352,-0.052403390,0.496810050,0.947514495,0.373182535,0.422625698
1739,173.900000,0.683995171,0.068606396,-0.052402046,0.496612768,0.947513748,0.373137148,0.422617780
1740,174.000000,0.684059851,0.068733440,-0.052400701,0.496415487,0.947513001,0.373091760,0.422609863
1741,174.100000,0.684124530,0.068860483,-0.052399356,0.496218205,0.947512253,0.373046373,0.422601946
1742,174.200000,0.684189210,0.068987527,-0.052398012,0.496020923,0.947511506,0.373000985,0.422594029
1743,174.300000,0.684253889,0.069114571,-0.052396667,0.495823641,0.947510759,0.372955598,0.422586112
1744,174.400000,0.684318568,0.069241614,-0.052395322,0.495626360,0.947510011,0.372910210,0.422578195
1745,174.500000,0.684383248,0.069368658,-0.052393978,0.495429078,0.947509264,0.372864823,0.422570278
1746,174.600000,0.684447927,0.069495702,-0.052392633,0.495231796,0.947508517,0.372819436,0.422562361
1747,174.700000,0.684512607,0.069622745,-0.052391288,0.495034514,0.947507770,0.372774048,0.422554444
1748,174.800000,0.684577286,0.069749789,-0.052389944,0.494837232,0.947507022,0.372728661,0.422546527
1749,174.900000,0.684641965,0.069876833,-0.052388599,0.494639951,0.947506275,0.372683273,0.422538609
1750,175.000000,0.684706645,0.070003877,-0.052387254,0.494442669,0.947505528,0.372637886,0.422530692
1751,175.100000,0.684773030,0.070145833,-0.052388109,0.494271363,0.947506777,0.372621109,0.422524418
1752,175.200000,0.684842320,0.070313188,-0.052392712,0.494144299,0.947511428,0.372653065,0.422520941
1753,175.300000,0.684911609,0.070480544,-0.052397314,0.494017236,0.947516078,0.372685020,0.422517464
1754,175.400000,0.684980899,0.070647899,-0.052401916,0.493890173,0.947520729,0.372716976,0.422513988
1755,175.500000,0.685050189,0.070815255,-0.052406518,0.493763110,0.947525379,0.372748931,0.422510511
1756,175.600000,0.685119478,0.070982611,-0.052411120,0.493636046,0.947530029,0.372780887,0.422507034
1757,175.700000,0.685188768,0.071149966,-0.052415722,0.493508983,0.947534680,0.372812842,0.422503557
1758,175.800000,0.685258058,0.071317322,-0.052420324,0.493381920,0.947539330,0.372844798,0.422500081
1759,175.900000,0.685327348,0.071484677,-0.052424926,0.493254857,0.947543981,0.372876753,0.422496604
1760,176.000000,0.685396637,0.071652033,-0.052429528,0.493127794,0.947548631,0.372908709,0.422493127
1761,176.100000,0.685465927,0.071819389,-0.052434131,0.493000730,0.947553281,0.372940664,0.422489651
1762,176.200000,0.685535217,0.071986744,-0.052438733,0.492873667,0.947557932,0.372972620,0.422486174
1763,176.300000,0.685604507,0.072154100,-0.052443335,0.492746604,0.947562582,0.373004575,0.422482697
1764,176.400000,0.685673796,0.072321456,-0.052447937,0.492619541,0.947567233,0.373036531,0.422479220
1765,176.500000,0.685743086,0.072488811,-0.052452539,0.492492478,0.947571883,0.373068486,0.422475744
1766,176.600000,0.685812376,0.072656167,-0.052457141,0.492365414,0.947576534,0.373100442,0.422472267
1767,176.700000,0.685881666,0.072823522,-0.052461743,0.492238351,0.947581184,0.373132397,0.422468790
1768,176.800000,0.685950955,0.072990878,-0.052466345,0.492111288,0.947585834,0.373164353,0.422465313
1769,176.900000,0.686020245,0.073158234,-0.052470947,0.491984225,0.947590485,0.373196308,0.422461837
1770,177.000000,0.686089535,0.073325589,-0.052475549,0.491857161,0.947595135,0.373228264,0.422458360
1771,177.100000,0.686158825,0.073492945,-0.052480152,0.491730098,0.947599786,0.373260219,0.422454883
1772,177.200000,0.686228114,0.073660300,-0.052484754,0.491603035,0.947604436,0.373292175,0.422451406
1773,177.300000,0.686297404,0.073827656,-0.052489356,0.491475972,0.947609086,0.373324130,0.422447930
1774,177.400000,0.686366694,0.073995012,-0.052493958,0.491348909,0.947613737,0.373356086,0.422444453
1775,177.500000,0.686435984,0.074162367,-0.052498560,0.491221845,0.947618387,0.373388041,0.422440976
1776,177.600000,0.686505273,0.074329723,-0.052503162,0.491094782,0.947623038,0.373419997,0.422437499
1777,177.700000,0.686574563,0.074497079,-0.052507764,0.490967719,0.947627688,0.373451952,0.422434023
1778,177.800000,0.686643853,0.074664434,-0.052512366,0.490840656,0.947632339,0.373483908,0.422430546
1779,177.900000,0.686707624,0.074833540,-0.052520783,0.490724875,0.947635329,0.373525136,0.422427374
1780,178.000000,0.686735719,0.075013963,-0.052553858,0.490682039,0.947627583,0.373626317,0.422426171
1781,178.100000,0.686763814,0.075194385,-0.052586934,0.490639202,0.947619838,0.373727498,0.422424967
1782,178.200000,0.686791908,0.075374808,-0.052620009,0.490596366,0.947612093,0.373828679,0.422423764
1783,178.300000,0.686820003,0.075555231,-0.052653085,0.490553529,0.947604348,0.373929860,0.422422561
1784,178.400000,0.686848097,0.075735653,-0.052686160,0.490510693,0.947596603,0.374031041,0.422421358
1785,178.500000,0.686876192,0.075916076,-0.052719236,0.490467857,0.947588858,0.374132222,0.422420154
1786,178.600000,0.686904286,0.076096499,-0.052752311,0.490425020,0.947581113,0.374233403,0.422418951
1787,178.700000,0.686932381,0.076276922,-0.052785387,0.490382184,0.947573368,0.374334583,0.422417748
1788,178.800000,0.686960476,0.076457344,-0.052818462,0.490339347,0.947565623,0.374435764,0.422416545
1789,178.900000,0.686988570,0.076637767,-0.052851538,0.490296511,0.947557878,0.374536945,0.422415341
1790,179.000000,0.687016665,0.076818190,-0.052884613,0.490253675,0.947550133,0.374638126,0.422414138
1791,179.100000,0.687044759,0.076998612,-0.052917689,0.490210838,0.947542387,0.374739307,0.422412935
1792,179.200000,0.687072854,0.077179035,-0.052950764,0.490168002,0.947534642,0.374840488,0.422411732
1793,179.300000,0.687100949,0.077359458,-0.052983840,0.490125165,0.947526897,0.374941669,0.422410528
1794,179.400000,0.687129043,0.077539880,-0.053016915,0.490082329,0.947519152,0.375042850,0.422409325
1795,179.500000,0.687157138,0.077720303,-0.053049991,0.490039493,0.947511407,0.375144030,0.422408122
1796,179.600000,0.687185232,0.077900726,-0.053083066,0.489996656,0.947503662,0.375245211,0.422406919
1797,179.700000,0.687213327,0.078081148,-0.053116142,0.489953820,0.947495917,0.375346392,0.422405715
1798,179.800000,0.687241422,0.078261571,-0.053149217,0.489910984,0.947488172,0.375447573,0.422404512
1799,179.900000,0.687269516,0.078441994,-0.053182293,0.489868147,0.947480427,0.375548754,0.422403309
1800,180.000000,0.687297611,0.078622416,-0.053215368,0.489825311,0.947472682,0.375649935,0.422402106
1801,180.100000,0.687325705,0.078802839,-0.053248444,0.489782474,0.947464937,0.375751116,0.422400902
1802,180.200000,0.687353800,0.078983262,-0.053281519,0.489739638,0.947457192,0.375852297,0.422399699
1803,180.300000,0.687381895,0.079163684,-0.053314595,0.489696802,0.947449446,0.375953477,0.422398496
1804,180.400000,0.687409989,0.079344107,-0.053347670,0.489653965,0.947441701,0.376054658,0.422397293
1805,180.500000,0.687438084,0.079524530,-0.053380746,0.489611129,0.947433956,0.376155839,0.422396089
1806,180.600000,0.687466178,0.079704952,-0.053413821,0.489568292,0.947426211,0.376257020,0.422394886
1807,180.700000,0.687494273,0.079885375,-0.053446897,0.489525456,0.947418466,0.376358201,0.422393683
1808,180.800000,0.687532680,0.080033116,-0.053462445,0.489505594,0.947419839,0.376445073,0.422393116
1809,180.900000,0.687572258,0.080177145,-0.053476002,0.489488343,0.947422247,0.376530319,0.422392623
1810,181.000000,0.687611836,0.080321173,-0.053489559,0.489471091,0.947424656,0.376615566,0.422392129
1811,181.100000,0.687651414,0.080465201,-0.053503117,0.489453839,0.947427065,0.376700812,0.422391635
1812,181.200000,0.687690992,0.080609230,-0.053516674,0.489436587,0.947429473,0.376786058,0.422391141
1813,181.300000,0.687730570,0.080753258,-0.053530231,0.489419336,0.947431882,0.376871305,0.422390647
1814,181.400000,0.687770148,0.080897286,-0.053543788,0.489402084,0.947434290,0.376956551,0.422390153
1815,181.500000,0.687809726,0.081041315,-0.053557345,0.489384832,0.947436699,0.377041797,0.422389659
1816,181.600000,0.687849305,0.081185343,-0.053570903,0.489367580,0.947439108,0.377127044,0.422389165
1817,181.700000,0.687888883,0.081329372,-0.053584460,0.489350329,0.947441516,0.377212290,0.422388671
1818,181.800000,0.687928461,0.081473400,-0.053598017,0.489333077,0.947443925,0.377297537,0.422388177
1819,181.900000,0.687968039,0.081617428,-0.053611574,0.489315825,0.947446333,0.377382783,0.422387683
1820,182.000000,0.688007617,0.081761457,-0.053625131,0.489298574,0.947448742,0.377468029,0.422387189
1821,182.100000,0.688047195,0.081905485,-0.053638688,0.489281322,0.947451151,0.377553276,0.422386695
1822,182.200000,0.688086773,0.082049514,-0.053652246,0.489264070,0.947453559,0.377638522,0.422386201
1823,182.300000,0.688126352,0.082193542,-0.053665803,0.489246818,0.947455968,0.377723768,0.422385707
1824,182.400000,0.688165930,0.082337570,-0.053679360,0.489229567,0.947458376,0.377809015,0.422385213
1825,182.500000,0.688205508,0.082481599,-0.053692917,0.489212315,0.947460785,0.377894261,0.422384719
1826,182.600000,0.688245086,0.082625627,-0.053706474,0.489195063,0.947463194,0.377979508,0.422384225
1827,182.700000,0.688284664,0.082769655,-0.053720031,0.489177812,0.947465602,0.378064754,0.422383732
1828,182.800000,0.688324242,0.082913684,-0.053733589,0.489160560,0.947468011,0.378150000,0.422383238
1829,182.900000,0.688363820,0.083057712,-0.053747146,0.489143308,0.947470419,0.378235247,0.422382744
1830,183.000000,0.688403399,0.083201741,-0.053760703,0.489126056,0.947472828,0.378320493,0.422382250
1831,183.100000,0.688442977,0.083345769,-0.053774260,0.489108805,0.947475237,0.378405739,0.422381756
1832,183.200000,0.688482555,0.083489797,-0.053787817,0.489091553,0.947477645,0.378490986,0.422381262
1833,183.300000,0.688522133,0.083633826,-0.053801375,0.489074301,0.947480054,0.378576232,0.422380768
1834,183.400000,0.688561711,0.083777854,-0.053814932,0.489057050,0.947482462,0.378661479,0.422380274
1835,183.500000,0.688601289,0.083921883,-0.053828489,0.489039798,0.947484871,0.378746725,0.422379780
1836,183.600000,0.688619644,0.084016283,-0.053836810,0.489024955,0.947488817,0.378919314,0.422379477
1837,183.700000,0.688627163,0.084085346,-0.053842459,0.489011341,0.947493547,0.379136494,0.422379271
1838,183.800000,0.688634682,0.084154409,-0.053848108,0.488997728,0.947498278,0.379353675,0.422379065
1839,183.900000,0.688642201,0.084223472,-0.053853756,0.488984114,0.947503009,0.379570856,0.422378859
1840,184.000000,0.688649721,0.084292535,-0.053859405,0.488970501,0.947507739,0.379788036,0.422378653
1841,184.100000,0.688657240,0.084361598,-0.053865054,0.488956887,0.947512470,0.380005217,0.422378448
1842,184.200000,0.688664759,0.084430661,-0.053870702,0.488943274,0.947517201,0.380222397,0.422378242
1843,184.300000,0.688672278,0.084499724,-0.053876351,0.488929660,0.947521931,0.380439578,0.422378036
1844,184.400000,0.688679797,0.084568787,-0.053882000,0.488916047,0.947526662,0.380656759,0.422377830
1845,184.500000,0.688687317,0.084637850,-0.053887648,0.488902433,0.947531392,0.380873939,0.422377624
1846,184.600000,0.688694836,0.084706913,-0.053893297,0.488888820,0.947536123,0.381091120,0.422377418
1847,184.700000,0.688702355,0.084775976,-0.053898946,0.488875206,0.947540854,0.381308301,0.422377213
1848,184.800000,0.688709874,0.084845039,-0.053904594,0.488861593,0.947545584,0.381525481,0.422377007
1849,184.900000,0.688717393,0.084914102,-0.053910243,0.488847979,0.947550315,0.381742662,0.422376801
1850,185.000000,0.688724913,0.084983165,-0.053915892,0.488834366,0.947555046,0.381959842,0.422376595
1851,185.100000,0.688732432,0.085052228,-0.053921540,0.488820752,0.947559776,0.382177023,0.422376389
1852,185.200000,0.688739951,0.085121291,-0.053927189,0.488807139,0.947564507,0.382394204,0.422376183
1853,185.300000,0.688747470,0.085190355,-0.053932837,0.488793525,0.947569238,0.382611384,0.422375978
1854,185.400000,0.688754989,0.085259418,-0.053938486,0.488779912,0.947573968,0.382828565,0.422375772
1855,185.500000,0.688762509,0.085328481,-0.053944135,0.488766298,0.947578699,0.383045745,0.422375566
1856,185.600000,0.688770028,0.085397544,-0.053949783,0.488752685,0.947583429,0.383262926,0.422375360
1857,185.700000,0.688777547,0.085466607,-0.053955432,0.488739071,0.947588160,0.383480107,0.422375154
1858,185.800000,0.688785066,0.085535670,-0.053961081,0.488725458,0.947592891,0.383697287,0.422374948
1859,185.900000,0.688792586,0.085604733,-0.053966729,0.488711844,0.947597621,0.383914468,0.422374742
1860,186.000000,0.688800105,0.085673796,-0.053972378,0.488698231,0.947602352,0.384131648,0.422374537
1861,186.100000,0.688807624,0.085742859,-0.053978027,0.488684617,0.947607083,0.384348829,0.422374331
1862,186.200000,0.688815143,0.085811922,-0.053983675,0.488671004,0.947611813,0.384566010,0.422374125
1863,186.300000,0.688822662,0.085880985,-0.053989324,0.488657391,0.947616544,0.384783190,0.422373919
1864,186.400000,0.688832098,0.085964332,-0.053993563,0.488609443,0.947620095,0.384993231,0.422373765
1865,186.500000,0.688844116,0.086066923,-0.053995902,0.488515243,0.947622056,0.385193653,0.422373679
1866,186.600000,0.688856133,0.086169514,-0.053998241,0.488421044,0.947624017,0.385394074,0.422373594
1867,186.700000,0.688868151,0.086272105,-0.054000580,0.488326844,0.947625978,0.385594496,0.422373508
1868,186.800000,0.688880169,0.086374696,-0.054002919,0.488232644,0.947627939,0.385794918,0.422373423
1869,186.900000,0.688892186,0.086477287,-0.054005258,0.488138444,0.947629900,0.385995340,0.422373337
1870,187.000000,0.688904204,0.086579878,-0.054007597,0.488044244,0.947631861,0.386195762,0.422373252
1871,187.100000,0.688916221,0.086682469,-0.054009936,0.487950044,0.947633822,0.386396183,0.422373166
1872,187.200000,0.688928239,0.086785060,-0.054012275,0.487855844,0.947635783,0.386596605,0.422373081
1873,187.300000,0.688940257,0.086887651,-0.054014614,0.487761644,0.947637744,0.386797027,0.422372995
1874,187.400000,0.688952274,0.086990242,-0.054016953,0.487667444,0.947639705,0.386997449,0.422372910
1875,187.500000,0.688964292,0.087092833,-0.054019292,0.487573244,0.947641666,0.387197870,0.422372824
1876,187.600000,0.688976309,0.087195424,-0.054021631,0.487479044,0.947643627,0.387398292,0.422372739
1877,187.700000,0.688988327,0.087298015,-0.054023970,0.487384844,0.947645589,0.387598714,0.422372653
1878,187.800000,0.689000345,0.087400606,-0.054026309,0.487290644,0.947647550,0.387799136,0.422372568
1879,187.900000,0.689012362,0.087503197,-0.054028648,0.487196444,0.947649511,0.387999557,0.422372482
1880,188.000000,0.689024380,0.087605788,-0.054030987,0.487102244,0.947651472,0.388199979,0.422372397
1881,188.100000,0.689036398,0.087708379,-0.054033326,0.487008044,0.947653433,0.388400401,0.422372311
1882,188.200000,0.689048415,0.087810970,-0.054035665,0.486913844,0.947655394,0.388600823,0.422372226
1883,188.300000,0.689060433,0.087913561,-0.054038004,0.486819644,0.947657355,0.388801245,0.422372140
1884,188.400000,0.689072450,0.088016152,-0.054040343,0.486725444,0.947659316,0.389001666,0.422372055
1885,188.500000,0.689084468,0.088118743,-0.054042682,0.486631244,0.947661277,0.389202088,0.422371969
1886,188.600000,0.689096486,0.088221334,-0.054045021,0.486537044,0.947663238,0.389402510,0.422371884
1887,188.700000,0.689108503,0.088323925,-0.054047360,0.486442844,0.947665199,0.389602932,0.422371798
1888,188.800000,0.689120521,0.088426516,-0.054049699,0.486348644,0.947667160,0.389803353,0.422371713
1889,188.900000,0.689132538,0.088529107,-0.054052038,0.486254444,0.947669122,0.390003775,0.422371627
1890,189.000000,0.689144556,0.088631698,-0.054054378,0.486160244,0.947671083,0.390204197,0.422371542
1891,189.100000,0.689156574,0.088734289,-0.054056717,0.486066044,0.947673044,0.390404619,0.422371456
1892,189.200000,0.689168483,0.088834345,-0.054058796,0.485948216,0.947674787,0.390582471,0.422371380
1893,189.300000,0.689179931,0.088923596,-0.054059766,0.485729711,0.947675602,0.390664157,0.422371346
1894,189.400000,0.689191378,0.089012848,-0.054060737,0.485511206,0.947676417,0.390745842,0.422371311
1895,189.500000,0.689202826,0.089102100,-0.054061708,0.485292701,0.947677231,0.390827527,0.422371276
1896,189.600000,0.689214274,0.089191351,-0.054062679,0.485074195,0.947678046,0.390909212,0.422371241
1897,189.700000,0.689225721,0.089280603,-0.054063650,0.484855690,0.947678861,0.390990898,0.422371206
1898,189.800000,0.689237169,0.089369855,-0.054064621,0.484637185,0.947679676,0.391072583,0.422371172
1899,189.900000,0.689248617,0.089459106,-0.054065592,0.484418680,0.947680491,0.391154268,0.422371137
1900,190.000000,0.689260064,0.089548358,-0.054066563,0.484200175,0.947681305,0.391235953,0.422371102
1901,190.100000,0.689271512,0.089637610,-0.054067534,0.483981669,0.947682120,0.391317638,0.422371067
1902,190.200000,0.689282960,0.089726861,-0.054068505,0.483763164,0.947682935,0.391399324,0.422371032
1903,190.300000,0.689294407,0.089816113,-0.054069476,0.483544659,0.947683750,0.391481009,0.422370997
1904,190.400000,0.689305855,0.089905365,-0.054070447,0.483326154,0.947684565,0.391562694,0.422370963
1905,190.500000,0.689317303,0.089994616,-0.054071418,0.483107649,0.947685379,0.391644379,0.422370928
1906,190.600000,0.689328750,0.090083868,-0.054072388,0.482889143,0.947686194,0.391726064,0.422370893
1907,190.700000,0.689340198,0.090173120,-0.054073359,0.482670638,0.947687009,0.391807750,0.422370858
1908,190.800000,0.689351646,0.090262371,-0.054074330,0.482452133,0.947687824,0.391889435,0.422370823
1909,190.900000,0.689363093,0.090351623,-0.054075301,0.482233628,0.947688639,0.391971120,0.422370789
1910,191.000000,0.689374541,0.090440874,-0.054076272,0.482015123,0.947689453,0.392052805,0.422370754
1911,191.100000,0.689385989,0.090530126,-0.054077243,0.481796617,0.947690268,0.392134490,0.422370719
1912,191.200000,0.689397436,0.090619378,-0.054078214,0.481578112,0.947691083,0.392216176,0.422370684
1913,191.300000,0.689408884,0.090708629,-0.054079185,0.481359607,0.947691898,0.392297861,0.422370649
1914,191.400000,0.689420332,0.090797881,-0.054080156,0.481141102,0.947692713,0.392379546,0.422370614
1915,191.500000,0.689431779,0.090887133,-0.054081127,0.480922597,0.947693528,0.392461231,0.422370580
1916,191.600000,0.689443227,0.090976384,-0.054082098,0.480704091,0.947694342,0.392542916,0.422370545
1917,191.700000,0.689454675,0.091065636,-0.054083069,0.480485586,0.947695157,0.392624602,0.422370510
1918,191.800000,0.689466122,0.091154888,-0.054084040,0.480267081,0.947695972,0.392706287,0.422370475
1919,191.900000,0.689477570,0.091244139,-0.054085011,0.480048576,0.947696787,0.392787972,0.422370440
1920,192.000000,0.689489018,0.091333391,-0.054085981,0.479830071,0.947697602,0.392869657,0.422370406
1921,192.100000,0.689518137,0.091395787,-0.054086407,0.479605329,0.947697959,0.392904894,0.422370390
1922,192.200000,0.689548106,0.091456891,-0.054086807,0.479380287,0.947698295,0.392937897,0.422370375
1923,192.300000,0.689578075,0.091517996,-0.054087207,0.479155245,0.947698631,0.392970899,0.422370360
1924,192.400000,0.689608044,0.091579100,-0.054087607,0.478930203,0.947698966,0.393003902,0.422370346
1925,192.500000,0.689638013,0.091640204,-0.054088006,0.478705162,0.947699302,0.393036904,0.422370331
1926,192.600000,0.689667983,0.091701309,-0.054088406,0.478480120,0.947699638,0.393069907,0.422370316
1927,192.700000,0.689697952,0.091762413,-0.054088806,0.478255078,0.947699973,0.393102909,0.422370301
1928,192.800000,0.689727921,0.091823517,-0.054089206,0.478030036,0.947700309,0.393135912,0.422370287
1929,192.900000,0.689757890,0.091884621,-0.054089605,0.477804995,0.947700645,0.393168914,0.422370272
1930,193.000000,0.689787859,0.091945726,-0.054090005,0.477579953,0.947700980,0.393201917,0.422370257
1931,193.100000,0.689817828,0.092006830,-0.054090405,0.477354911,0.947701316,0.393234920,0.422370242
1932,193.200000,0.689847797,0.092067934,-0.054090805,0.477129869,0.947701652,0.393267922,0.422370227
1933,193.300000,0.689877767,0.092129039,-0.054091204,0.476904827,0.947701987,0.393300925,0.422370213
1934,193.400000,0.689907736,0.092190143,-0.054091604,0.476679786,0.947702323,0.393333927,0.422370198
1935,193.500000,0.689937705,0.092251247,-0.054092004,0.476454744,0.947702659,0.393366930,0.422370183
1936,193.600000,0.689967674,0.092312352,-0.054092403,0.476229702,0.947702994,0.393399932,0.422370168
1937,193.700000,0.689997643,0.092373456,-0.054092803,0.476004660,0.947703330,0.393432935,0.422370154
1938,193.800000,0.690027612,0.092434560,-0.054093203,0.475779618,0.947703666,0.393465937,0.422370139
1939,193.900000,0.690057582,0.092495664,-0.054093603,0.475554577,0.947704001,0.393498940,0.422370124
1940,194.000000,0.690087551,0.092556769,-0.054094002,0.475329535,0.947704337,0.393531942,0.422370109
1941,194.100000,0.690117520,0.092617873,-0.054094402,0.475104493,0.947704673,0.393564945,0.422370095
1942,194.200000,0.690147489,0.092678977,-0.054094802,0.474879451,0.947705008,0.393597948,0.422370080
1943,194.300000,0.690177458,0.092740082,-0.054095202,0.474654409,0.947705344,0.393630950,0.422370065
1944,194.400000,0.690207427,0.092801186,-0.054095601,0.474429368,0.947705680,0.393663953,0.422370050
1945,194.500000,0.690237396,0.092862290,-0.054096001,0.474204326,0.947706015,0.393696955,0.422370035
1946,194.600000,0.690267366,0.092923394,-0.054096401,0.473979284,0.947706351,0.393729958,0.422370021
1947,194.700000,0.690297335,0.092984499,-0.054096801,0.473754242,0.947706687,0.393762960,0.422370006
1948,194.800000,0.690327304,0.093045603,-0.054097200,0.473529201,0.947707022,0.393795963,0.422369991
1949,194.900000,0.690347960,0.093096692,-0.054088593,0.473272780,0.947707217,0.393814877,0.422369982
1950,195.000000,0.690364962,0.093143851,-0.054076450,0.473004044,0.947707356,0.393828261,0.422369976
1951,195.100000,0.690381964,0.093191009,-0.054064308,0.472735308,0.947707496,0.393841646,0.422369970
1952,195.200000,0.690398965,0.093238168,-0.054052165,0.472466571,0.947707635,0.393855030,0.422369963
1953,195.300000,0.690415967,0.093285327,-0.054040022,0.472197835,0.947707774,0.393868415,0.422369957
1954,195.400000,0.690432968,0.093332485,-0.054027880,0.471929099,0.947707914,0.393881799,0.422369951
1955,195.500000,0.690449970,0.093379644,-0.054015737,0.471660363,0.947708053,0.393895184,0.422369944
1956,195.600000,0.690466971,0.093426802,-0.054003594,0.471391626,0.947708192,0.393908568,0.422369938
1957,195.700000,0.690483973,0.093473961,-0.053991452,0.471122890,0.947708332,0.393921953,0.422369932
1958,195.800000,0.690500974,0.093521119,-0.053979309,0.470854154,0.947708471,0.393935337,0.422369925
1959,195.900000,0.690517976,0.093568278,-0.053967166,0.470585418,0.947708610,0.393948722,0.422369919
1960,196.000000,0.690534977,0.093615436,-0.053955024,0.470316681,0.947708750,0.393962106,0.422369913
1961,196.100000,0.690551979,0.093662595,-0.053942881,0.470047945,0.947708889,0.393975491,0.422369906
1962,196.200000,0.690568981,0.093709753,-0.053930738,0.469779209,0.947709028,0.393988875,0.422369900
1963,196.300000,0.690585982,0.093756912,-0.053918596,0.469510473,0.947709168,0.394002260,0.422369894
1964,196.400000,0.690602984,0.093804070,-0.053906453,0.469241737,0.947709307,0.394015644,0.422369887
1965,196.500000,0.690619985,0.093851229,-0.053894310,0.468973000,0.947709446,0.394029029,0.422369881
1966,196.600000,0.690636987,0.093898388,-0.053882168,0.468704264,0.947709586,0.394042413,0.422369875
1967,196.700000,0.690653988,0.093945546,-0.053870025,0.468435528,0.947709725,0.394055798,0.422369868
1968,196.800000,0.690670990,0.093992705,-0.053857882,0.468166792,0.947709864,0.394069182,0.422369862
1969,196.900000,0.690687991,0.094039863,-0.053845740,0.467898055,0.947710004,0.394082567,0.422369856
1970,197.000000,0.690704993,0.094087022,-0.053833597,0.467629319,0.947710143,0.394095951,0.422369849
1971,197.100000,0.690721994,0.094134180,-0.053821454,0.467360583,0.947710282,0.394109336,0.422369843
1972,197.200000,0.690738996,0.094181339,-0.053809312,0.467091847,0.947710422,0.394122720,0.422369837
1973,197.300000,0.690755997,0.094228497,-0.053797169,0.466823110,0.947710561,0.394136105,0.422369830
1974,197.400000,0.690772999,0.094275656,-0.053785026,0.466554374,0.947710700,0.394149489,0.422369824
1975,197.500000,0.690790001,0.094322814,-0.053772884,0.466285638,0.947710840,0.394162874,0.422369818
1976,197.600000,0.690807002,0.094369973,-0.053760741,0.466016902,0.947710979,0.394176258,0.422369811
1977,197.700000,0.690819172,0.094437963,-0.053749541,0.465825585,0.947711078,0.394177348,0.422352252
1978,197.800000,0.690826153,0.094528327,-0.053739353,0.465717414,0.947711135,0.394165234,0.422315841
1979,197.900000,0.690833134,0.094618690,-0.053729166,0.465609243,0.947711192,0.394153121,0.422279430
1980,198.000000,0.690840115,0.094709053,-0.053718978,0.465501071,0.947711249,0.394141007,0.422243020
1981,198.100000,0.690847096,0.094799417,-0.053708791,0.465392900,0.947711306,0.394128893,0.422206609
1982,198.200000,0.690854077,0.094889780,-0.053698603,0.465284729,0.947711363,0.394116780,0.422170198
1983,198.300000,0.690861057,0.094980143,-0.053688415,0.465176557,0.947711420,0.394104666,0.422133788
1984,198.400000,0.690868038,0.095070507,-0.053678228,0.465068386,0.947711477,0.394092552,0.422097377
1985,198.500000,0.690875019,0.095160870,-0.053668040,0.464960215,0.947711534,0.394080439,0.422060966
1986,198.600000,0.690882000,0.095251233,-0.053657853,0.464852044,0.947711591,0.394068325,0.422024556
1987,198.700000,0.690888981,0.095341597,-0.053647665,0.464743872,0.947711648,0.394056211,0.421988145
1988,198.800000,0.690895962,0.095431960,-0.053637478,0.464635701,0.947711705,0.394044097,0.421951734
1989,198.900000,0.690902943,0.095522323,-0.053627290,0.464527530,0.947711762,0.394031984,0.421915324
1990,199.000000,0.690909924,0.095612687,-0.053617102,0.464419358,0.947711819,0.394019870,0.421878913
1991,199.100000,0.690916905,0.095703050,-0.053606915,0.464311187,0.947711876,0.394007756,0.421842502
1992,199.200000,0.690923886,0.095793413,-0.053596727,0.464203016,0.947711933,0.393995643,0.421806092
1993,199.300000,0.690930867,0.095883777,-0.053586540,0.464094845,0.947711990,0.393983529,0.421769681
1994,199.400000,0.690937848,0.095974140,-0.053576352,0.463986673,0.947712047,0.393971415,0.421733270
1995,199.500000,0.690944829,0.096064503,-0.053566165,0.463878502,0.947712104,0.393959302,0.421696860
1996,199.600000,0.690951809,0.096154867,-0.053555977,0.463770331,0.947712161,0.393947188,0.421660449
1997,199.700000,0.690958790,0.096245230,-0.053545789,0.463662159,0.947712218,0.393935074,0.421624038
1998,199.800000,0.690965771,0.096335593,-0.053535602,0.463553988,0.947712275,0.393922960,0.421587627
1999,199.900000,0.690972752,0.096425957,-0.053525414,0.463445817,0.947712332,0.393910847,0.421551217
2000,200.000000,0.690979733,0.096516320,-0.053515227,0.463337646,0.947712389,0.393898733,0.421514806
2001,200.100000,0.690986714,0.096606683,-0.053505039,0.463229474,0.947712446,0.393886619,0.421478395
2002,200.200000,0.690993695,0.096697047,-0.053494852,0.463121303,0.947712503,0.393874506,0.421441985
2003,200.300000,0.691000676,0.096787410,-0.053484664,0.463013132,0.947712560,0.393862392,0.421405574
2004,200.400000,0.691007657,0.096877773,-0.053474476,0.462904960,0.947712617,0.393850278,0.421369163
2005,200.500000,0.691013623,0.096958959,-0.053461125,0.462805306,0.947712666,0.393835298,0.421338040
2006,200.600000,0.691016484,0.097012045,-0.053438088,0.462731727,0.947712689,0.393811539,0.421323105
2007,200.700000,0.691019344,0.097065130,-0.053415051,0.462658147,0.947712712,0.393787780,0.421308170
2008,200.800000,0.691022204,0.097118216,-0.053392014,0.462584568,0.947712735,0.393764021,0.421293235
2009,200.900000,0.691025065,0.097171302,-0.053368977,0.462510989,0.947712759,0.393740263,0.421278300
2010,201.000000,0.691027925,0.097224388,-0.053345939,0.462437410,0.947712782,0.393716504,0.421263365
2011,201.100000,0.691030785,0.097277474,-0.053322902,0.462363831,0.947712805,0.393692745,0.421248430
2012,201.200000,0.691033645,0.097330560,-0.053299865,0.462290251,0.947712828,0.393668987,0.421233495
2013,201.300000,0.691036506,0.097383645,-0.053276828,0.462216672,0.947712851,0.393645228,0.421218560
2014,201.400000,0.691039366,0.097436731,-0.053253791,0.462143093,0.947712874,0.393621469,0.421203625
2015,201.500000,0.691042226,0.097489817,-0.053230753,0.462069514,0.947712898,0.393597711,0.421188690
2016,201.600000,0.691045087,0.097542903,-0.053207716,0.461995935,0.947712921,0.393573952,0.421173755
2017,201.700000,0.691047947,0.097595989,-0.053184679,0.461922355,0.947712944,0.393550193,0.421158821
2018,201.800000,0.691050807,0.097649075,-0.053161642,0.461848776,0.947712967,0.393526434,0.421143886
2019,201.900000,0.691053668,0.097702160,-0.053138605,0.461775197,0.947712990,0.393502676,0.421128951
2020,202.000000,0.691056528,0.097755246,-0.053115568,0.461701618,0.947713014,0.393478917,0.421114016
2021,202.100000,0.691059388,0.097808332,-0.053092530,0.461628039,0.947713037,0.393455158,0.421099081
2022,202.200000,0.691062249,0.097861418,-0.053069493,0.461554459,0.947713060,0.393431400,0.421084146
2023,202.300000,0.691065109,0.097914504,-0.053046456,0.461480880,0.947713083,0.393407641,0.421069211
2024,202.400000,0.691067969,0.097967590,-0.053023419,0.461407301,0.947713106,0.393383882,0.421054276
2025,202.500000,0.691070830,0.098020675,-0.053000382,0.461333722,0.947713130,0.393360124,0.421039341
2026,202.600000,0.691073690,0.098073761,-0.052977345,0.461260143,0.947713153,0.393336365,0.421024406
2027,202.700000,0.691076550,0.098126847,-0.052954307,0.461186563,0.947713176,0.393312606,0.421009471
2028,202.800000,0.691079411,0.098179933,-0.052931270,0.461112984,0.947713199,0.393288847,0.420994536
2029,202.900000,0.691082271,0.098233019,-0.052908233,0.461039405,0.947713222,0.393265089,0.420979601
2030,203.000000,0.691085131,0.098286105,-0.052885196,0.460965826,0.947713246,0.393241330,0.420964666
2031,203.100000,0.691087992,0.098339190,-0.052862159,0.460892247,0.947713269,0.393217571,0.420949731
2032,203.200000,0.691090852,0.098392276,-0.052839121,0.460818667,0.947713292,0.393193813,0.420934796
2033,203.300000,0.691093695,0.098445041,-0.052816223,0.460745471,0.947713315,0.393169952,0.420919951
2034,203.400000,0.691094873,0.098466736,-0.052806724,0.460709330,0.947713324,0.393136206,0.420913799
2035,203.500000,0.691096051,0.098488432,-0.052797226,0.460673188,0.947713332,0.393102461,0.420907646
2036,203.600000,0.691097229,0.098510127,-0.052787727,0.460637047,0.947713340,0.393068715,0.420901494
2037,203.700000,0.691098407,0.098531822,-0.052778229,0.460600905,0.947713349,0.393034969,0.420895342
2038,203.800000,0.691099585,0.098553517,-0.052768731,0.460564764,0.947713357,0.393001224,0.420889189
2039,203.900000,0.691100763,0.098575213,-0.052759232,0.460528622,0.947713366,0.392967478,0.420883037
2040,204.000000,0.691101941,0.098596908,-0.052749734,0.460492481,0.947713374,0.392933732,0.420876885
2041,204.100000,0.691103118,0.098618603,-0.052740235,0.460456339,0.947713383,0.392899987,0.420870732
2042,204.200000,0.691104296,0.098640298,-0.052730737,0.460420197,0.947713391,0.392866241,0.420864580
2043,204.300000,0.691105474,0.098661994,-0.052721238,0.460384056,0.947713400,0.392832496,0.420858428
2044,204.400000,0.691106652,0.098683689,-0.052711740,0.460347914,0.947713408,0.392798750,0.420852275
2045,204.500000,0.691107830,0.098705384,-0.052702241,0.460311773,0.947713417,0.392765004,0.420846123
2046,204.600000,0.691109008,0.098727080,-0.052692743,0.460275631,0.947713425,0.392731259,0.420839971
2047,204.700000,0.691110186,0.098748775,-0.052683244,0.460239490,0.947713434,0.392697513,0.420833818
2048,204.800000,0.691111364,0.098770470,-0.052673746,0.460203348,0.947713442,0.392663768,0.420827666
2049,204.900000,0.691112542,0.098792165,-0.052664248,0.460167207,0.947713451,0.392630022,0.420821514
2050,205.000000,0.691113720,0.098813861,-0.052654749,0.460131065,0.947713459,0.392596276,0.420815361
2051,205.100000,0.691114898,0.098835556,-0.052645251,0.460094924,0.947713467,0.392562531,0.420809209
2052,205.200000,0.691116076,0.098857251,-0.052635752,0.460058782,0.947713476,0.392528785,0.420803057
2053,205.300000,0.691117254,0.098878946,-0.052626254,0.460022641,0.947713484,0.392495040,0.420796904
2054,205.400000,0.691118432,0.098900642,-0.052616755,0.459986499,0.947713493,0.392461294,0.420790752
2055,205.500000,0.691119610,0.098922337,-0.052607257,0.459950358,0.947713501,0.392427548,0.420784600
2056,205.600000,0.691120787,0.098944032,-0.052597758,0.459914216,0.947713510,0.392393803,0.420778447
2057,205.700000,0.691121965,0.098965727,-0.052588260,0.459878075,0.947713518,0.392360057,0.420772295
2058,205.800000,0.691123143,0.098987423,-0.052578762,0.459841933,0.947713527,0.392326311,0.420766143
2059,205.900000,0.691124321,0.099009118,-0.052569263,0.459805792,0.947713535,0.392292566,0.420759990
2060,206.000000,0.691125499,0.099030813,-0.052559765,0.459769650,0.947713544,0.392258820,0.420753838
2061,206.100000,0.691126677,0.099052509,-0.052550266,0.459733508,0.947713552,0.392225075,0.420747686
2062,206.200000,0.691127321,0.099043978,-0.052545094,0.459713977,0.947713557,0.392140761,0.420744336
2063,206.300000,0.691127808,0.099026636,-0.052541183,0.459699288,0.947713561,0.392041705,0.420741803
2064,206.400000,0.691128296,0.099009293,-0.052537272,0.459684599,0.947713566,0.391942649,0.420739269
2065,206.500000,0.691128783,0.098991951,-0.052533361,0.459669910,0.947713570,0.391843593,0.420736736
2066,206.600000,0.691129271,0.098974608,-0.052529449,0.459655221,0.947713574,0.391744537,0.420734203
2067,206.700000,0.691129759,0.098957266,-0.052525538,0.459640532,0.947713578,0.391645480,0.420731670
2068,206.800000,0.691130246,0.098939923,-0.052521627,0.459625843,0.947713583,0.391546424,0.420729137
2069,206.900000,0.691130734,0.098922581,-0.052517716,0.459611154,0.947713587,0.391447368,0.420726604
2070,207.000000,0.691131221,0.098905238,-0.052513805,0.459596465,0.947713591,0.391348312,0.420724070
2071,207.100000,0.691131709,0.098887896,-0.052509894,0.459581776,0.947713595,0.391249256,0.420721537
2072,207.200000,0.691132197,0.098870553,-0.052505983,0.459567087,0.947713599,0.391150199,0.420719004
2073,207.300000,0.691132684,0.098853211,-0.052502072,0.459552397,0.947713604,0.391051143,0.420716471
2074,207.400000,0.691133172,0.098835868,-0.052498161,0.459537708,0.947713608,0.390952087,0.420713938
2075,207.500000,0.691133659,0.098818526,-0.052494250,0.459523019,0.947713612,0.390853031,0.420711405
2076,207.600000,0.691134147,0.098801183,-0.052490339,0.459508330,0.947713616,0.390753975,0.420708872
2077,207.700000,0.691134635,0.098783841,-0.052486428,0.459493641,0.947713620,0.390654918,0.420706338
2078,207.800000,0.691135122,0.098766499,-0.052482517,0.459478952,0.947713625,0.390555862,0.420703805
2079,207.900000,0.691135610,0.098749156,-0.052478606,0.459464263,0.947713629,0.390456806,0.420701272
2080,208.000000,0.691136097,0.098731814,-0.052474694,0.459449574,0.947713633,0.390357750,0.420698739
2081,208.100000,0.691136585,0.098714471,-0.052470783,0.459434885,0.947713637,0.390258694,0.420696206
2082,208.200000,0.691137073,0.098697129,-0.052466872,0.459420196,0.947713642,0.390159637,0.420693673
2083,208.300000,0.691137560,0.098679786,-0.052462961,0.459405507,0.947713646,0.390060581,0.420691139
2084,208.400000,0.691138048,0.098662444,-0.052459050,0.459390818,0.947713650,0.389961525,0.420688606
2085,208.500000,0.691138535,0.098645101,-0.052455139,0.459376129,0.947713654,0.389862469,0.420686073
2086,208.600000,0.691139023,0.098627759,-0.052451228,0.459361440,0.947713658,0.389763412,0.420683540
2087,208.700000,0.691139511,0.098610416,-0.052447317,0.459346751,0.947713663,0.389664356,0.420681007
2088,208.800000,0.691139998,0.098593074,-0.052443406,0.459332062,0.947713667,0.389565300,0.420678474
2089,208.900000,0.691140486,0.098575731,-0.052439495,0.459317373,0.947713671,0.389466244,0.420675941
2090,209.000000,0.691140819,0.098542380,-0.052387533,0.459307354,0.947713674,0.389358731,0.420690287
2091,209.100000,0.691141020,0.098495297,-0.052294356,0.459301341,0.947713676,0.389243965,0.420719112
2092,209.200000,0.691141220,0.098448214,-0.052201180,0.459295328,0.947713678,0.389129200,0.420747937
2093,209.300000,0.691141421,0.098401131,-0.052108004,0.459289315,0.947713681,0.389014434,0.420776762
2094,209.400000,0.691141621,0.098354048,-0.052014828,0.459283302,0.947713683,0.388899668,0.420805587
2095,209.500000,0.691141822,0.098306966,-0.051921651,0.459277289,0.947713685,0.388784902,0.420834412
2096,209.600000,0.691142022,0.098259883,-0.051828475,0.459271276,0.947713687,0.388670136,0.420863237
2097,209.700000,0.691142223,0.098212800,-0.051735299,0.459265263,0.947713689,0.388555370,0.420892062
2098,209.800000,0.691142423,0.098165717,-0.051642122,0.459259250,0.947713691,0.388440604,0.420920887
2099,209.900000,0.691142624,0.098118634,-0.051548946,0.459253237,0.947713693,0.388325839,0.420949712
2100,210.000000,0.691142825,0.098071551,-0.051455770,0.459247224,0.947713695,0.388211073,0.420978537
2101,210.100000,0.691143025,0.098024469,-0.051362594,0.459241211,0.947713698,0.388096307,0.421007362
2102,210.200000,0.691143226,0.097977386,-0.051269417,0.459235198,0.947713700,0.387981541,0.421036187
2103,210.300000,0.691143426,0.097930303,-0.051176241,0.459229185,0.947713702,0.387866775,0.421065012
2104,210.400000,0.691143627,0.097883220,-0.051083065,0.459223172,0.947713704,0.387752009,0.421093837
2105,210.500000,0.691143827,0.097836137,-0.050989888,0.459217159,0.947713706,0.387637243,0.421122662
2106,210.600000,0.691144028,0.097789055,-0.050896712,0.459211146,0.947713708,0.387522478,0.421151487
2107,210.700000,0.691144228,0.097741972,-0.050803536,0.459205133,0.947713710,0.387407712,0.421180312
2108,210.800000,0.691144429,0.097694889,-0.050710359,0.459199120,0.947713712,0.387292946,0.421209137
2109,210.900000,0.691144630,0.097647806,-0.050617183,0.459193106,0.947713715,0.387178180,0.421237962
2110,211.000000,0.691144830,0.097600723,-0.050524007,0.459187093,0.947713717,0.387063414,0.421266787
2111,211.100000,0.691145031,0.097553640,-0.050430831,0.459181080,0.947713719,0.386948648,0.421295612
2112,211.200000,0.691145231,0.097506558,-0.050337654,0.459175067,0.947713721,0.386833883,0.421324437
2113,211.300000,0.691145432,0.097459475,-0.050244478,0.459169054,0.947713723,0.386719117,0.421353262
2114,211.400000,0.691145632,0.097412392,-0.050151302,0.459163041,0.947713725,0.386604351,0.421382087
2115,211.500000,0.691145833,0.097365309,-0.050058125,0.459157028,0.947713727,0.386489585,0.421410912
2116,211.600000,0.691146034,0.097318226,-0.049964949,0.459151015,0.947713729,0.386374819,0.421439737
2117,211.700000,0.691146234,0.097271144,-0.049871773,0.459145002,0.947713732,0.386260053,0.421468562
2118,211.800000,0.691142891,0.097229904,-0.049719904,0.459140003,0.947702880,0.386149454,0.421494607
2119,211.900000,0.691131369,0.097202148,-0.049432590,0.459137344,0.947666981,0.386048472,0.421514238
2120,212.000000,0.691119848,0.097174393,-0.049145277,0.459134686,0.947631082,0.385947490,0.421533868
2121,212.100000,0.691108326,0.097146637,-0.048857963,0.459132027,0.947595184,0.385846507,0.421553499
2122,212.200000,0.691096805,0.097118882,-0.048570649,0.459129368,0.947559285,0.385745525,0.421573130
2123,212.300000,0.691085283,0.097091126,-0.048283336,0.459126710,0.947523386,0.385644542,0.421592761
2124,212.400000,0.691073761,0.097063371,-0.047996022,0.459124051,0.947487487,0.385543560,0.421612392
2125,212.500000,0.691062240,0.097035615,-0.047708708,0.459121392,0.947451588,0.385442577,0.421632022
2126,212.600000,0.691050718,0.097007860,-0.047421395,0.459118733,0.947415690,0.385341595,0.421651653
2127,212.700000,0.691039197,0.096980104,-0.047134081,0.459116075,0.947379791,0.385240612,0.421671284
2128,212.800000,0.691027675,0.096952349,-0.046846768,0.459113416,0.947343892,0.385139630,0.421690915
2129,212.900000,0.691016154,0.096924593,-0.046559454,0.459110757,0.947307993,0.385038647,0.421710545
2130,213.000000,0.691004632,0.096896838,-0.046272140,0.459108098,0.947272094,0.384937665,0.421730176
2131,213.100000,0.690993111,0.096869082,-0.045984827,0.459105440,0.947236196,0.384836682,0.421749807
2132,213.200000,0.690981589,0.096841327,-0.045697513,0.459102781,0.947200297,0.384735700,0.421769438
2133,213.300000,0.690970068,0.096813571,-0.045410199,0.459100122,0.947164398,0.384634717,0.421789069
2134,213.400000,0.690958546,0.096785815,-0.045122886,0.459097463,0.947128499,0.384533735,0.421808699
2135,213.500000,0.690947024,0.096758060,-0.044835572,0.459094805,0.947092601,0.384432752,0.421828330
2136,213.600000,0.690935503,0.096730304,-0.044548258,0.459092146,0.947056702,0.384331770,0.421847961
2137,213.700000,0.690923981,0.096702549,-0.044260945,0.459089487,0.947020803,0.384230787,0.421867592
2138,213.800000,0.690912460,0.096674793,-0.043973631,0.459086828,0.946984904,0.384129805,0.421887222
2139,213.900000,0.690900938,0.096647038,-0.043686318,0.459084170,0.946949005,0.384028823,0.421906853
2140,214.000000,0.690889417,0.096619282,-0.043399004,0.459081511,0.946913107,0.383927840,0.421926484
2141,214.100000,0.690877895,0.096591527,-0.043111690,0.459078852,0.946877208,0.383826858,0.421946115
2142,214.200000,0.690866374,0.096563771,-0.042824377,0.459076194,0.946841309,0.383725875,0.421965746
2143,214.300000,0.690854852,0.096536016,-0.042537063,0.459073535,0.946805410,0.383624893,0.421985376
2144,214.400000,0.690843331,0.096508260,-0.042249749,0.459070876,0.946769511,0.383523910,0.422005007
2145,214.500000,0.690831809,0.096480505,-0.041962436,0.459068217,0.946733613,0.383422928,0.422024638
2146,214.600000,0.690821504,0.096451552,-0.041687179,0.459065674,0.946699090,0.383319849,0.422043415
2147,214.700000,0.690828323,0.096405757,-0.041581563,0.459064759,0.946683922,0.383187280,0.422050186
2148,214.800000,0.690835141,0.096359961,-0.041475947,0.459063844,0.946668755,0.383054710,0.422056957
2149,214.900000,0.690841960,0.096314166,-0.041370331,0.459062929,0.946653588,0.382922140,0.422063728
2150,215.000000,0.690848778,0.096268370,-0.041264715,0.459062014,0.946638421,0.382789571,0.422070499
2151,215.100000,0.690855596,0.096222575,-0.041159099,0.459061099,0.946623254,0.382657001,0.422077270
2152,215.200000,0.690862415,0.096176779,-0.041053483,0.459060184,0.946608087,0.382524432,0.422084040
2153,215.300000,0.690869233,0.096130984,-0.040947867,0.459059269,0.946592920,0.382391862,0.422090811
2154,215.400000,0.690876051,0.096085189,-0.040842251,0.459058354,0.946577752,0.382259292,0.422097582
2155,215.500000,0.690882870,0.096039393,-0.040736635,0.459057439,0.946562585,0.382126723,0.422104353
2156,215.600000,0.690889688,0.095993598,-0.040631019,0.459056524,0.946547418,0.381994153,0.422111124
2157,215.700000,0.690896506,0.095947802,-0.040525403,0.459055608,0.946532251,0.381861584,0.422117895
2158,215.800000,0.690903325,0.095902007,-0.040419787,0.459054693,0.946517084,0.381729014,0.422124666
2159,215.900000,0.690910143,0.095856211,-0.040314171,0.459053778,0.946501917,0.381596444,0.422131437
2160,216.000000,0.690916961,0.095810416,-0.040208555,0.459052863,0.946486750,0.381463875,0.422138207
2161,216.100000,0.690923780,0.095764620,-0.040102939,0.459051948,0.946471582,0.381331305,0.422144978
2162,216.200000,0.690930598,0.095718825,-0.039997323,0.459051033,0.946456415,0.381198736,0.422151749
2163,216.300000,0.690937417,0.095673029,-0.039891707,0.459050118,0.946441248,0.381066166,0.422158520
2164,216.400000,0.690944235,0.095627234,-0.039786091,0.459049203,0.946426081,0.380933597,0.422165291
2165,216.500000,0.690951053,0.095581439,-0.039680475,0.459048288,0.946410914,0.380801027,0.422172062
2166,216.600000,0.690957872,0.095535643,-0.039574859,0.459047373,0.946395747,0.380668457,0.422178833
2167,216.700000,0.690964690,0.095489848,-0.039469243,0.459046458,0.946380580,0.380535888,0.422185604
2168,216.800000,0.690971508,0.095444052,-0.039363627,0.459045543,0.946365412,0.380403318,0.422192374
2169,216.900000,0.690978327,0.095398257,-0.039258011,0.459044628,0.946350245,0.380270749,0.422199145
2170,217.000000,0.690985145,0.095352461,-0.039152395,0.459043713,0.946335078,0.380138179,0.422205916
2171,217.100000,0.690991963,0.095306666,-0.039046779,0.459042797,0.946319911,0.380005609,0.422212687
2172,217.200000,0.690998782,0.095260870,-0.038941163,0.459041882,0.946304744,0.379873040,0.422219458
2173,217.300000,0.691005600,0.095215075,-0.038835547,0.459040967,0.946289577,0.379740470,0.422226229
2174,217.400000,0.691012419,0.095169280,-0.038729931,0.459040052,0.946274410,0.379607901,0.422233000
2175,217.500000,0.691015927,0.095145764,-0.038676280,0.459021321,0.946266615,0.379464236,0.422258211
2176,217.600000,0.691018760,0.095126799,-0.038633244,0.458998950,0.946260327,0.379318305,0.422287189
2177,217.700000,0.691021593,0.095107834,-0.038590207,0.458976579,0.946254038,0.379172374,0.422316167
2178,217.800000,0.691024426,0.095088869,-0.038547170,0.458954208,0.946247750,0.379026443,0.422345145
2179,217.900000,0.691027259,0.095069904,-0.038504134,0.458931838,0.946241461,0.378880513,0.422374123
2180,218.000000,0.691030092,0.095050939,-0.038461097,0.458909467,0.946235173,0.378734582,0.422403101
2181,218.100000,0.691032925,0.095031974,-0.038418061,0.458887096,0.946228884,0.378588651,0.422432079
2182,218.200000,0.691035758,0.095013009,-0.038375024,0.458864725,0.946222596,0.378442720,0.422461057
2183,218.300000,0.691038590,0.094994044,-0.038331988,0.458842355,0.946216307,0.378296789,0.422490035
2184,218.400000,0.691041423,0.094975079,-0.038288951,0.458819984,0.946210019,0.378150858,0.422519013
2185,218.500000,0.691044256,0.094956114,-0.038245915,0.458797613,0.946203730,0.378004927,0.422547991
2186,218.600000,0.691047089,0.094937149,-0.038202878,0.458775242,0.946197442,0.377858997,0.422576969
2187,218.700000,0.691049922,0.094918184,-0.038159842,0.458752872,0.946191153,0.377713066,0.422605947
2188,218.800000,0.691052755,0.094899219,-0.038116805,0.458730501,0.946184865,0.377567135,0.422634925
2189,218.900000,0.691055588,0.094880254,-0.038073769,0.458708130,0.946178576,0.377421204,0.422663904
2190,219.000000,0.691058421,0.094861289,-0.038030732,0.458685759,0.946172288,0.377275273,0.422692882
2191,219.100000,0.691061253,0.094842324,-0.037987696,0.458663389,0.946165999,0.377129342,0.422721860
2192,219.200000,0.691064086,0.094823359,-0.037944659,0.458641018,0.946159711,0.376983411,0.422750838
2193,219.300000,0.691066919,0.094804394,-0.037901623,0.458618647,0.946153422,0.376837481,0.422779816
2194,219.400000,0.691069752,0.094785429,-0.037858586,0.458596276,0.946147134,0.376691550,0.422808794
2195,219.500000,0.691072585,0.094766464,-0.037815550,0.458573905,0.946140845,0.376545619,0.422837772
2196,219.600000,0.691075418,0.094747499,-0.037772513,0.458551535,0.946134557,0.376399688,0.422866750
2197,219.700000,0.691078251,0.094728534,-0.037729476,0.458529164,0.946128268,0.376253757,0.422895728
2198,219.800000,0.691081084,0.094709569,-0.037686440,0.458506793,0.946121980,0.376107826,0.422924706
2199,219.900000,0.691083916,0.094690604,-0.037643403,0.458484422,0.946115691,0.375961896,0.422953684
2200,220.000000,0.691086749,0.094671639,-0.037600367,0.458462052,0.946109403,0.375815965,0.422982662
2201,220.100000,0.691089582,0.094652674,-0.037557330,0.458439681,0.946103114,0.375670034,0.423011640
2202,220.200000,0.691092415,0.094633709,-0.037514294,0.458417310,0.946096826,0.375524103,0.423040618
2203,220.300000,0.691084700,0.094644924,-0.037486372,0.458394273,0.946092724,0.375386524,0.423062405
2204,220.400000,0.691069788,0.094676731,-0.037468763,0.458370781,0.946090115,0.375254644,0.423079285
2205,220.500000,0.691054877,0.094708539,-0.037451154,0.458347290,0.946087506,0.375122763,0.423096165
2206,220.600000,0.691039965,0.094740346,-0.037433545,0.458323798,0.946084897,0.374990883,0.423113045
2207,220.700000,0.691025053,0.094772154,-0.037415936,0.458300306,0.946082287,0.374859002,0.423129926
2208,220.800000,0.691010142,0.094803961,-0.037398328,0.458276815,0.946079678,0.374727122,0.423146806
2209,220.900000,0.690995230,0.094835769,-0.037380719,0.458253323,0.946077069,0.374595242,0.423163686
2210,221.000000,0.690980318,0.094867576,-0.037363110,0.458229831,0.946074460,0.374463361,0.423180566
2211,221.100000,0.690965406,0.094899384,-0.037345501,0.458206339,0.946071851,0.374331481,0.423197446
2212,221.200000,0.690950495,0.094931191,-0.037327892,0.458182848,0.946069242,0.374199601,0.423214326
2213,221.300000,0.690935583,0.094962999,-0.037310283,0.458159356,0.946066633,0.374067720,0.423231207
2214,221.400000,0.690920671,0.094994806,-0.037292674,0.458135864,0.946064023,0.373935840,0.423248087
2215,221.500000,0.690905760,0.095026614,-0.037275065,0.458112373,0.946061414,0.373803960,0.423264967
2216,221.600000,0.690890848,0.095058421,-0.037257456,0.458088881,0.946058805,0.373672079,0.423281847
2217,221.700000,0.690875936,0.095090229,-0.037239848,0.458065389,0.946056196,0.373540199,0.423298727
2218,221.800000,0.690861024,0.095122036,-0.037222239,0.458041898,0.946053587,0.373408318,0.423315607
2219,221.900000,0.690846113,0.095153844,-0.037204630,0.458018406,0.946050978,0.373276438,0.423332488
2220,222.000000,0.690831201,0.095185651,-0.037187021,0.457994914,0.946048368,0.373144558,0.423349368
2221,222.100000,0.690816289,0.095217459,-0.037169412,0.457971422,0.946045759,0.373012677,0.423366248
2222,222.200000,0.690801377,0.095249266,-0.037151803,0.457947931,0.946043150,0.372880797,0.423383128
2223,222.300000,0.690786466,0.095281074,-0.037134194,0.457924439,0.946040541,0.372748917,0.423400008
2224,222.400000,0.690771554,0.095312881,-0.037116585,0.457900947,0.946037932,0.372617036,0.423416888
2225,222.500000,0.690756642,0.095344688,-0.037098976,0.457877456,0.946035323,0.372485156,0.423433769
2226,222.600000,0.690741731,0.095376496,-0.037081368,0.457853964,0.946032714,0.372353275,0.423450649
2227,222.700000,0.690726819,0.095408303,-0.037063759,0.457830472,0.946030104,0.372221395,0.423467529
2228,222.800000,0.690711907,0.095440111,-0.037046150,0.457806981,0.946027495,0.372089515,0.423484409
2229,222.900000,0.690696995,0.095471918,-0.037028541,0.457783489,0.946024886,0.371957634,0.423501289
2230,223.000000,0.690682084,0.095503726,-0.037010932,0.457759997,0.946022277,0.371825754,0.423518170
2231,223.100000,0.690676071,0.095546874,-0.036989104,0.457693941,0.946007215,0.371692606,0.423531297
2232,223.200000,0.690685986,0.095610321,-0.036959726,0.457551705,0.945969866,0.371557189,0.423537707
2233,223.300000,0.690695901,0.095673767,-0.036930348,0.457409468,0.945932517,0.371421771,0.423544116
2234,223.400000,0.690705816,0.095737213,-0.036900970,0.457267231,0.945895168,0.371286354,0.423550526
2235,223.500000,0.690715732,0.095800660,-0.036871592,0.457124995,0.945857819,0.371150937,0.423556936
2236,223.600000,0.690725647,0.095864106,-0.036842214,0.456982758,0.945820470,0.371015519,0.423563346
2237,223.700000,0.690735562,0.095927553,-0.036812836,0.456840521,0.945783121,0.370880102,0.423569756
2238,223.800000,0.690745477,0.095990999,-0.036783458,0.456698285,0.945745772,0.370744685,0.423576166
2239,223.900000,0.690755392,0.096054445,-0.036754080,0.456556048,0.945708423,0.370609268,0.423582576
2240,224.000000,0.690765307,0.096117892,-0.036724702,0.456413811,0.945671074,0.370473850,0.423588986
2241,224.100000,0.690775222,0.096181338,-0.036695324,0.456271574,0.945633725,0.370338433,0.423595396
2242,224.200000,0.690785137,0.096244784,-0.036665946,0.456129338,0.945596376,0.370203016,0.423601806
2243,224.300000,0.690795052,0.096308231,-0.036636568,0.455987101,0.945559027,0.370067599,0.423608216
2244,224.400000,0.690804968,0.096371677,-0.036607190,0.455844864,0.945521678,0.369932181,0.423614625
2245,224.500000,0.690814883,0.096435124,-0.036577812,0.455702628,0.945484329,0.369796764,0.423621035
2246,224.600000,0.690824798,0.096498570,-0.036548434,0.455560391,0.945446980,0.369661347,0.423627445
2247,224.700000,0.690834713,0.096562016,-0.036519056,0.455418154,0.945409631,0.369525929,0.423633855
2248,224.800000,0.690844628,0.096625463,-0.036489678,0.455275918,0.945372282,0.369390512,0.423640265
2249,224.900000,0.690854543,0.096688909,-0.036460300,0.455133681,0.945334933,0.369255095,0.423646675
2250,225.000000,0.690864458,0.096752355,-0.036430922,0.454991444,0.945297584,0.369119678,0.423653085
2251,225.100000,0.690874373,0.096815802,-0.036401544,0.454849207,0.945260235,0.368984260,0.423659495
2252,225.200000,0.690884289,0.096879248,-0.036372166,0.454706971,0.945222886,0.368848843,0.423665905
2253,225.300000,0.690894204,0.096942695,-0.036342788,0.454564734,0.945185537,0.368713426,0.423672315
2254,225.400000,0.690904119,0.097006141,-0.036313410,0.454422497,0.945148188,0.368578008,0.423678725
2255,225.500000,0.690914034,0.097069587,-0.036284032,0.454280261,0.945110839,0.368442591,0.423685134
2256,225.600000,0.690923949,0.097133034,-0.036254654,0.454138024,0.945073490,0.368307174,0.423691544
2257,225.700000,0.690933864,0.097196480,-0.036225276,0.453995787,0.945036141,0.368171757,0.423697954
2258,225.800000,0.690943779,0.097259927,-0.036195898,0.453853551,0.944998792,0.368036339,0.423704364
2259,225.900000,0.690952982,0.097324340,-0.036166899,0.453709490,0.944964129,0.367900841,0.423710310
2260,226.000000,0.690957084,0.097395681,-0.036140620,0.453552365,0.944948706,0.367764757,0.423712933
2261,226.100000,0.690961186,0.097467022,-0.036114341,0.453395240,0.944933284,0.367628674,0.423715556
2262,226.200000,0.690965287,0.097538363,-0.036088061,0.453238115,0.944917861,0.367492591,0.423718179
2263,226.300000,0.690969389,0.097609704,-0.036061782,0.453080990,0.944902439,0.367356507,0.423720802
2264,226.400000,0.690973490,0.097681045,-0.036035503,0.452923864,0.944887016,0.367220424,0.423723424
2265,226.500000,0.690977592,0.097752386,-0.036009223,0.452766739,0.944871594,0.367084341,0.423726047
2266,226.600000,0.690981693,0.097823727,-0.035982944,0.452609614,0.944856171,0.366948258,0.423728670
2267,226.700000,0.690985795,0.097895068,-0.035956665,0.452452489,0.944840749,0.366812174,0.423731293
2268,226.800000,0.690989897,0.097966409,-0.035930385,0.452295364,0.944825326,0.366676091,0.423733916
2269,226.900000,0.690993998,0.098037750,-0.035904106,0.452138238,0.944809903,0.366540008,0.423736538
2270,227.000000,0.690998100,0.098109092,-0.035877827,0.451981113,0.944794481,0.366403925,0.423739161
2271,227.100000,0.691002201,0.098180433,-0.035851548,0.451823988,0.944779058,0.366267841,0.423741784
2272,227.200000,0.691006303,0.098251774,-0.035825268,0.451666863,0.944763636,0.366131758,0.423744407
2273,227.300000,0.691010404,0.098323115,-0.035798989,0.451509738,0.944748213,0.365995675,0.423747030
2274,227.400000,0.691014506,0.098394456,-0.035772710,0.451352612,0.944732791,0.365859591,0.423749653
2275,227.500000,0.691018608,0.098465797,-0.035746430,0.451195487,0.944717368,0.365723508,0.423752275
2276,227.600000,0.691022709,0.098537138,-0.035720151,0.451038362,0.944701945,0.365587425,0.423754898
2277,227.700000,0.691026811,0.098608479,-0.035693872,0.450881237,0.944686523,0.365451342,0.423757521
2278,227.800000,0.691030912,0.098679820,-0.035667592,0.450724112,0.944671100,0.365315258,0.423760144
2279,227.900000,0.691035014,0.098751161,-0.035641313,0.450566987,0.944655678,0.365179175,0.423762767
2280,228.000000,0.691039115,0.098822502,-0.035615034,0.450409861,0.944640255,0.365043092,0.423765390
2281,228.100000,0.691043217,0.098893843,-0.035588754,0.450252736,0.944624833,0.364907009,0.423768012
2282,228.200000,0.691047319,0.098965184,-0.035562475,0.450095611,0.944609410,0.364770925,0.423770635
2283,228.300000,0.691051420,0.099036525,-0.035536196,0.449938486,0.944593988,0.364634842,0.423773258
2284,228.400000,0.691055522,0.099107866,-0.035509916,0.449781361,0.944578565,0.364498759,0.423775881
2285,228.500000,0.691059623,0.099179207,-0.035483637,0.449624235,0.944563142,0.364362676,0.423778504
2286,228.600000,0.691063725,0.099250548,-0.035457358,0.449467110,0.944547720,0.364226592,0.423781127
2287,228.700000,0.691067827,0.099321890,-0.035431078,0.449309985,0.944532297,0.364090509,0.423783749
2288,228.800000,0.691069798,0.099381590,-0.035418504,0.449181357,0.944524899,0.363985159,0.423782324
2289,228.900000,0.691071498,0.099439800,-0.035407685,0.449056377,0.944518528,0.363883744,0.423780381
2290,229.000000,0.691073197,0.099498010,-0.035396865,0.448931398,0.944512157,0.363782329,0.423778438
2291,229.100000,0.691074896,0.099556220,-0.035386045,0.448806418,0.944505787,0.363680914,0.423776495
2292,229.200000,0.691076596,0.099614431,-0.035375226,0.448681438,0.944499416,0.363579499,0.423774552
2293,229.300000,0.691078295,0.099672641,-0.035364406,0.448556459,0.944493045,0.363478083,0.423772609
2294,229.400000,0.691079994,0.099730851,-0.035353586,0.448431479,0.944486674,0.363376668,0.423770666
2295,229.500000,0.691081693,0.099789061,-0.035342767,0.448306499,0.944480303,0.363275253,0.423768723
2296,229.600000,0.691083393,0.099847271,-0.035331947,0.448181520,0.944473932,0.363173838,0.423766779
2297,229.700000,0.691085092,0.099905481,-0.035321127,0.448056540,0.944467562,0.363072423,0.423764836
2298,229.800000,0.691086791,0.099963691,-0.035310307,0.447931560,0.944461191,0.362971007,0.423762893
2299,229.900000,0.691088491,0.100021902,-0.035299488,0.447806580,0.944454820,0.362869592,0.423760950
2300,230.000000,0.691090190,0.100080112,-0.035288668,0.447681601,0.944448449,0.362768177,0.423759007
2301,230.100000,0.691091889,0.100138322,-0.035277848,0.447556621,0.944442078,0.362666762,0.423757064
2302,230.200000,0.691093588,0.100196532,-0.035267029,0.447431641,0.944435707,0.362565347,0.423755121
2303,230.300000,0.691095288,0.100254742,-0.035256209,0.447306662,0.944429336,0.362463932,0.423753178
2304,230.400000,0.691096987,0.100312952,-0.035245389,0.447181682,0.944422966,0.362362516,0.423751234
2305,230.500000,0.691098686,0.100371162,-0.035234570,0.447056702,0.944416595,0.362261101,0.423749291
2306,230.600000,0.691100386,0.100429373,-0.035223750,0.446931723,0.944410224,0.362159686,0.423747348
2307,230.700000,0.691102085,0.100487583,-0.035212930,0.446806743,0.944403853,0.362058271,0.423745405
2308,230.800000,0.691103784,0.100545793,-0.035202111,0.446681763,0.944397482,0.361956856,0.423743462
2309,230.900000,0.691105483,0.100604003,-0.035191291,0.446556783,0.944391111,0.361855440,0.423741519
2310,231.000000,0.691107183,0.100662213,-0.035180471,0.446431804,0.944384741,0.361754025,0.423739576
2311,231.100000,0.691108882,0.100720423,-0.035169652,0.446306824,0.944378370,0.361652610,0.423737633
2312,231.200000,0.691110581,0.100778634,-0.035158832,0.446181844,0.944371999,0.361551195,0.423735689
2313,231.300000,0.691112281,0.100836844,-0.035148012,0.446056865,0.944365628,0.361449780,0.423733746
2314,231.400000,0.691113980,0.100895054,-0.035137193,0.445931885,0.944359257,0.361348365,0.423731803
2315,231.500000,0.691115679,0.100953264,-0.035126373,0.445806905,0.944352886,0.361246949,0.423729860
2316,231.600000,0.691114323,0.101046300,-0.035119670,0.445729873,0.944348937,0.361160592,0.423734393
2317,231.700000,0.691111325,0.101158045,-0.035115179,0.445678597,0.944346287,0.361082323,0.423742405
2318,231.800000,0.691108328,0.101269789,-0.035110688,0.445627321,0.944343638,0.361004055,0.423750417
2319,231.900000,0.691105330,0.101381533,-0.035106197,0.445576045,0.944340989,0.360925786,0.423758430
2320,232.000000,0.691102333,0.101493278,-0.035101706,0.445524769,0.944338340,0.360847517,0.423766442
2321,232.100000,0.691099335,0.101605022,-0.035097215,0.445473493,0.944335690,0.360769249,0.423774454
2322,232.200000,0.691096338,0.101716766,-0.035092724,0.445422217,0.944333041,0.360690980,0.423782466
2323,232.300000,0.691093340,0.101828511,-0.035088233,0.445370941,0.944330392,0.360612711,0.423790478
2324,232.400000,0.691090343,0.101940255,-0.035083742,0.445319665,0.944327743,0.360534443,0.423798490
2325,232.500000,0.691087345,0.102051999,-0.035079251,0.445268389,0.944325093,0.360456174,0.423806502
2326,232.600000,0.691084348,0.102163743,-0.035074760,0.445217113,0.944322444,0.360377905,0.423814514
2327,232.700000,0.691081350,0.102275488,-0.035070269,0.445165837,0.944319795,0.360299636,0.423822527
2328,232.800000,0.691078353,0.102387232,-0.035065778,0.445114562,0.944317146,0.360221368,0.423830539
2329,232.900000,0.691075355,0.102498976,-0.035061287,0.445063286,0.944314496,0.360143099,0.423838551
2330,233.000000,0.691072358,0.102610721,-0.035056796,0.445012010,0.944311847,0.360064830,0.423846563
2331,233.100000,0.691069360,0.102722465,-0.035052305,0.444960734,0.944309198,0.359986562,0.423854575
2332,233.200000,0.691066363,0.102834209,-0.035047814,0.444909458,0.944306549,0.359908293,0.423862587
2333,233.300000,0.691063365,0.102945954,-0.035043323,0.444858182,0.944303899,0.359830024,0.423870599
2334,233.400000,0.691060368,0.103057698,-0.035038832,0.444806906,0.944301250,0.359751756,0.423878611
2335,233.500000,0.691057370,0.103169442,-0.035034341,0.444755630,0.944298601,0.359673487,0.423886624
2336,233.600000,0.691054373,0.103281187,-0.035029849,0.444704354,0.944295952,0.359595218,0.423894636
2337,233.700000,0.691051375,0.103392931,-0.035025358,0.444653078,0.944293302,0.359516950,0.423902648
2338,233.800000,0.691048377,0.103504675,-0.035020867,0.444601802,0.944290653,0.359438681,0.423910660
2339,233.900000,0.691045380,0.103616420,-0.035016376,0.444550526,0.944288004,0.359360412,0.423918672
2340,234.000000,0.691042382,0.103728164,-0.035011885,0.444499250,0.944285355,0.359282144,0.423926684
2341,234.100000,0.691039385,0.103839908,-0.035007394,0.444447974,0.944282705,0.359203875,0.423934696
2342,234.200000,0.691036387,0.103951653,-0.035002903,0.444396698,0.944280056,0.359125606,0.423942708
2343,234.300000,0.691033390,0.104063397,-0.034998412,0.444345422,0.944277407,0.359047338,0.423950720
2344,234.400000,0.691032661,0.104173103,-0.034995012,0.444285013,0.944270308,0.358959110,0.423954005
2345,234.500000,0.691035135,0.104279933,-0.034993152,0.444211705,0.944256927,0.358856819,0.423950614
2346,234.600000,0.691037609,0.104386762,-0.034991292,0.444138397,0.944243546,0.358754527,0.423947223
2347,234.700000,0.691040083,0.104493591,-0.034989432,0.444065089,0.944230165,0.358652236,0.423943831
2348,234.800000,0.691042557,0.104600420,-0.034987572,0.443991781,0.944216783,0.358549945,0.423940440
2349,234.900000,0.691045031,0.104707250,-0.034985712,0.443918473,0.944203402,0.358447654,0.423937049
2350,235.000000,0.691047505,0.104814079,-0.034983852,0.443845165,0.944190021,0.358345362,0.423933658
2351,235.100000,0.691049979,0.104920908,-0.034981992,0.443771857,0.944176639,0.358243071,0.423930266
2352,235.200000,0.691052453,0.105027737,-0.034980132,0.443698549,0.944163258,0.358140780,0.423926875
2353,235.300000,0.691054927,0.105134567,-0.034978272,0.443625241,0.944149877,0.358038489,0.423923484
2354,235.400000,0.691057401,0.105241396,-0.034976412,0.443551933,0.944136495,0.357936198,0.423920093
2355,235.500000,0.691059875,0.105348225,-0.034974552,0.443478625,0.944123114,0.357833906,0.423916701
2356,235.600000,0.691062349,0.105455054,-0.034972692,0.443405317,0.944109733,0.357731615,0.423913310
2357,235.700000,0.691064823,0.105561884,-0.034970832,0.443332009,0.944096352,0.357629324,0.423909919
2358,235.800000,0.691067297,0.105668713,-0.034968972,0.443258701,0.944082970,0.357527033,0.423906528
2359,235.900000,0.691069771,0.105775542,-0.034967112,0.443185393,0.944069589,0.357424741,0.423903136
2360,236.000000,0.691072245,0.105882371,-0.034965252,0.443112085,0.944056208,0.357322450,0.423899745
2361,236.100000,0.691074719,0.105989201,-0.034963392,0.443038777,0.944042826,0.357220159,0.423896354
2362,236.200000,0.691077193,0.106096030,-0.034961532,0.442965469,0.944029445,0.357117868,0.423892963
2363,236.300000,0.691079667,0.106202859,-0.034959672,0.442892161,0.944016064,0.357015576,0.423889571
2364,236.400000,0.691082141,0.106309688,-0.034957812,0.442818854,0.944002682,0.356913285,0.423886180
2365,236.500000,0.691084615,0.106416517,-0.034955952,0.442745546,0.943989301,0.356810994,0.423882789
2366,236.600000,0.691087089,0.106523347,-0.034954092,0.442672238,0.943975920,0.356708703,0.423879398
2367,236.700000,0.691089563,0.106630176,-0.034952232,0.442598930,0.943962539,0.356606412,0.423876007
2368,236.800000,0.691092037,0.106737005,-0.034950372,0.442525622,0.943949157,0.356504120,0.423872615
2369,236.900000,0.691094511,0.106843834,-0.034948512,0.442452314,0.943935776,0.356401829,0.423869224
2370,237.000000,0.691096985,0.106950664,-0.034946652,0.442379006,0.943922395,0.356299538,0.423865833
2371,237.100000,0.691099459,0.107057493,-0.034944792,0.442305698,0.943909013,0.356197247,0.423862442
2372,237.200000,0.691101672,0.107168839,-0.034943128,0.442211990,0.943893276,0.356093372,0.423860604
2373,237.300000,0.691102688,0.107300955,-0.034942365,0.442024464,0.943866701,0.355982216,0.423865911
2374,237.400000,0.691103703,0.107433072,-0.034941603,0.441836938,0.943840126,0.355871060,0.423871218
2375,237.500000,0.691104718,0.107565188,-0.034940840,0.441649412,0.943813551,0.355759904,0.423876525
2376,237.600000,0.691105734,0.107697305,-0.034940078,0.441461886,0.943786977,0.355648747,0.423881832
2377,237.700000,0.691106749,0.107829421,-0.034939315,0.441274360,0.943760402,0.355537591,0.423887138
2378,237.800000,0.691107765,0.107961538,-0.034938552,0.441086834,0.943733827,0.355426435,0.423892445
2379,237.900000,0.691108780,0.108093654,-0.034937790,0.440899308,0.943707253,0.355315279,0.423897752
2380,238.000000,0.691109795,0.108225771,-0.034937027,0.440711782,0.943680678,0.355204123,0.423903059
2381,238.100000,0.691110811,0.108357888,-0.034936265,0.440524256,0.943654103,0.355092967,0.423908366
2382,238.200000,0.691111826,0.108490004,-0.034935502,0.440336730,0.943627528,0.354981810,0.423913673
2383,238.300000,0.691112841,0.108622121,-0.034934739,0.440149204,0.943600954,0.354870654,0.423918980
2384,238.400000,0.691113857,0.108754237,-0.034933977,0.439961678,0.943574379,0.354759498,0.423924287
2385,238.500000,0.691114872,0.108886354,-0.034933214,0.439774152,0.943547804,0.354648342,0.423929594
2386,238.600000,0.691115888,0.109018470,-0.034932452,0.439586626,0.943521230,0.354537186,0.423934901
2387,238.700000,0.691116903,0.109150587,-0.034931689,0.439399100,0.943494655,0.354426030,0.423940208
2388,238.800000,0.691117918,0.109282703,-0.034930927,0.439211574,0.943468080,0.354314873,0.423945515
2389,238.900000,0.691118934,0.109414820,-0.034930164,0.439024048,0.943441505,0.354203717,0.423950821
2390,239.000000,0.691119949,0.109546937,-0.034929401,0.438836522,0.943414931,0.354092561,0.423956128
2391,239.100000,0.691120964,0.109679053,-0.034928639,0.438648996,0.943388356,0.353981405,0.423961435
2392,239.200000,0.691121980,0.109811170,-0.034927876,0.438461470,0.943361781,0.353870249,0.423966742
2393,239.300000,0.691122995,0.109943286,-0.034927114,0.438273944,0.943335207,0.353759093,0.423972049
2394,239.400000,0.691124011,0.110075403,-0.034926351,0.438086418,0.943308632,0.353647936,0.423977356
2395,239.500000,0.691125026,0.110207519,-0.034925589,0.437898892,0.943282057,0.353536780,0.423982663
2396,239.600000,0.691126041,0.110339636,-0.034924826,0.437711366,0.943255482,0.353425624,0.423987970
2397,239.700000,0.691127057,0.110471752,-0.034924063,0.437523840,0.943228908,0.353314468,0.423993277
2398,239.800000,0.691128072,0.110603869,-0.034923301,0.437336314,0.943202333,0.353203312,0.423998584
2399,239.900000,0.691129087,0.110735986,-0.034922538,0.437148788,0.943175758,0.353092156,0.424003891
2400,240.000000,0.691130103,0.110868102,-0.034921776,0.436961262,0.943149183,0.352980999,0.424009198
2401,240.100000,0.691130557,0.110926601,-0.034921434,0.436799357,0.943113477,0.352868551,0.424011575
2402,240.200000,0.691130977,0.110980620,-0.034921118,0.436639010,0.943077216,0.352756024,0.424013775
2403,240.300000,0.691131397,0.111034639,-0.034920802,0.436478664,0.943040954,0.352643496,0.424015975
2404,240.400000,0.691131817,0.111088658,-0.034920487,0.436318317,0.943004692,0.352530969,0.424018174
2405,240.500000,0.691132237,0.111142677,-0.034920171,0.436157971,0.942968430,0.352418442,0.424020374
2406,240.600000,0.691132658,0.111196695,-0.034919855,0.435997624,0.942932168,0.352305915,0.424022573
2407,240.700000,0.691133078,0.111250714,-0.034919539,0.435837278,0.942895906,0.352193388,0.424024773
2408,240.800000,0.691133498,0.111304733,-0.034919223,0.435676931,0.942859645,0.352080860,0.424026973
2409,240.900000,0.691133918,0.111358752,-0.034918907,0.435516585,0.942823383,0.351968333,0.424029172
2410,241.000000,0.691134338,0.111412771,-0.034918591,0.435356238,0.942787121,0.351855806,0.424031372
2411,241.100000,0.691134758,0.111466790,-0.034918276,0.435195892,0.942750859,0.351743279,0.424033571
2412,241.200000,0.691135178,0.111520809,-0.034917960,0.435035545,0.942714597,0.351630752,0.424035771
2413,241.300000,0.691135598,0.111574827,-0.034917644,0.434875199,0.942678335,0.351518224,0.424037971
2414,241.400000,0.691136018,0.111628846,-0.034917328,0.434714852,0.942642074,0.351405697,0.424040170
2415,241.500000,0.691136438,0.111682865,-0.034917012,0.434554506,0.942605812,0.351293170,0.424042370
2416,241.600000,0.691136859,0.111736884,-0.034916696,0.434394159,0.942569550,0.351180643,0.424044570
2417,241.700000,0.691137279,0.111790903,-0.034916380,0.434233813,0.942533288,0.351068115,0.424046769
2418,241.800000,0.691137699,0.111844922,-0.034916064,0.434073466,0.942497026,0.350955588,0.424048969
2419,241.900000,0.691138119,0.111898941,-0.034915749,0.433913120,0.942460764,0.350843061,0.424051168
2420,242.000000,0.691138539,0.111952959,-0.034915433,0.433752773,0.942424503,0.350730534,0.424053368
2421,242.100000,0.691138959,0.112006978,-0.034915117,0.433592427,0.942388241,0.350618007,0.424055568
2422,242.200000,0.691139379,0.112060997,-0.034914801,0.433432080,0.942351979,0.350505479,0.424057767
2423,242.300000,0.691139799,0.112115016,-0.034914485,0.433271734,0.942315717,0.350392952,0.424059967
2424,242.400000,0.691140219,0.112169035,-0.034914169,0.433111387,0.942279455,0.350280425,0.424062166
2425,242.500000,0.691140639,0.112223054,-0.034913853,0.432951041,0.942243193,0.350167898,0.424064366
2426,242.600000,0.691141060,0.112277073,-0.034913537,0.432790694,0.942206932,0.350055371,0.424066566
2427,242.700000,0.691141480,0.112331092,-0.034913222,0.432630348,0.942170670,0.349942843,0.424068765
2428,242.800000,0.691141900,0.112385110,-0.034912906,0.432470001,0.942134408,0.349830316,0.424070965
2429,242.900000,0.691142147,0.112416447,-0.034912721,0.432372557,0.942063738,0.349580059,0.424072250
2430,243.000000,0.691142322,0.112438369,-0.034912591,0.432301224,0.941978785,0.349272630,0.424073156
2431,243.100000,0.691142497,0.112460291,-0.034912461,0.432229891,0.941893832,0.348965201,0.424074061
2432,243.200000,0.691142672,0.112482213,-0.034912331,0.432158558,0.941808879,0.348657772,0.424074967
2433,243.300000,0.691142848,0.112504135,-0.034912201,0.432087225,0.941723926,0.348350343,0.424075872
2434,243.400000,0.691143023,0.112526057,-0.034912071,0.432015892,0.941638973,0.348042914,0.424076778
2435,243.500000,0.691143198,0.112547979,-0.034911942,0.431944559,0.941554020,0.347735485,0.424077683
2436,243.600000,0.691143373,0.112569901,-0.034911812,0.431873225,0.941469067,0.347428056,0.424078589
2437,243.700000,0.691143548,0.112591823,-0.034911682,0.431801892,0.941384114,0.347120628,0.424079495
2438,243.800000,0.691143724,0.112613745,-0.034911552,0.431730559,0.941299161,0.346813199,0.424080400
2439,243.900000,0.691143899,0.112635667,-0.034911422,0.431659226,0.941214208,0.346505770,0.424081306
2440,244.000000,0.691144074,0.112657589,-0.034911292,0.431587893,0.941129255,0.346198341,0.424082211
2441,244.100000,0.691144249,0.112679511,-0.034911162,0.431516560,0.941044302,0.345890912,0.424083117
2442,244.200000,0.691144424,0.112701433,-0.034911032,0.431445227,0.940959349,0.345583483,0.424084023
2443,244.300000,0.691144600,0.112723355,-0.034910902,0.431373894,0.940874396,0.345276054,0.424084928
2444,244.400000,0.691144775,0.112745276,-0.034910772,0.431302560,0.940789443,0.344968626,0.424085834
2445,244.500000,0.691144950,0.112767198,-0.034910642,0.431231227,0.940704490,0.344661197,0.424086739
2446,244.600000,0.691145125,0.112789120,-0.034910512,0.431159894,0.940619537,0.344353768,0.424087645
2447,244.700000,0.691145300,0.112811042,-0.034910382,0.431088561,0.940534584,0.344046339,0.424088550
2448,244.800000,0.691145476,0.112832964,-0.034910252,0.431017228,0.940449631,0.343738910,0.424089456
2449,244.900000,0.691145651,0.112854886,-0.034910122,0.430945895,0.940364678,0.343431481,0.424090362
2450,245.000000,0.691145826,0.112876808,-0.034909992,0.430874562,0.940279725,0.343124052,0.424091267
2451,245.100000,0.691146001,0.112898730,-0.034909862,0.430803228,0.940194772,0.342816623,0.424092173
2452,245.200000,0.691146176,0.112920652,-0.034909733,0.430731895,0.940109819,0.342509195,0.424093078
2453,245.300000,0.691146352,0.112942574,-0.034909603,0.430660562,0.940024866,0.342201766,0.424093984
2454,245.400000,0.691146527,0.112964496,-0.034909473,0.430589229,0.939939913,0.341894337,0.424094890
2455,245.500000,0.691146702,0.112986418,-0.034909343,0.430517896,0.939854960,0.341586908,0.424095795
2456,245.600000,0.691146877,0.113008340,-0.034909213,0.430446563,0.939770007,0.341279479,0.424096701
2457,245.700000,0.691145604,0.113024140,-0.034909119,0.430311775,0.939694733,0.340912943,0.424097355
2458,245.800000,0.691142701,0.113033058,-0.034909066,0.430105631,0.939630343,0.340479940,0.424097726
2459,245.900000,0.691139799,0.113041975,-0.034909012,0.429899488,0.939565952,0.340046937,0.424098098
2460,246.000000,0.691136896,0.113050893,-0.034908959,0.429693344,0.939501562,0.339613935,0.424098470
2461,246.100000,0.691133993,0.113059810,-0.034908906,0.429487201,0.939437172,0.339180932,0.424098841
2462,246.200000,0.691131091,0.113068728,-0.034908852,0.429281057,0.939372782,0.338747929,0.424099213
2463,246.300000,0.691128188,0.113077645,-0.034908799,0.429074914,0.939308391,0.338314926,0.424099584
2464,246.400000,0.691125286,0.113086563,-0.034908746,0.428868770,0.939244001,0.337881923,0.424099956
2465,246.500000,0.691122383,0.113095480,-0.034908693,0.428662627,0.939179611,0.337448920,0.424100327
2466,246.600000,0.691119481,0.113104398,-0.034908639,0.428456483,0.939115221,0.337015918,0.424100699
2467,246.700000,0.691116578,0.113113315,-0.034908586,0.428250340,0.939050831,0.336582915,0.424101070
2468,246.800000,0.691113675,0.113122232,-0.034908533,0.428044196,0.938986440,0.336149912,0.424101442
2469,246.900000,0.691110773,0.113131150,-0.034908479,0.427838053,0.938922050,0.335716909,0.424101813
2470,247.000000,0.691107870,0.113140067,-0.034908426,0.427631909,0.938857660,0.335283906,0.424102185
2471,247.100000,0.691104968,0.113148985,-0.034908373,0.427425766,0.938793270,0.334850904,0.424102557
2472,247.200000,0.691102065,0.113157902,-0.034908319,0.427219622,0.938728880,0.334417901,0.424102928
2473,247.300000,0.691099163,0.113166820,-0.034908266,0.427013479,0.938664489,0.333984898,0.424103300
2474,247.400000,0.691096260,0.113175737,-0.034908213,0.426807335,0.938600099,0.333551895,0.424103671
2475,247.500000,0.691093357,0.113184655,-0.034908159,0.426601192,0.938535709,0.333118892,0.424104043
2476,247.600000,0.691090455,0.113193572,-0.034908106,0.426395048,0.938471319,0.332685890,0.424104414
2477,247.700000,0.691087552,0.113202490,-0.034908053,0.426188905,0.938406929,0.332252887,0.424104786
2478,247.800000,0.691084650,0.113211407,-0.034908000,0.425982761,0.938342538,0.331819884,0.424105157
2479,247.900000,0.691081747,0.113220324,-0.034907946,0.425776617,0.938278148,0.331386881,0.424105529
2480,248.000000,0.691078845,0.113229242,-0.034907893,0.425570474,0.938213758,0.330953878,0.424105900
2481,248.100000,0.691075942,0.113238159,-0.034907840,0.425364330,0.938149368,0.330520875,0.424106272
2482,248.200000,0.691073039,0.113247077,-0.034907786,0.425158187,0.938084977,0.330087873,0.424106644
2483,248.300000,0.691070137,0.113255994,-0.034907733,0.424952043,0.938020587,0.329654870,0.424107015
2484,248.400000,0.691067234,0.113264912,-0.034907680,0.424745900,0.937956197,0.329221867,0.424107387
2485,248.500000,0.691065458,0.113272649,-0.034910358,0.424540122,0.937885743,0.328636193,0.424107709
2486,248.600000,0.691067356,0.113276540,-0.034921941,0.424335538,0.937795519,0.327552773,0.424107872
2487,248.700000,0.691069254,0.113280431,-0.034933523,0.424130953,0.937705295,0.326469352,0.424108034
2488,248.800000,0.691071152,0.113284321,-0.034945106,0.423926369,0.937615071,0.325385932,0.424108197
2489,248.900000,0.691073049,0.113288212,-0.034956689,0.423721784,0.937524847,0.324302511,0.424108359
2490,249.000000,0.691074947,0.113292103,-0.034968272,0.423517199,0.937434623,0.323219091,0.424108522
2491,249.100000,0.691076845,0.113295994,-0.034979854,0.423312615,0.937344399,0.322135670,0.424108684
2492,249.200000,0.691078743,0.113299884,-0.034991437,0.423108030,0.937254175,0.321052250,0.424108847
2493,249.300000,0.691080641,0.113303775,-0.035003020,0.422903446,0.937163951,0.319968829,0.424109009
2494,249.400000,0.691082538,0.113307666,-0.035014603,0.422698861,0.937073727,0.318885408,0.424109172
2495,249.500000,0.691084436,0.113311556,-0.035026186,0.422494276,0.936983503,0.317801988,0.424109334
2496,249.600000,0.691086334,0.113315447,-0.035037768,0.422289692,0.936893279,0.316718567,0.424109497
2497,249.700000,0.691088232,0.113319338,-0.035049351,0.422085107,0.936803055,0.315635147,0.424109659
2498,249.800000,0.691090129,0.113323229,-0.035060934,0.421880523,0.936712831,0.314551726,0.424109822
2499,249.900000,0.691092027,0.113327119,-0.035072517,0.421675938,0.936622607,0.313468306,0.424109984
2500,250.000000,0.691093925,0.113331010,-0.035084099,0.421471354,0.936532383,0.312384885,0.424110147
2501,250.100000,0.691095823,0.113334901,-0.035095682,0.421266769,0.936442159,0.311301465,0.424110310
2502,250.200000,0.691097720,0.113338791,-0.035107265,0.421062184,0.936351935,0.310218044,0.424110472
2503,250.300000,0.691099618,0.113342682,-0.035118848,0.420857600,0.936261711,0.309134624,0.424110635
2504,250.400000,0.691101516,0.113346573,-0.035130431,0.420653015,0.936171487,0.308051203,0.424110797
2505,250.500000,0.691103414,0.113350463,-0.035142013,0.420448431,0.936081263,0.306967783,0.424110960
2506,250.600000,0.691105311,0.113354354,-0.035153596,0.420243846,0.935991039,0.305884362,0.424111122
2507,250.700000,0.691107209,0.113358245,-0.035165179,0.420039261,0.935900815,0.304800942,0.424111285
2508,250.800000,0.691109107,0.113362136,-0.035176762,0.419834677,0.935810591,0.303717521,0.424111447
2509,250.900000,0.691111005,0.113366026,-0.035188345,0.419630092,0.935720367,0.302634101,0.424111610
2510,251.000000,0.691112902,0.113369917,-0.035199927,0.419425508,0.935630143,0.301550680,0.424111772
2511,251.100000,0.691114800,0.113373808,-0.035211510,0.419220923,0.935539919,0.300467260,0.424111935
2512,251.200000,0.691116698,0.113377698,-0.035223093,0.419016339,0.935449695,0.299383839,0.424112097
2513,251.300000,0.691118596,0.113381589,-0.035234676,0.418811754,0.935359471,0.298300419,0.424112260
2514,251.400000,0.691119254,0.113382935,-0.035264012,0.418739914,0.935299708,0.297589564,0.424112317
2515,251.500000,0.691119910,0.113384277,-0.035293371,0.418668239,0.935239983,0.296879172,0.424112374
2516,251.600000,0.691120567,0.113385620,-0.035322730,0.418596564,0.935180258,0.296168780,0.424112431
2517,251.700000,0.691121223,0.113386963,-0.035352088,0.418524889,0.935120533,0.295458388,0.424112488
2518,251.800000,0.691121880,0.113388305,-0.035381447,0.418453213,0.935060808,0.294747997,0.424112545
2519,251.900000,0.691122536,0.113389648,-0.035410805,0.418381538,0.935001083,0.294037605,0.424112602
2520,252.000000,0.691123193,0.113390990,-0.035440164,0.418309863,0.934941358,0.293327213,0.424112659
2521,252.100000,0.691123849,0.113392333,-0.035469523,0.418238188,0.934881633,0.292616821,0.424112716
2522,252.200000,0.691124506,0.113393676,-0.035498881,0.418166513,0.934821908,0.291906429,0.424112773
2523,252.300000,0.691125162,0.113395018,-0.035528240,0.418094838,0.934762183,0.291196037,0.424112830
2524,252.400000,0.691125819,0.113396361,-0.035557599,0.418023163,0.934702458,0.290485645,0.424112887
2525,252.500000,0.691126475,0.113397703,-0.035586957,0.417951488,0.934642733,0.289775254,0.424112944
2526,252.600000,0.691127132,0.113399046,-0.035616316,0.417879813,0.934583008,0.289064862,0.424113001
2527,252.700000,0.691127788,0.113400388,-0.035645675,0.417808138,0.934523283,0.288354470,0.424113058
2528,252.800000,0.691128445,0.113401731,-0.035675033,0.417736462,0.934463558,0.287644078,0.424113115
2529,252.900000,0.691129101,0.113403074,-0.035704392,0.417664787,0.934403833,0.286933686,0.424113172
2530,253.000000,0.691129758,0.113404416,-0.035733751,0.417593112,0.934344108,0.286223294,0.424113229
2531,253.100000,0.691130414,0.113405759,-0.035763109,0.417521437,0.934284383,0.285512903,0.424113286
2532,253.200000,0.691131071,0.113407101,-0.035792468,0.417449762,0.934224658,0.284802511,0.424113343
2533,253.300000,0.691131727,0.113408444,-0.035821827,0.417378087,0.934164933,0.284092119,0.424113400
2534,253.400000,0.691132384,0.113409786,-0.035851185,0.417306412,0.934105208,0.283381727,0.424113457
2535,253.500000,0.691133040,0.113411129,-0.035880544,0.417234737,0.934045483,0.282671335,0.424113514
2536,253.600000,0.691133697,0.113412472,-0.035909903,0.417163062,0.933985758,0.281960943,0.424113571
2537,253.700000,0.691134353,0.113413814,-0.035939261,0.417091386,0.933926032,0.281250552,0.424113628
2538,253.800000,0.691135010,0.113415157,-0.035968620,0.417019711,0.933866307,0.280540160,0.424113685
2539,253.900000,0.691135666,0.113416499,-0.035997979,0.416948036,0.933806582,0.279829768,0.424113742
2540,254.000000,0.691136323,0.113417842,-0.036027337,0.416876361,0.933746857,0.279119376,0.424113799
2541,254.100000,0.691136979,0.113419185,-0.036056696,0.416804686,0.933687132,0.278408984,0.424113856
2542,254.200000,0.691117597,0.113419930,-0.036073005,0.416765304,0.933590395,0.277770302,0.424140205
2543,254.300000,0.691091982,0.113420490,-0.036085255,0.416735964,0.933482148,0.277153920,0.424174730
2544,254.400000,0.691066368,0.113421050,-0.036097505,0.416706624,0.933373901,0.276537538,0.424209254
2545,254.500000,0.691040754,0.113421610,-0.036109756,0.416677284,0.933265653,0.275921157,0.424243779
2546,254.600000,0.691015140,0.113422170,-0.036122006,0.416647943,0.933157406,0.275304775,0.424278303
2547,254.700000,0.690989525,0.113422730,-0.036134257,0.416618603,0.933049159,0.274688393,0.424312828
2548,254.800000,0.690963911,0.113423290,-0.036146507,0.416589263,0.932940911,0.274072011,0.424347352
2549,254.900000,0.690938297,0.113423850,-0.036158758,0.416559923,0.932832664,0.273455629,0.424381877
2550,255.000000,0.690912683,0.113424409,-0.036171008,0.416530583,0.932724417,0.272839247,0.424416401
2551,255.100000,0.690887069,0.113424969,-0.036183259,0.416501243,0.932616170,0.272222865,0.424450926
2552,255.200000,0.690861454,0.113425529,-0.036195509,0.416471903,0.932507922,0.271606484,0.424485450
2553,255.300000,0.690835840,0.113426089,-0.036207760,0.416442563,0.932399675,0.270990102,0.424519975
2554,255.400000,0.690810226,0.113426649,-0.036220010,0.416413223,0.932291428,0.270373720,0.424554500
2555,255.500000,0.690784612,0.113427209,-0.036232261,0.416383883,0.932183180,0.269757338,0.424589024
2556,255.600000,0.690758997,0.113427769,-0.036244511,0.416354543,0.932074933,0.269140956,0.424623549
2557,255.700000,0.690733383,0.113428329,-0.036256762,0.416325203,0.931966686,0.268524574,0.424658073
2558,255.800000,0.690707769,0.113428889,-0.036269012,0.416295863,0.931858439,0.267908193,0.424692598
2559,255.900000,0.690682155,0.113429449,-0.036281263,0.416266523,0.931750191,0.267291811,0.424727122
2560,256.000000,0.690656540,0.113430009,-0.036293513,0.416237183,0.931641944,0.266675429,0.424761647
2561,256.100000,0.690630926,0.113430569,-0.036305764,0.416207843,0.931533697,0.266059047,0.424796171
2562,256.200000,0.690605312,0.113431129,-0.036318014,0.416178503,0.931425449,0.265442665,0.424830696
2563,256.300000,0.690579698,0.113431689,-0.036330264,0.416149162,0.931317202,0.264826283,0.424865220
2564,256.400000,0.690554083,0.113432248,-0.036342515,0.416119822,0.931208955,0.264209901,0.424899745
2565,256.500000,0.690528469,0.113432808,-0.036354765,0.416090482,0.931100708,0.263593520,0.424934270
2566,256.600000,0.690502855,0.113433368,-0.036367016,0.416061142,0.930992460,0.262977138,0.424968794
2567,256.700000,0.690477241,0.113433928,-0.036379266,0.416031802,0.930884213,0.262360756,0.425003319
2568,256.800000,0.690451626,0.113434488,-0.036391517,0.416002462,0.930775966,0.261744374,0.425037843
2569,256.900000,0.690426012,0.113435048,-0.036403767,0.415973122,0.930667718,0.261127992,0.425072368
2570,257.000000,0.690405561,0.113435434,-0.036412220,0.415908275,0.930322099,0.260464302,0.425234504
2571,257.100000,0.690389748,0.113435665,-0.036417261,0.415811535,0.929763276,0.259758121,0.425511257
2572,257.200000,0.690373935,0.113435895,-0.036422302,0.415714796,0.929204453,0.259051940,0.425788011
2573,257.300000,0.690358122,0.113436125,-0.036427343,0.415618056,0.928645631,0.258345759,0.426064764
2574,257.400000,0.690342309,0.113436356,-0.036432383,0.415521317,0.928086808,0.257639578,0.426341518
2575,257.500000,0.690326496,0.113436586,-0.036437424,0.415424577,0.927527985,0.256933397,0.426618272
2576,257.600000,0.690310683,0.113436816,-0.036442465,0.415327838,0.926969163,0.256227216,0.426895025
2577,257.700000,0.690294870,0.113437047,-0.036447506,0.415231099,0.926410340,0.255521035,0.427171779
2578,257.800000,0.690279057,0.113437277,-0.036452547,0.415134359,0.925851517,0.254814854,0.427448533
2579,257.900000,0.690263243,0.113437507,-0.036457588,0.415037620,0.925292695,0.254108673,0.427725286
2580,258.000000,0.690247430,0.113437738,-0.036462629,0.414940880,0.924733872,0.253402492,0.428002040
2581,258.100000,0.690231617,0.113437968,-0.036467670,0.414844141,0.924175049,0.252696311,0.428278794
2582,258.200000,0.690215804,0.113438198,-0.036472711,0.414747401,0.923616227,0.251990130,0.428555547
2583,258.300000,0.690199991,0.113438429,-0.036477752,0.414650662,0.923057404,0.251283949,0.428832301
2584,258.400000,0.690184178,0.113438659,-0.036482793,0.414553922,0.922498582,0.250577768,0.429109054
2585,258.500000,0.690168365,0.113438890,-0.036487834,0.414457183,0.921939759,0.249871587,0.429385808
2586,258.600000,0.690152552,0.113439120,-0.036492875,0.414360444,0.921380936,0.249165405,0.429662562
2587,258.700000,0.690136739,0.113439350,-0.036497916,0.414263704,0.920822114,0.248459224,0.429939315
2588,258.800000,0.690120926,0.113439581,-0.036502957,0.414166965,0.920263291,0.247753043,0.430216069
2589,258.900000,0.690105113,0.113439811,-0.036507998,0.414070225,0.919704468,0.247046862,0.430492823
2590,259.000000,0.690089299,0.113440041,-0.036513039,0.413973486,0.919145646,0.246340681,0.430769576
2591,259.100000,0.690073486,0.113440272,-0.036518080,0.413876746,0.918586823,0.245634500,0.431046330
2592,259.200000,0.690057673,0.113440502,-0.036523120,0.413780007,0.918028000,0.244928319,0.431323083
2593,259.300000,0.690041860,0.113440732,-0.036528161,0.413683267,0.917469178,0.244222138,0.431599837
2594,259.400000,0.690026047,0.113440963,-0.036533202,0.413586528,0.916910355,0.243515957,0.431876591
2595,259.500000,0.690010234,0.113441193,-0.036538243,0.413489788,0.916351532,0.242809776,0.432153344
2596,259.600000,0.689994421,0.113441423,-0.036543284,0.413393049,0.915792710,0.242103595,0.432430098
2597,259.700000,0.689978608,0.113441654,-0.036548325,0.413296310,0.915233887,0.241397414,0.432706852
2598,259.800000,0.689963999,0.113441845,-0.036552504,0.413173464,0.914635006,0.240808445,0.433099790
2599,259.900000,0.689952328,0.113441940,-0.036554578,0.412986967,0.913938457,0.240505259,0.433776005
2600,260.000000,0.689940656,0.113442035,-0.036556653,0.412800470,0.913241908,0.240202073,0.434452221
2601,260.100000,0.689928985,0.113442130,-0.036558728,0.412613973,0.912545358,0.239898887,0.435128436
2602,260.200000,0.689917314,0.113442225,-0.036560803,0.412427476,0.911848809,0.239595701,0.435804652
2603,260.300000,0.689905642,0.113442320,-0.036562878,0.412240979,0.911152260,0.239292515,0.436480868
2604,260.400000,0.689893971,0.113442415,-0.036564953,0.412054483,0.910455710,0.238989330,0.437157083
2605,260.500000,0.689882299,0.113442510,-0.036567028,0.411867986,0.909759161,0.238686144,0.437833299
2606,260.600000,0.689870628,0.113442605,-0.036569103,0.411681489,0.909062612,0.238382958,0.438509514
2607,260.700000,0.689858957,0.113442700,-0.036571178,0.411494992,0.908366063,0.238079772,0.439185730
2608,260.800000,0.689847285,0.113442795,-0.036573253,0.411308495,0.907669513,0.237776586,0.439861946
2609,260.900000,0.689835614,0.113442890,-0.036575328,0.411121998,0.906972964,0.237473400,0.440538161
2610,261.000000,0.689823942,0.113442985,-0.036577403,0.410935501,0.906276415,0.237170214,0.441214377
2611,261.100000,0.689812271,0.113443080,-0.036579478,0.410749004,0.905579865,0.236867028,0.441890592
2612,261.200000,0.689800599,0.113443175,-0.036581553,0.410562507,0.904883316,0.236563843,0.442566808
2613,261.300000,0.689788928,0.113443270,-0.036583628,0.410376010,0.904186767,0.236260657,0.443243024
2614,261.400000,0.689777257,0.113443365,-0.036585703,0.410189513,0.903490217,0.235957471,0.443919239
2615,261.500000,0.689765585,0.113443460,-0.036587778,0.410003017,0.902793668,0.235654285,0.444595455
2616,261.600000,0.689753914,0.113443555,-0.036589852,0.409816520,0.902097119,0.235351099,0.445271670
2617,261.700000,0.689742242,0.113443650,-0.036591927,0.409630023,0.901400569,0.235047913,0.445947886
2618,261.800000,0.689730571,0.113443745,-0.036594002,0.409443526,0.900704020,0.234744727,0.446624102
2619,261.900000,0.689718899,0.113443840,-0.036596077,0.409257029,0.900007471,0.234441541,0.447300317
2620,262.000000,0.689707228,0.113443935,-0.036598152,0.409070532,0.899310921,0.234138356,0.447976533
2621,262.100000,0.689695557,0.113444030,-0.036600227,0.408884035,0.898614372,0.233835170,0.448652749
2622,262.200000,0.689683885,0.113444125,-0.036602302,0.408697538,0.897917823,0.233531984,0.449328964
2623,262.300000,0.689672214,0.113444220,-0.036604377,0.408511041,0.897221273,0.233228798,0.450005180
2624,262.400000,0.689660542,0.113444315,-0.036606452,0.408324544,0.896524724,0.232925612,0.450681395
2625,262.500000,0.689648871,0.113444410,-0.036608527,0.408138047,0.895828175,0.232622426,0.451357611
2626,262.600000,0.689637575,0.113444502,-0.036610535,0.407956273,0.895151543,0.232330186,0.452037520
2627,262.700000,0.689632741,0.113444542,-0.036611395,0.407855814,0.894817897,0.232226447,0.452781033
2628,262.800000,0.689627907,0.113444581,-0.036612255,0.407755355,0.894484251,0.232122707,0.453524545
2629,262.900000,0.689623072,0.113444621,-0.036613115,0.407654896,0.894150605,0.232018967,0.454268058
2630,263.000000,0.689618238,0.113444660,-0.036613974,0.407554437,0.893816959,0.231915227,0.455011570
2631,263.100000,0.689613404,0.113444700,-0.036614834,0.407453978,0.893483314,0.231811487,0.455755083
2632,263.200000,0.689608570,0.113444740,-0.036615694,0.407353519,0.893149668,0.231707747,0.456498596
2633,263.300000,0.689603736,0.113444779,-0.036616554,0.407253060,0.892816022,0.231604008,0.457242108
2634,263.400000,0.689598902,0.113444819,-0.036617414,0.407152601,0.892482376,0.231500268,0.457985621
2635,263.500000,0.689594068,0.113444858,-0.036618274,0.407052142,0.892148731,0.231396528,0.458729134
2636,263.600000,0.689589234,0.113444898,-0.036619133,0.406951683,0.891815085,0.231292788,0.459472646
2637,263.700000,0.689584400,0.113444937,-0.036619993,0.406851224,0.891481439,0.231189048,0.460216159
2638,263.800000,0.689579566,0.113444977,-0.036620853,0.406750765,0.891147793,0.231085308,0.460959671
2639,263.900000,0.689574732,0.113445016,-0.036621713,0.406650307,0.890814147,0.230981569,0.461703184
2640,264.000000,0.689569898,0.113445056,-0.036622573,0.406549848,0.890480502,0.230877829,0.462446697
2641,264.100000,0.689565063,0.113445096,-0.036623433,0.406449389,0.890146856,0.230774089,0.463190209
2642,264.200000,0.689560229,0.113445135,-0.036624292,0.406348930,0.889813210,0.230670349,0.463933722
2643,264.300000,0.689555395,0.113445175,-0.036625152,0.406248471,0.889479564,0.230566609,0.464677234
2644,264.400000,0.689550561,0.113445214,-0.036626012,0.406148012,0.889145918,0.230462869,0.465420747
2645,264.500000,0.689545727,0.113445254,-0.036626872,0.406047553,0.888812273,0.230359129,0.466164260
2646,264.600000,0.689540893,0.113445293,-0.036627732,0.405947094,0.888478627,0.230255390,0.466907772
2647,264.700000,0.689536059,0.113445333,-0.036628592,0.405846635,0.888144981,0.230151650,0.467651285
2648,264.800000,0.689531225,0.113445372,-0.036629451,0.405746176,0.887811335,0.230047910,0.468394797
2649,264.900000,0.689526391,0.113445412,-0.036630311,0.405645717,0.887477690,0.229944170,0.469138310
2650,265.000000,0.689521557,0.113445452,-0.036631171,0.405545258,0.887144044,0.229840430,0.469881823
2651,265.100000,0.689516723,0.113445491,-0.036632031,0.405444799,0.886810398,0.229736690,0.470625335
2652,265.200000,0.689511889,0.113445531,-0.036632891,0.405344341,0.886476752,0.229632951,0.471368848
2653,265.300000,0.689507054,0.113445570,-0.036633750,0.405243882,0.886143106,0.229529211,0.472112361
2654,265.400000,0.689502220,0.113445610,-0.036634610,0.405143423,0.885809461,0.229425471,0.472855873
2655,265.500000,0.689503096,0.113445630,-0.036656450,0.405091836,0.885642799,0.229570099,0.473267181
2656,265.600000,0.689505235,0.113445646,-0.036682928,0.405051057,0.885513062,0.229769649,0.473605029
2657,265.700000,0.689507373,0.113445662,-0.036709407,0.405010278,0.885383325,0.229969199,0.473942876
2658,265.800000,0.689509511,0.113445679,-0.036735886,0.404969498,0.885253589,0.230168749,0.474280724
2659,265.900000,0.689511650,0.113445695,-0.036762364,0.404928719,0.885123852,0.230368299,0.474618572
2660,266.000000,0.689513788,0.113445711,-0.036788843,0.404887940,0.884994115,0.230567849,0.474956419
2661,266.100000,0.689515927,0.113445727,-0.036815322,0.404847160,0.884864378,0.230767399,0.475294267
2662,266.200000,0.689518065,0.113445743,-0.036841800,0.404806381,0.884734642,0.230966949,0.475632114
2663,266.300000,0.689520203,0.113445759,-0.036868279,0.404765602,0.884604905,0.231166499,0.475969962
2664,266.400000,0.689522342,0.113445775,-0.036894757,0.404724823,0.884475168,0.231366049,0.476307810
2665,266.500000,0.689524480,0.113445791,-0.036921236,0.404684043,0.884345432,0.231565599,0.476645657
2666,266.600000,0.689526619,0.113445807,-0.036947715,0.404643264,0.884215695,0.231765149,0.476983505
2667,266.700000,0.689528757,0.113445824,-0.036974193,0.404602485,0.884085958,0.231964699,0.477321353
2668,266.800000,0.689530895,0.113445840,-0.037000672,0.404561705,0.883956221,0.232164248,0.477659200
2669,266.900000,0.689533034,0.113445856,-0.037027151,0.404520926,0.883826485,0.232363798,0.477997048
2670,267.000000,0.689535172,0.113445872,-0.037053629,0.404480147,0.883696748,0.232563348,0.478334895
2671,267.100000,0.689537311,0.113445888,-0.037080108,0.404439367,0.883567011,0.232762898,0.478672743
2672,267.200000,0.689539449,0.113445904,-0.037106587,0.404398588,0.883437275,0.232962448,0.479010591
2673,267.300000,0.689541588,0.113445920,-0.037133065,0.404357809,0.883307538,0.233161998,0.479348438
2674,267.400000,0.689543726,0.113445936,-0.037159544,0.404317030,0.883177801,0.233361548,0.479686286
2675,267.500000,0.689545864,0.113445952,-0.037186022,0.404276250,0.883048064,0.233561098,0.480024134
2676,267.600000,0.689548003,0.113445969,-0.037212501,0.404235471,0.882918328,0.233760648,0.480361981
2677,267.700000,0.689550141,0.113445985,-0.037238980,0.404194692,0.882788591,0.233960198,0.480699829
2678,267.800000,0.689552280,0.113446001,-0.037265458,0.404153912,0.882658854,0.234159748,0.481037676
2679,267.900000,0.689554418,0.113446017,-0.037291937,0.404113133,0.882529118,0.234359298,0.481375524
2680,268.000000,0.689556556,0.113446033,-0.037318416,0.404072354,0.882399381,0.234558848,0.481713372
2681,268.100000,0.689558695,0.113446049,-0.037344894,0.404031575,0.882269644,0.234758398,0.482051219
2682,268.200000,0.689560833,0.113446065,-0.037371373,0.403990795,0.882139907,0.234957948,0.482389067
2683,268.300000,0.689561785,0.113461281,-0.037428619,0.403987217,0.882055857,0.235160774,0.482624397
2684,268.400000,0.689561889,0.113487370,-0.037507877,0.404010254,0.882004491,0.235365945,0.482786382
2685,268.500000,0.689561992,0.113513460,-0.037587135,0.404033291,0.881953125,0.235571116,0.482948368
2686,268.600000,0.689562096,0.113539549,-0.037666393,0.404056328,0.881901760,0.235776287,0.483110354
2687,268.700000,0.689562199,0.113565639,-0.037745651,0.404079364,0.881850394,0.235981458,0.483272339
2688,268.800000,0.689562302,0.113591728,-0.037824909,0.404102401,0.881799028,0.236186629,0.483434325
2689,268.900000,0.689562406,0.113617817,-0.037904166,0.404125438,0.881747663,0.236391800,0.483596311
2690,269.000000,0.689562509,0.113643907,-0.037983424,0.404148475,0.881696297,0.236596971,0.483758296
2691,269.100000,0.689562613,0.113669996,-0.038062682,0.404171511,0.881644931,0.236802141,0.483920282
2692,269.200000,0.689562716,0.113696086,-0.038141940,0.404194548,0.881593565,0.237007312,0.484082268
2693,269.300000,0.689562819,0.113722175,-0.038221198,0.404217585,0.881542200,0.237212483,0.484244253
2694,269.400000,0.689562923,0.113748265,-0.038300456,0.404240622,0.881490834,0.237417654,0.484406239
2695,269.500000,0.689563026,0.113774354,-0.038379714,0.404263659,0.881439468,0.237622825,0.484568225
2696,269.600000,0.689563130,0.113800444,-0.038458972,0.404286695,0.881388103,0.237827996,0.484730210
2697,269.700000,0.689563233,0.113826533,-0.038538230,0.404309732,0.881336737,0.238033167,0.484892196
2698,269.800000,0.689563336,0.113852623,-0.038617488,0.404332769,0.881285371,0.238238338,0.485054182
2699,269.900000,0.689563440,0.113878712,-0.038696746,0.404355806,0.881234006,0.238443509,0.485216167
2700,270.000000,0.689563543,0.113904801,-0.038776004,0.404378843,0.881182640,0.238648679,0.485378153
2701,270.100000,0.689563647,0.113930891,-0.038855261,0.404401879,0.881131274,0.238853850,0.485540139
2702,270.200000,0.689563750,0.113956980,-0.038934519,0.404424916,0.881079909,0.239059021,0.485702124
2703,270.300000,0.689563854,0.113983070,-0.039013777,0.404447953,0.881028543,0.239264192,0.485864110
2704,270.400000,0.689563957,0.114009159,-0.039093035,0.404470990,0.880977177,0.239469363,0.486026095
2705,270.500000,0.689564060,0.114035249,-0.039172293,0.404494026,0.880925811,0.239674534,0.486188081
2706,270.600000,0.689564164,0.114061338,-0.039251551,0.404517063,0.880874446,0.239879705,0.486350067
2707,270.700000,0.689564267,0.114087428,-0.039330809,0.404540100,0.880823080,0.240084876,0.486512052
2708,270.800000,0.689564371,0.114113517,-0.039410067,0.404563137,0.880771714,0.240290047,0.486674038
2709,270.900000,0.689564474,0.114139607,-0.039489325,0.404586174,0.880720349,0.240495218,0.486836024
2710,271.000000,0.689564577,0.114165696,-0.039568583,0.404609210,0.880668983,0.240700388,0.486998009
2711,271.100000,0.689567165,0.114210863,-0.039642758,0.404662787,0.880628254,0.240890536,0.487128223
2712,271.200000,0.689574429,0.114291935,-0.039707367,0.404773842,0.880607543,0.241052411,0.487198640
2713,271.300000,0.689581693,0.114373007,-0.039771976,0.404884897,0.880586833,0.241214285,0.487269057
2714,271.400000,0.689588957,0.114454079,-0.039836585,0.404995952,0.880566122,0.241376159,0.487339474
2715,271.500000,0.689596220,0.114535151,-0.039901194,0.405107007,0.880545412,0.241538034,0.487409891
2716,271.600000,0.689603484,0.114616223,-0.039965803,0.405218061,0.880524701,0.241699908,0.487480308
2717,271.700000,0.689610748,0.114697295,-0.040030412,0.405329116,0.880503991,0.241861782,0.487550725
2718,271.800000,0.689618012,0.114778367,-0.040095022,0.405440171,0.880483280,0.242023657,0.487621142
2719,271.900000,0.689625276,0.114859439,-0.040159631,0.405551226,0.880462570,0.242185531,0.487691559
2720,272.000000,0.689632539,0.114940511,-0.040224240,0.405662281,0.880441859,0.242347405,0.487761976
2721,272.100000,0.689639803,0.115021583,-0.040288849,0.405773335,0.880421149,0.242509280,0.487832393
2722,272.200000,0.689647067,0.115102655,-0.040353458,0.405884390,0.880400438,0.242671154,0.487902810
2723,272.300000,0.689654331,0.115183727,-0.040418067,0.405995445,0.880379728,0.242833028,0.487973227
2724,272.400000,0.689661595,0.115264799,-0.040482676,0.406106500,0.880359017,0.242994902,0.488043644
2725,272.500000,0.689668858,0.115345871,-0.040547285,0.406217555,0.880338307,0.243156777,0.488114061
2726,272.600000,0.689676122,0.115426943,-0.040611895,0.406328609,0.880317596,0.243318651,0.488184478
2727,272.700000,0.689683386,0.115508015,-0.040676504,0.406439664,0.880296886,0.243480525,0.488254895
2728,272.800000,0.689690650,0.115589087,-0.040741113,0.406550719,0.880276175,0.243642400,0.488325312
2729,272.900000,0.689697913,0.115670159,-0.040805722,0.406661774,0.880255465,0.243804274,0.488395729
2730,273.000000,0.689705177,0.115751231,-0.040870331,0.406772829,0.880234754,0.243966148,0.488466146
2731,273.100000,0.689712441,0.115832303,-0.040934940,0.406883883,0.880214044,0.244128023,0.488536563
2732,273.200000,0.689719705,0.115913375,-0.040999549,0.406994938,0.880193333,0.244289897,0.488606980
2733,273.300000,0.689726969,0.115994447,-0.041064158,0.407105993,0.880172623,0.244451771,0.488677397
2734,273.400000,0.689734232,0.116075519,-0.041128767,0.407217048,0.880151912,0.244613646,0.488747814
2735,273.500000,0.689741496,0.116156591,-0.041193377,0.407328103,0.880131202,0.244775520,0.488818231
2736,273.600000,0.689748760,0.116237663,-0.041257986,0.407439157,0.880110491,0.244937394,0.488888648
2737,273.700000,0.689756024,0.116318735,-0.041322595,0.407550212,0.880089781,0.245099269,0.488959065
2738,273.800000,0.689763288,0.116399807,-0.041387204,0.407661267,0.880069070,0.245261143,0.489029482
2739,273.900000,0.689769420,0.116481701,-0.041450073,0.407770262,0.880049653,0.245427403,0.489095446
2740,274.000000,0.689766487,0.116570185,-0.041499006,0.407862757,0.880040588,0.245628784,0.489125751
2741,274.100000,0.689763555,0.116658668,-0.041547939,0.407955252,0.880031524,0.245830165,0.489156056
2742,274.200000,0.689760623,0.116747152,-0.041596872,0.408047748,0.880022460,0.246031546,0.489186360
2743,274.300000,0.689757691,0.116835635,-0.041645805,0.408140243,0.880013395,0.246232928,0.489216665
2744,274.400000,0.689754759,0.116924119,-0.041694738,0.408232739,0.880004331,0.246434309,0.489246970
2745,274.500000,0.689751827,0.117012602,-0.041743671,0.408325234,0.879995266,0.246635690,0.489277275
2746,274.600000,0.689748895,0.117101086,-0.041792603,0.408417729,0.879986202,0.246837071,0.489307579
2747,274.700000,0.689745963,0.117189569,-0.041841536,0.408510225,0.879977138,0.247038452,0.489337884
2748,274.800000,0.689743031,0.117278053,-0.041890469,0.408602720,0.879968073,0.247239834,0.489368189
2749,274.900000,0.689740098,0.117366536,-0.041939402,0.408695216,0.879959009,0.247441215,0.489398494
2750,275.000000,0.689737166,0.117455020,-0.041988335,0.408787711,0.879949944,0.247642596,0.489428798
2751,275.100000,0.689734234,0.117543504,-0.042037268,0.408880206,0.879940880,0.247843977,0.489459103
2752,275.200000,0.689731302,0.117631987,-0.042086201,0.408972702,0.879931816,0.248045359,0.489489408
2753,275.300000,0.689728370,0.117720471,-0.042135134,0.409065197,0.879922751,0.248246740,0.489519713
2754,275.400000,0.689725438,0.117808954,-0.042184067,0.409157692,0.879913687,0.248448121,0.489550017
2755,275.500000,0.689722506,0.117897438,-0.042233000,0.409250188,0.879904622,0.248649502,0.489580322
2756,275.600000,0.689719574,0.117985921,-0.042281933,0.409342683,0.879895558,0.248850883,0.489610627
2757,275.700000,0.689716642,0.118074405,-0.042330866,0.409435179,0.879886494,0.249052265,0.489640932
2758,275.800000,0.689713709,0.118162888,-0.042379799,0.409527674,0.879877429,0.249253646,0.489671236
2759,275.900000,0.689710777,0.118251372,-0.042428732,0.409620169,0.879868365,0.249455027,0.489701541
2760,276.000000,0.689707845,0.118339855,-0.042477665,0.409712665,0.879859300,0.249656408,0.489731846
2761,276.100000,0.689704913,0.118428339,-0.042526598,0.409805160,0.879850236,0.249857790,0.489762151
2762,276.200000,0.689701981,0.118516822,-0.042575531,0.409897656,0.879841172,0.250059171,0.489792455
2763,276.300000,0.689699049,0.118605306,-0.042624463,0.409990151,0.879832107,0.250260552,0.489822760
2764,276.400000,0.689696117,0.118693789,-0.042673396,0.410082646,0.879823043,0.250461933,0.489853065
2765,276.500000,0.689693185,0.118782273,-0.042722329,0.410175142,0.879813978,0.250663315,0.489883370
2766,276.600000,0.689690253,0.118870756,-0.042771262,0.410267637,0.879804914,0.250864696,0.489913674
2767,276.700000,0.689687320,0.118959240,-0.042820195,0.410360133,0.879795850,0.251066077,0.489943979
2768,276.800000,0.689692043,0.119026003,-0.042867204,0.410399442,0.879792015,0.251273794,0.489956699
2769,276.900000,0.689697859,0.119089664,-0.042913938,0.410431156,0.879788926,0.251482416,0.489966907
2770,277.000000,0.689703674,0.119153324,-0.042960673,0.410462869,0.879785838,0.251691037,0.489977116
2771,277.100000,0.689709490,0.119216985,-0.043007407,0.410494583,0.879782750,0.251899659,0.489987324
2772,277.200000,0.689715306,0.119280646,-0.043054141,0.410526297,0.879779661,0.252108281,0.489997533
2773,277.300000,0.689721121,0.119344307,-0.043100876,0.410558011,0.879776573,0.252316903,0.490007742
2774,277.400000,0.689726937,0.119407968,-0.043147610,0.410589725,0.879773485,0.252525524,0.490017950
2775,277.500000,0.689732753,0.119471629,-0.043194344,0.410621438,0.879770396,0.252734146,0.490028159
2776,277.600000,0.689738568,0.119535290,-0.043241078,0.410653152,0.879767308,0.252942768,0.490038367
2777,277.700000,0.689744384,0.119598951,-0.043287813,0.410684866,0.879764220,0.253151390,0.490048576
2778,277.800000,0.689750200,0.119662612,-0.043334547,0.410716580,0.879761131,0.253360011,0.490058784
2779,277.900000,0.689756015,0.119726273,-0.043381281,0.410748294,0.879758043,0.253568633,0.490068993
2780,278.000000,0.689761831,0.119789933,-0.043428015,0.410780007,0.879754955,0.253777255,0.490079201
2781,278.100000,0.689767647,0.119853594,-0.043474750,0.410811721,0.879751866,0.253985877,0.490089410
2782,278.200000,0.689773462,0.119917255,-0.043521484,0.410843435,0.879748778,0.254194498,0.490099618
2783,278.300000,0.689779278,0.119980916,-0.043568218,0.410875149,0.879745690,0.254403120,0.490109827
2784,278.400000,0.689785094,0.120044577,-0.043614952,0.410906863,0.879742601,0.254611742,0.490120035
2785,278.500000,0.689790909,0.120108238,-0.043661687,0.410938576,0.879739513,0.254820363,0.490130244
2786,278.600000,0.689796725,0.120171899,-0.043708421,0.410970290,0.879736425,0.255028985,0.490140453
2787,278.700000,0.689802541,0.120235560,-0.043755155,0.411002004,0.879733336,0.255237607,0.490150661
2788,278.800000,0.689808356,0.120299221,-0.043801889,0.411033718,0.879730248,0.255446229,0.490160870
2789,278.900000,0.689814172,0.120362881,-0.043848624,0.411065432,0.879727160,0.255654850,0.490171078
2790,279.000000,0.689819988,0.120426542,-0.043895358,0.411097145,0.879724071,0.255863472,0.490181287
2791,279.100000,0.689825803,0.120490203,-0.043942092,0.411128859,0.879720983,0.256072094,0.490191495
2792,279.200000,0.689831619,0.120553864,-0.043988826,0.411160573,0.879717895,0.256280716,0.490201704
2793,279.300000,0.689837435,0.120617525,-0.044035561,0.411192287,0.879714806,0.256489337,0.490211912
2794,279.400000,0.689843250,0.120681186,-0.044082295,0.411224001,0.879711718,0.256697959,0.490222121
2795,279.500000,0.689849066,0.120744847,-0.044129029,0.411255714,0.879708630,0.256906581,0.490232329
2796,279.600000,0.689852974,0.120803371,-0.044162292,0.411275543,0.879706697,0.257046547,0.490238696
2797,279.700000,0.689855805,0.120858994,-0.044187947,0.411288660,0.879705418,0.257147739,0.490242892
2798,279.800000,0.689858636,0.120914617,-0.044213601,0.411301776,0.879704139,0.257248930,0.490247089
2799,279.900000,0.689861466,0.120970241,-0.044239256,0.411314892,0.879702860,0.257350122,0.490251286
2800,280.000000,0.689864297,0.121025864,-0.044264911,0.411328009,0.879701581,0.257451313,0.490255482
2801,280.100000,0.689867128,0.121081487,-0.044290565,0.411341125,0.879700301,0.257552505,0.490259679
2802,280.200000,0.689869959,0.121137110,-0.044316220,0.411354242,0.879699022,0.257653696,0.490263875
2803,280.300000,0.689872790,0.121192733,-0.044341874,0.411367358,0.879697743,0.257754888,0.490268072
2804,280.400000,0.689875620,0.121248357,-0.044367529,0.411380474,0.879696464,0.257856079,0.490272268
2805,280.500000,0.689878451,0.121303980,-0.044393184,0.411393591,0.879695185,0.257957270,0.490276465
2806,280.600000,0.689881282,0.121359603,-0.044418838,0.411406707,0.879693905,0.258058462,0.490280662
2807,280.700000,0.689884113,0.121415226,-0.044444493,0.411419824,0.879692626,0.258159653,0.490284858
2808,280.800000,0.689886944,0.121470849,-0.044470147,0.411432940,0.879691347,0.258260845,0.490289055
2809,280.900000,0.689889774,0.121526473,-0.044495802,0.411446056,0.879690068,0.258362036,0.490293251
2810,281.000000,0.689892605,0.121582096,-0.044521457,0.411459173,0.879688788,0.258463228,0.490297448
2811,281.100000,0.689895436,0.121637719,-0.044547111,0.411472289,0.879687509,0.258564419,0.490301644
2812,281.200000,0.689898267,0.121693342,-0.044572766,0.411485406,0.879686230,0.258665611,0.490305841
2813,281.300000,0.689901097,0.121748965,-0.044598421,0.411498522,0.879684951,0.258766802,0.490310037
2814,281.400000,0.689903928,0.121804589,-0.044624075,0.411511638,0.879683672,0.258867994,0.490314234
2815,281.500000,0.689906759,0.121860212,-0.044649730,0.411524755,0.879682392,0.258969185,0.490318431
2816,281.600000,0.689909590,0.121915835,-0.044675384,0.411537871,0.879681113,0.259070377,0.490322627
2817,281.700000,0.689912421,0.121971458,-0.044701039,0.411550987,0.879679834,0.259171568,0.490326824
2818,281.800000,0.689915251,0.122027081,-0.044726694,0.411564104,0.879678555,0.259272759,0.490331020
2819,281.900000,0.689918082,0.122082705,-0.044752348,0.411577220,0.879677275,0.259373951,0.490335217
2820,282.000000,0.689920913,0.122138328,-0.044778003,0.411590337,0.879675996,0.259475142,0.490339413
2821,282.100000,0.689923744,0.122193951,-0.044803658,0.411603453,0.879674717,0.259576334,0.490343610
2822,282.200000,0.689926575,0.122249574,-0.044829312,0.411616569,0.879673438,0.259677525,0.490347807
2823,282.300000,0.689929405,0.122305197,-0.044854967,0.411629686,0.879672159,0.259778717,0.490352003
2824,282.400000,0.689930891,0.122351622,-0.044874526,0.411620194,0.879671183,0.259848568,0.490355202
2825,282.500000,0.689930384,0.122384425,-0.044885058,0.411577225,0.879670657,0.259872011,0.490356922
2826,282.600000,0.689929878,0.122417229,-0.044895591,0.411534255,0.879670132,0.259895454,0.490358642
2827,282.700000,0.689929371,0.122450032,-0.044906123,0.411491286,0.879669606,0.259918897,0.490360363
2828,282.800000,0.689928864,0.122482835,-0.044916656,0.411448316,0.879669081,0.259942340,0.490362083
2829,282.900000,0.689928358,0.122515639,-0.044927188,0.411405347,0.879668555,0.259965783,0.490363804
2830,283.000000,0.689927851,0.122548442,-0.044937721,0.411362378,0.879668029,0.259989227,0.490365524
2831,283.100000,0.689927344,0.122581245,-0.044948254,0.411319408,0.879667504,0.260012670,0.490367245
2832,283.200000,0.689926838,0.122614049,-0.044958786,0.411276439,0.879666978,0.260036113,0.490368965
2833,283.300000,0.689926331,0.122646852,-0.044969319,0.411233469,0.879666452,0.260059556,0.490370685
2834,283.400000,0.689925825,0.122679655,-0.044979851,0.411190500,0.879665927,0.260082999,0.490372406
2835,283.500000,0.689925318,0.122712459,-0.044990384,0.411147531,0.879665401,0.260106442,0.490374126
2836,283.600000,0.689924811,0.122745262,-0.045000916,0.411104561,0.879664875,0.260129885,0.490375847
2837,283.700000,0.689924305,0.122778065,-0.045011449,0.411061592,0.879664350,0.260153328,0.490377567
2838,283.800000,0.689923798,0.122810869,-0.045021981,0.411018622,0.879663824,0.260176771,0.490379288
2839,283.900000,0.689923291,0.122843672,-0.045032514,0.410975653,0.879663298,0.260200215,0.490381008
2840,284.000000,0.689922785,0.122876475,-0.045043047,0.410932683,0.879662773,0.260223658,0.490382728
2841,284.100000,0.689922278,0.122909279,-0.045053579,0.410889714,0.879662247,0.260247101,0.490384449
2842,284.200000,0.689921772,0.122942082,-0.045064112,0.410846745,0.879661722,0.260270544,0.490386169
2843,284.300000,0.689921265,0.122974885,-0.045074644,0.410803775,0.879661196,0.260293987,0.490387890
2844,284.400000,0.689920758,0.123007689,-0.045085177,0.410760806,0.879660670,0.260317430,0.490389610
2845,284.500000,0.689920252,0.123040492,-0.045095709,0.410717836,0.879660145,0.260340873,0.490391331
2846,284.600000,0.689919745,0.123073295,-0.045106242,0.410674867,0.879659619,0.260364316,0.490393051
2847,284.700000,0.689919238,0.123106099,-0.045116775,0.410631898,0.879659093,0.260387760,0.490394771
2848,284.800000,0.689918732,0.123138902,-0.045127307,0.410588928,0.879658568,0.260411203,0.490396492
2849,284.900000,0.689918225,0.123171705,-0.045137840,0.410545959,0.879658042,0.260434646,0.490398212
2850,285.000000,0.689917719,0.123204509,-0.045148372,0.410502989,0.879657516,0.260458089,0.490399933
2851,285.100000,0.689917212,0.123237312,-0.045158905,0.410460020,0.879656991,0.260481532,0.490401653
2852,285.200000,0.689916844,0.123266913,-0.045171328,0.410405515,0.879656516,0.260499990,0.490400088
2853,285.300000,0.689917167,0.123280555,-0.045193172,0.410293528,0.879656297,0.260493605,0.490382148
2854,285.400000,0.689917490,0.123294197,-0.045215016,0.410181540,0.879656077,0.260487221,0.490364208
2855,285.500000,0.689917813,0.123307839,-0.045236861,0.410069552,0.879655858,0.260480836,0.490346268
2856,285.600000,0.689918136,0.123321481,-0.045258705,0.409957564,0.879655638,0.260474452,0.490328328
2857,285.700000,0.689918459,0.123335123,-0.045280549,0.409845576,0.879655419,0.260468067,0.490310388
2858,285.800000,0.689918782,0.123348765,-0.045302393,0.409733588,0.879655199,0.260461683,0.490292448
2859,285.900000,0.689919105,0.123362407,-0.045324237,0.409621600,0.879654980,0.260455298,0.490274509
2860,286.000000,0.689919428,0.123376049,-0.045346082,0.409509612,0.879654760,0.260448914,0.490256569
2861,286.100000,0.689919751,0.123389691,-0.045367926,0.409397625,0.879654540,0.260442529,0.490238629
2862,286.200000,0.689920074,0.123403333,-0.045389770,0.409285637,0.879654321,0.260436144,0.490220689
2863,286.300000,0.689920397,0.123416975,-0.045411614,0.409173649,0.879654101,0.260429760,0.490202749
2864,286.400000,0.689920719,0.123430617,-0.045433459,0.409061661,0.879653882,0.260423375,0.490184809
2865,286.500000,0.689921042,0.123444259,-0.045455303,0.408949673,0.879653662,0.260416991,0.490166869
2866,286.600000,0.689921365,0.123457901,-0.045477147,0.408837685,0.879653443,0.260410606,0.490148929
2867,286.700000,0.689921688,0.123471543,-0.045498991,0.408725697,0.879653223,0.260404222,0.490130989
2868,286.800000,0.689922011,0.123485185,-0.045520836,0.408613709,0.879653004,0.260397837,0.490113050
2869,286.900000,0.689922334,0.123498827,-0.045542680,0.408501722,0.879652784,0.260391453,0.490095110
2870,287.000000,0.689922657,0.123512469,-0.045564524,0.408389734,0.879652565,0.260385068,0.490077170
2871,287.100000,0.689922980,0.123526111,-0.045586368,0.408277746,0.879652345,0.260378683,0.490059230
2872,287.200000,0.689923303,0.123539753,-0.045608212,0.408165758,0.879652125,0.260372299,0.490041290
2873,287.300000,0.689923626,0.123553395,-0.045630057,0.408053770,0.879651906,0.260365914,0.490023350
2874,287.400000,0.689923949,0.123567037,-0.045651901,0.407941782,0.879651686,0.260359530,0.490005410
2875,287.500000,0.689924272,0.123580679,-0.045673745,0.407829794,0.879651467,0.260353145,0.489987470
2876,287.600000,0.689924595,0.123594321,-0.045695589,0.407717807,0.879651247,0.260346761,0.489969530
2877,287.700000,0.689924918,0.123607963,-0.045717434,0.407605819,0.879651028,0.260340376,0.489951591
2878,287.800000,0.689925241,0.123621605,-0.045739278,0.407493831,0.879650808,0.260333992,0.489933651
2879,287.900000,0.689925564,0.123635247,-0.045761122,0.407381843,0.879650589,0.260327607,0.489915711
2880,288.000000,0.689925887,0.123648889,-0.045782966,0.407269855,0.879650369,0.260321223,0.489897771
2881,288.100000,0.689921862,0.123679441,-0.045810342,0.407205849,0.879605310,0.260315630,0.489873316
2882,288.200000,0.689917515,0.123711244,-0.045838127,0.407145391,0.879556935,0.260310096,0.489848379
2883,288.300000,0.689913169,0.123743047,-0.045865912,0.407084932,0.879508561,0.260304562,0.489823443
2884,288.400000,0.689908822,0.123774850,-0.045893697,0.407024474,0.879460186,0.260299028,0.489798506
2885,288.500000,0.689904476,0.123806652,-0.045921481,0.406964015,0.879411812,0.260293495,0.489773569
2886,288.600000,0.689900130,0.123838455,-0.045949266,0.406903557,0.879363437,0.260287961,0.489748633
2887,288.700000,0.689895783,0.123870258,-0.045977051,0.406843098,0.879315063,0.260282427,0.489723696
2888,288.800000,0.689891437,0.123902061,-0.046004836,0.406782639,0.879266688,0.260276893,0.489698760
2889,288.900000,0.689887090,0.123933863,-0.046032621,0.406722181,0.879218314,0.260271359,0.489673823
2890,289.000000,0.689882744,0.123965666,-0.046060405,0.406661722,0.879169939,0.260265825,0.489648886
2891,289.100000,0.689878397,0.123997469,-0.046088190,0.406601264,0.879121565,0.260260291,0.489623950
2892,289.200000,0.689874051,0.124029272,-0.046115975,0.406540805,0.879073190,0.260254758,0.489599013
2893,289.300000,0.689869704,0.124061074,-0.046143760,0.406480347,0.879024816,0.260249224,0.489574076
2894,289.400000,0.689865358,0.124092877,-0.046171545,0.406419888,0.878976441,0.260243690,0.489549140
2895,289.500000,0.689861012,0.124124680,-0.046199329,0.406359429,0.878928067,0.260238156,0.489524203
2896,289.600000,0.689856665,0.124156482,-0.046227114,0.406298971,0.878879693,0.260232622,0.489499266
2897,289.700000,0.689852319,0.124188285,-0.046254899,0.406238512,0.878831318,0.260227088,0.489474330
2898,289.800000,0.689847972,0.124220088,-0.046282684,0.406178054,0.878782944,0.260221554,0.489449393
2899,289.900000,0.689843626,0.124251891,-0.046310469,0.406117595,0.878734569,0.260216021,0.489424457
2900,290.000000,0.689839279,0.124283693,-0.046338254,0.406057137,0.878686195,0.260210487,0.489399520
2901,290.100000,0.689834933,0.124315496,-0.046366038,0.405996678,0.878637820,0.260204953,0.489374583
2902,290.200000,0.689830586,0.124347299,-0.046393823,0.405936220,0.878589446,0.260199419,0.489349647
2903,290.300000,0.689826240,0.124379102,-0.046421608,0.405875761,0.878541071,0.260193885,0.489324710
2904,290.400000,0.689821894,0.124410904,-0.046449393,0.405815302,0.878492697,0.260188351,0.489299773
2905,290.500000,0.689817547,0.124442707,-0.046477178,0.405754844,0.878444322,0.260182817,0.489274837
2906,290.600000,0.689813201,0.124474510,-0.046504962,0.405694385,0.878395948,0.260177283,0.489249900
2907,290.700000,0.689808854,0.124506313,-0.046532747,0.405633927,0.878347573,0.260171750,0.489224963
2908,290.800000,0.689804508,0.124538115,-0.046560532,0.405573468,0.878299199,0.260166216,0.489200027
2909,290.900000,0.689802975,0.124563949,-0.046577021,0.405522589,0.878029143,0.260162933,0.489204285
2910,291.000000,0.689802675,0.124587165,-0.046588557,0.405475909,0.877661891,0.260160637,0.489221344
2911,291.100000,0.689802375,0.124610381,-0.046600093,0.405429230,0.877294639,0.260158342,0.489238402
2912,291.200000,0.689802075,0.124633597,-0.046611629,0.405382551,0.876927387,0.260156046,0.489255461
2913,291.300000,0.689801776,0.124656814,-0.046623165,0.405335871,0.876560135,0.260153750,0.489272519
2914,291.400000,0.689801476,0.124680030,-0.046634701,0.405289192,0.876192883,0.260151455,0.489289578
2915,291.500000,0.689801176,0.124703246,-0.046646237,0.405242512,0.875825631,0.260149159,0.489306636
2916,291.600000,0.689800876,0.124726462,-0.046657773,0.405195833,0.875458379,0.260146864,0.489323695
2917,291.700000,0.689800577,0.124749678,-0.046669309,0.405149154,0.875091126,0.260144568,0.489340753
2918,291.800000,0.689800277,0.124772895,-0.046680845,0.405102474,0.874723874,0.260142272,0.489357812
2919,291.900000,0.689799977,0.124796111,-0.046692381,0.405055795,0.874356622,0.260139977,0.489374871
2920,292.000000,0.689799677,0.124819327,-0.046703918,0.405009115,0.873989370,0.260137681,0.489391929
2921,292.100000,0.689799377,0.124842543,-0.046715454,0.404962436,0.873622118,0.260135385,0.489408988
2922,292.200000,0.689799078,0.124865759,-0.046726990,0.404915757,0.873254866,0.260133090,0.489426046
2923,292.300000,0.689798778,0.124888976,-0.046738526,0.404869077,0.872887614,0.260130794,0.489443105
2924,292.400000,0.689798478,0.124912192,-0.046750062,0.404822398,0.872520362,0.260128498,0.489460163
2925,292.500000,0.689798178,0.124935408,-0.046761598,0.404775718,0.872153110,0.260126203,0.489477222
2926,292.600000,0.689797879,0.124958624,-0.046773134,0.404729039,0.871785858,0.260123907,0.489494281
2927,292.700000,0.689797579,0.124981840,-0.046784670,0.404682360,0.871418606,0.260121611,0.489511339
2928,292.800000,0.689797279,0.125005057,-0.046796206,0.404635680,0.871051354,0.260119316,0.489528398
2929,292.900000,0.689796979,0.125028273,-0.046807742,0.404589001,0.870684102,0.260117020,0.489545456
2930,293.000000,0.689796680,0.125051489,-0.046819278,0.404542321,0.870316850,0.260114724,0.489562515
2931,293.100000,0.689796380,0.125074705,-0.046830814,0.404495642,0.869949598,0.260112429,0.489579573
2932,293.200000,0.689796080,0.125097921,-0.046842350,0.404448963,0.869582345,0.260110133,0.489596632
2933,293.300000,0.689795780,0.125121138,-0.046853886,0.404402283,0.869215093,0.260107837,0.489613690
2934,293.400000,0.689795481,0.125144354,-0.046865422,0.404355604,0.868847841,0.260105542,0.489630749
2935,293.500000,0.689795181,0.125167570,-0.046876959,0.404308925,0.868480589,0.260103246,0.489647808
2936,293.600000,0.689794881,0.125190786,-0.046888495,0.404262245,0.868113337,0.260100950,0.489664866
2937,293.700000,0.689799770,0.125207727,-0.046896915,0.404211516,0.867759051,0.260109380,0.489674118
2938,293.800000,0.689810768,0.125217278,-0.046901666,0.404156018,0.867420033,0.260130440,0.489674176
2939,293.900000,0.689821766,0.125226829,-0.046906417,0.404100520,0.867081015,0.260151500,0.489674234
2940,294.000000,0.689832764,0.125236380,-0.046911168,0.404045022,0.866741996,0.260172560,0.489674292
2941,294.100000,0.689843762,0.125245931,-0.046915920,0.403989525,0.866402978,0.260193620,0.489674350
2942,294.200000,0.689854760,0.125255482,-0.046920671,0.403934027,0.866063960,0.260214680,0.489674408
2943,294.300000,0.689865758,0.125265033,-0.046925422,0.403878529,0.865724942,0.260235739,0.489674466
2944,294.400000,0.689876756,0.125274584,-0.046930173,0.403823031,0.865385924,0.260256799,0.489674524
2945,294.500000,0.689887754,0.125284135,-0.046934925,0.403767533,0.865046906,0.260277859,0.489674582
2946,294.600000,0.689898752,0.125293686,-0.046939676,0.403712035,0.864707887,0.260298919,0.489674640
2947,294.700000,0.689909750,0.125303237,-0.046944427,0.403656537,0.864368869,0.260319979,0.489674698
2948,294.800000,0.689920748,0.125312788,-0.046949178,0.403601040,0.864029851,0.260341039,0.489674756
2949,294.900000,0.689931746,0.125322339,-0.046953929,0.403545542,0.863690833,0.260362099,0.489674814
2950,295.000000,0.689942744,0.125331890,-0.046958681,0.403490044,0.863351815,0.260383159,0.489674872
2951,295.100000,0.689953742,0.125341441,-0.046963432,0.403434546,0.863012797,0.260404218,0.489674930
2952,295.200000,0.689964740,0.125350992,-0.046968183,0.403379048,0.862673779,0.260425278,0.489674988
2953,295.300000,0.689975738,0.125360543,-0.046972934,0.403323550,0.862334760,0.260446338,0.489675046
2954,295.400000,0.689986736,0.125370094,-0.046977685,0.403268052,0.861995742,0.260467398,0.489675104
2955,295.500000,0.689997734,0.125379645,-0.046982437,0.403212554,0.861656724,0.260488458,0.489675162
2956,295.600000,0.690008732,0.125389196,-0.046987188,0.403157057,0.861317706,0.260509518,0.489675221
2957,295.700000,0.690019730,0.125398747,-0.046991939,0.403101559,0.860978688,0.260530578,0.489675279
2958,295.800000,0.690030728,0.125408297,-0.046996690,0.403046061,0.860639670,0.260551638,0.489675337
2959,295.900000,0.690041726,0.125417848,-0.047001441,0.402990563,0.860300651,0.260572697,0.489675395
2960,296.000000,0.690052724,0.125427399,-0.047006193,0.402935065,0.859961633,0.260593757,0.489675453
2961,296.100000,0.690063722,0.125436950,-0.047010944,0.402879567,0.859622615,0.260614817,0.489675511
2962,296.200000,0.690074720,0.125446501,-0.047015695,0.402824069,0.859283597,0.260635877,0.489675569
2963,296.300000,0.690085718,0.125456052,-0.047020446,0.402768572,0.858944579,0.260656937,0.489675627
2964,296.400000,0.690096716,0.125465603,-0.047025198,0.402713074,0.858605561,0.260677997,0.489675685
2965,296.500000,0.690103305,0.125473904,-0.047031927,0.402664194,0.858311061,0.260709222,0.489676655
2966,296.600000,0.690094553,0.125477856,-0.047045540,0.402638339,0.858171452,0.260775817,0.489680799
2967,296.700000,0.690085801,0.125481808,-0.047059152,0.402612484,0.858031842,0.260842411,0.489684943
2968,296.800000,0.690077049,0.125485759,-0.047072764,0.402586629,0.857892233,0.260909005,0.489689086
2969,296.900000,0.690068297,0.125489711,-0.047086377,0.402560774,0.857752623,0.260975599,0.489693230
2970,297.000000,0.690059545,0.125493663,-0.047099989,0.402534919,0.857613014,0.261042193,0.489697374
2971,297.100000,0.690050793,0.125497614,-0.047113602,0.402509065,0.857473404,0.261108787,0.489701518
2972,297.200000,0.690042041,0.125501566,-0.047127214,0.402483210,0.857333794,0.261175381,0.489705662
2973,297.300000,0.690033289,0.125505518,-0.047140827,0.402457355,0.857194185,0.261241975,0.489709805
2974,297.400000,0.690024537,0.125509470,-0.047154439,0.402431500,0.857054575,0.261308569,0.489713949
2975,297.500000,0.690015786,0.125513421,-0.047168052,0.402405645,0.856914966,0.261375163,0.489718093
2976,297.600000,0.690007034,0.125517373,-0.047181664,0.402379790,0.856775356,0.261441757,0.489722237
2977,297.700000,0.689998282,0.125521325,-0.047195277,0.402353935,0.856635746,0.261508351,0.489726381
2978,297.800000,0.689989530,0.125525276,-0.047208889,0.402328081,0.856496137,0.261574945,0.489730524
2979,297.900000,0.689980778,0.125529228,-0.047222501,0.402302226,0.856356527,0.261641539,0.489734668
2980,298.000000,0.689972026,0.125533180,-0.047236114,0.402276371,0.856216918,0.261708133,0.489738812
2981,298.100000,0.689963274,0.125537131,-0.047249726,0.402250516,0.856077308,0.261774728,0.489742956
2982,298.200000,0.689954522,0.125541083,-0.047263339,0.402224661,0.855937698,0.261841322,0.489747100
2983,298.300000,0.689945770,0.125545035,-0.047276951,0.402198806,0.855798089,0.261907916,0.489751243
2984,298.400000,0.689937018,0.125548986,-0.047290564,0.402172951,0.855658479,0.261974510,0.489755387
2985,298.500000,0.689928266,0.125552938,-0.047304176,0.402147097,0.855518870,0.262041104,0.489759531
2986,298.600000,0.689919514,0.125556890,-0.047317789,0.402121242,0.855379260,0.262107698,0.489763675
2987,298.700000,0.689910762,0.125560842,-0.047331401,0.402095387,0.855239651,0.262174292,0.489767819
2988,298.800000,0.689902010,0.125564793,-0.047345014,0.402069532,0.855100041,0.262240886,0.489771962
2989,298.900000,0.689893258,0.125568745,-0.047358626,0.402043677,0.854960431,0.262307480,0.489776106
2990,299.000000,0.689884506,0.125572697,-0.047372239,0.402017822,0.854820822,0.262374074,0.489780250
2991,299.100000,0.689875754,0.125576648,-0.047385851,0.401991967,0.854681212,0.262440668,0.489784394
2992,299.200000,0.689867002,0.125580600,-0.047399463,0.401966113,0.854541603,0.262507262,0.489788538
2993,299.300000,0.689858250,0.125584552,-0.047413076,0.401940258,0.854401993,0.262573856,0.489792681
2994,299.400000,0.689848848,0.125586225,-0.047443146,0.401929358,0.854344551,0.262676459,0.489774745
2995,299.500000,0.689839437,0.125587869,-0.047473429,0.401918652,0.854288168,0.262779524,0.489756524
2996,299.600000,0.689830027,0.125589513,-0.047503711,0.401907945,0.854231785,0.262882590,0.489738304
2997,299.700000,0.689820616,0.125591157,-0.047533993,0.401897238,0.854175401,0.262985656,0.489720083
2998,299.800000,0.689811206,0.125592801,-0.047564276,0.401886531,0.854119018,0.263088722,0.489701863
2999,299.900000,0.689801795,0.125594444,-0.047594558,0.401875825,0.854062634,0.263191788,0.489683642
3000,300.000000,0.689792384,0.125596088,-0.047624840,0.401865118,0.854006251,0.263294854,0.489665421
3001,300.100000,0.689782974,0.125597732,-0.047655123,0.401854411,0.853949867,0.263397920,0.489647201
3002,300.200000,0.689773563,0.125599376,-0.047685405,0.401843705,0.853893484,0.263500986,0.489628980
3003,300.300000,0.689764152,0.125601020,-0.047715687,0.401832998,0.853837100,0.263604052,0.489610759
3004,300.400000,0.689754742,0.125602664,-0.047745970,0.401822291,0.853780717,0.263707118,0.489592539
3005,300.500000,0.689745331,0.125604308,-0.047776252,0.401811584,0.853724334,0.263810184,0.489574318
3006,300.600000,0.689735921,0.125605952,-0.047806534,0.401800878,0.853667950,0.263913249,0.489556098
3007,300.700000,0.689726510,0.125607596,-0.047836817,0.401790171,0.853611567,0.264016315,0.489537877
3008,300.800000,0.689717099,0.125609240,-0.047867099,0.401779464,0.853555183,0.264119381,0.489519656
3009,300.900000,0.689707689,0.125610883,-0.047897381,0.401768757,0.853498800,0.264222447,0.489501436
3010,301.000000,0.689698278,0.125612527,-0.047927664,0.401758051,0.853442416,0.264325513,0.489483215
3011,301.100000,0.689688867,0.125614171,-0.047957946,0.401747344,0.853386033,0.264428579,0.489464994
3012,301.200000,0.689679457,0.125615815,-0.047988228,0.401736637,0.853329650,0.264531645,0.489446774
3013,301.300000,0.689670046,0.125617459,-0.048018511,0.401725930,0.853273266,0.264634711,0.489428553
3014,301.400000,0.689660636,0.125619103,-0.048048793,0.401715224,0.853216883,0.264737777,0.489410333
3015,301.500000,0.689651225,0.125620747,-0.048079075,0.401704517,0.853160499,0.264840843,0.489392112
3016,301.600000,0.689641814,0.125622391,-0.048109358,0.401693810,0.853104116,0.264943909,0.489373891
3017,301.700000,0.689632404,0.125624035,-0.048139640,0.401683104,0.853047732,0.265046975,0.489355671
3018,301.800000,0.689622993,0.125625679,-0.048169922,0.401672397,0.852991349,0.265150040,0.489337450
3019,301.900000,0.689613583,0.125627322,-0.048200205,0.401661690,0.852934965,0.265253106,0.489319229
3020,302.000000,0.689604172,0.125628966,-0.048230487,0.401650983,0.852878582,0.265356172,0.489301009
3021,302.100000,0.689594761,0.125630610,-0.048260769,0.401640277,0.852822199,0.265459238,0.489282788
3022,302.200000,0.689589278,0.125631567,-0.048278395,0.401634054,0.852773076,0.265753479,0.489284972
3023,302.300000,0.689585094,0.125632297,-0.048291831,0.401629316,0.852726356,0.266110997,0.489293910
3024,302.400000,0.689580910,0.125633027,-0.048305267,0.401624578,0.852679637,0.266468516,0.489302848
3025,302.500000,0.689576726,0.125633757,-0.048318703,0.401619840,0.852632917,0.266826034,0.489311785
3026,302.600000,0.689572542,0.125634487,-0.048332139,0.401615102,0.852586198,0.267183553,0.489320723
3027,302.700000,0.689568358,0.125635217,-0.048345575,0.401610364,0.852539478,0.267541071,0.489329661
3028,302.800000,0.689564174,0.125635947,-0.048359011,0.401605626,0.852492759,0.267898590,0.489338599
3029,302.900000,0.689559990,0.125636677,-0.048372447,0.401600888,0.852446039,0.268256108,0.489347536
3030,303.000000,0.689555807,0.125637406,-0.048385883,0.401596150,0.852399320,0.268613627,0.489356474
3031,303.100000,0.689551623,0.125638136,-0.048399319,0.401591412,0.852352600,0.268971145,0.489365412
3032,303.200000,0.689547439,0.125638866,-0.048412755,0.401586674,0.852305881,0.269328664,0.489374350
3033,303.300000,0.689543255,0.125639596,-0.048426191,0.401581936,0.852259162,0.269686182,0.489383287
3034,303.400000,0.689539071,0.125640326,-0.048439627,0.401577198,0.852212442,0.270043701,0.489392225
3035,303.500000,0.689534887,0.125641056,-0.048453063,0.401572460,0.852165723,0.270401219,0.489401163
3036,303.600000,0.689530703,0.125641786,-0.048466499,0.401567722,0.852119003,0.270758738,0.489410101
3037,303.700000,0.689526519,0.125642516,-0.048479935,0.401562984,0.852072284,0.271116257,0.489419038
3038,303.800000,0.689522335,0.125643246,-0.048493371,0.401558246,0.852025564,0.271473775,0.489427976
3039,303.900000,0.689518152,0.125643975,-0.048506807,0.401553508,0.851978845,0.271831294,0.489436914
3040,304.000000,0.689513968,0.125644705,-0.048520243,0.401548770,0.851932125,0.272188812,0.489445852
3041,304.100000,0.689509784,0.125645435,-0.048533679,0.401544032,0.851885406,0.272546331,0.489454789
3042,304.200000,0.689505600,0.125646165,-0.048547115,0.401539294,0.851838686,0.272903849,0.489463727
3043,304.300000,0.689501416,0.125646895,-0.048560551,0.401534556,0.851791967,0.273261368,0.489472665
3044,304.400000,0.689497232,0.125647625,-0.048573987,0.401529817,0.851745247,0.273618886,0.489481603
3045,304.500000,0.689493048,0.125648355,-0.048587423,0.401525079,0.851698528,0.273976405,0.489490540
3046,304.600000,0.689488864,0.125649085,-0.048600859,0.401520341,0.851651808,0.274333923,0.489499478
3047,304.700000,0.689484680,0.125649814,-0.048614295,0.401515603,0.851605089,0.274691442,0.489508416
3048,304.800000,0.689480497,0.125650544,-0.048627731,0.401510865,0.851558369,0.275048960,0.489517354
3049,304.900000,0.689476313,0.125651274,-0.048641167,0.401506127,0.851511650,0.275406479,0.489526291
3050,305.000000,0.689473545,0.125651757,-0.048650048,0.401502996,0.851460570,0.275807920,0.489536996
3051,305.100000,0.689472110,0.125652007,-0.048654644,0.401501376,0.851405390,0.276250667,0.489549362
3052,305.200000,0.689470674,0.125652257,-0.048659240,0.401499756,0.851350210,0.276693413,0.489561728
3053,305.300000,0.689469239,0.125652507,-0.048663836,0.401498136,0.851295030,0.277136160,0.489574094
3054,305.400000,0.689467803,0.125652757,-0.048668432,0.401496516,0.851239849,0.277578907,0.489586459
3055,305.500000,0.689466368,0.125653008,-0.048673029,0.401494895,0.851184669,0.278021654,0.489598825
3056,305.600000,0.689464932,0.125653258,-0.048677625,0.401493275,0.851129489,0.278464401,0.489611191
3057,305.700000,0.689463497,0.125653508,-0.048682221,0.401491655,0.851074309,0.278907148,0.489623557
3058,305.800000,0.689462061,0.125653758,-0.048686817,0.401490035,0.851019129,0.279349895,0.489635923
3059,305.900000,0.689460626,0.125654008,-0.048691413,0.401488415,0.850963949,0.279792642,0.489648289
3060,306.000000,0.689459190,0.125654258,-0.048696010,0.401486795,0.850908769,0.280235389,0.489660655
3061,306.100000,0.689457755,0.125654508,-0.048700606,0.401485175,0.850853588,0.280678136,0.489673021
3062,306.200000,0.689456320,0.125654759,-0.048705202,0.401483554,0.850798408,0.281120883,0.489685387
3063,306.300000,0.689454884,0.125655009,-0.048709798,0.401481934,0.850743228,0.281563629,0.489697753
3064,306.400000,0.689453449,0.125655259,-0.048714394,0.401480314,0.850688048,0.282006376,0.489710119
3065,306.500000,0.689452013,0.125655509,-0.048718991,0.401478694,0.850632868,0.282449123,0.489722485
3066,306.600000,0.689450578,0.125655759,-0.048723587,0.401477074,0.850577688,0.282891870,0.489734851
3067,306.700000,0.689449142,0.125656009,-0.048728183,0.401475454,0.850522507,0.283334617,0.489747217
3068,306.800000,0.689447707,0.125656259,-0.048732779,0.401473834,0.850467327,0.283777364,0.489759582
3069,306.900000,0.689446271,0.125656510,-0.048737375,0.401472214,0.850412147,0.284220111,0.489771948
3070,307.000000,0.689444836,0.125656760,-0.048741972,0.401470593,0.850356967,0.284662858,0.489784314
3071,307.100000,0.689443400,0.125657010,-0.048746568,0.401468973,0.850301787,0.285105605,0.489796680
3072,307.200000,0.689441965,0.125657260,-0.048751164,0.401467353,0.850246607,0.285548352,0.489809046
3073,307.300000,0.689440529,0.125657510,-0.048755760,0.401465733,0.850191427,0.285991099,0.489821412
3074,307.400000,0.689439094,0.125657760,-0.048760356,0.401464113,0.850136246,0.286433845,0.489833778
3075,307.500000,0.689437658,0.125658010,-0.048764952,0.401462493,0.850081066,0.286876592,0.489846144
3076,307.600000,0.689436223,0.125658261,-0.048769549,0.401460873,0.850025886,0.287319339,0.489858510
3077,307.700000,0.689434787,0.125658511,-0.048774145,0.401459253,0.849970706,0.287762086,0.489870876
3078,307.800000,0.689433587,0.125658720,-0.048787173,0.401457898,0.849921047,0.288168887,0.489872913
3079,307.900000,0.689432991,0.125658824,-0.048821950,0.401457228,0.849885630,0.288482971,0.489848309
3080,308.000000,0.689432396,0.125658928,-0.048856727,0.401456557,0.849850212,0.288797055,0.489823705
3081,308.100000,0.689431801,0.125659032,-0.048891504,0.401455887,0.849814795,0.289111138,0.489799101
3082,308.200000,0.689431206,0.125659136,-0.048926281,0.401455217,0.849779377,0.289425222,0.489774497
3083,308.300000,0.689430610,0.125659240,-0.048961058,0.401454547,0.849743960,0.289739306,0.489749892
3084,308.400000,0.689430015,0.125659344,-0.048995835,0.401453876,0.849708542,0.290053389,0.489725288
3085,308.500000,0.689429420,0.125659448,-0.049030612,0.401453206,0.849673125,0.290367473,0.489700684
3086,308.600000,0.689428825,0.125659552,-0.049065389,0.401452536,0.849637707,0.290681556,0.489676080
3087,308.700000,0.689428229,0.125659656,-0.049100167,0.401451866,0.849602290,0.290995640,0.489651476
3088,308.800000,0.689427634,0.125659759,-0.049134944,0.401451195,0.849566872,0.291309724,0.489626872
3089,308.900000,0.689427039,0.125659863,-0.049169721,0.401450525,0.849531455,0.291623807,0.489602267
3090,309.000000,0.689426443,0.125659967,-0.049204498,0.401449855,0.849496037,0.291937891,0.489577663
3091,309.100000,0.689425848,0.125660071,-0.049239275,0.401449185,0.849460620,0.292251975,0.489553059
3092,309.200000,0.689425253,0.125660175,-0.049274052,0.401448514,0.849425202,0.292566058,0.489528455
3093,309.300000,0.689424658,0.125660279,-0.049308829,0.401447844,0.849389785,0.292880142,0.489503851
3094,309.400000,0.689424062,0.125660383,-0.049343606,0.401447174,0.849354367,0.293194226,0.489479247
3095,309.500000,0.689423467,0.125660487,-0.049378383,0.401446504,0.849318950,0.293508309,0.489454643
3096,309.600000,0.689422872,0.125660591,-0.049413160,0.401445833,0.849283532,0.293822393,0.489430038
3097,309.700000,0.689422277,0.125660695,-0.049447937,0.401445163,0.849248115,0.294136477,0.489405434
3098,309.800000,0.689421681,0.125660799,-0.049482714,0.401444493,0.849212697,0.294450560,0.489380830
3099,309.900000,0.689421086,0.125660903,-0.049517491,0.401443823,0.849177280,0.294764644,0.489356226
3100,310.000000,0.689420491,0.125661007,-0.049552268,0.401443152,0.849141862,0.295078727,0.489331622
3101,310.100000,0.689419896,0.125661111,-0.049587045,0.401442482,0.849106445,0.295392811,0.489307018
3102,310.200000,0.689419300,0.125661215,-0.049621822,0.401441812,0.849071027,0.295706895,0.489282414
3103,310.300000,0.689418705,0.125661319,-0.049656599,0.401441142,0.849035610,0.296020978,0.489257809
3104,310.400000,0.689418110,0.125661423,-0.049691377,0.401440471,0.849000193,0.296335062,0.489233205
3105,310.500000,0.689417514,0.125661527,-0.049726154,0.401439801,0.848964775,0.296649146,0.489208601
3106,310.600000,0.689416002,0.125661628,-0.049760190,0.401439148,0.848930263,0.296955381,0.489184622
3107,310.700000,0.689394272,0.125661671,-0.049777904,0.401438870,0.848915715,0.297088673,0.489174423
3108,310.800000,0.689372542,0.125661713,-0.049795618,0.401438593,0.848901166,0.297221964,0.489164224
3109,310.900000,0.689350811,0.125661756,-0.049813332,0.401438315,0.848886618,0.297355256,0.489154025
3110,311.000000,0.689329081,0.125661799,-0.049831046,0.401438038,0.848872069,0.297488547,0.489143826
3111,311.100000,0.689307351,0.125661842,-0.049848759,0.401437760,0.848857520,0.297621839,0.489133627
3112,311.200000,0.689285621,0.125661884,-0.049866473,0.401437482,0.848842972,0.297755130,0.489123428
3113,311.300000,0.689263891,0.125661927,-0.049884187,0.401437205,0.848828423,0.297888422,0.489113229
3114,311.400000,0.689242161,0.125661970,-0.049901901,0.401436927,0.848813874,0.298021714,0.489103030
3115,311.500000,0.689220431,0.125662013,-0.049919615,0.401436650,0.848799326,0.298155005,0.489092831
3116,311.600000,0.689198701,0.125662055,-0.049937329,0.401436372,0.848784777,0.298288297,0.489082632
3117,311.700000,0.689176971,0.125662098,-0.049955043,0.401436094,0.848770228,0.298421588,0.489072433
3118,311.800000,0.689155241,0.125662141,-0.049972757,0.401435817,0.848755680,0.298554880,0.489062234
3119,311.900000,0.689133511,0.125662184,-0.049990471,0.401435539,0.848741131,0.298688171,0.489052035
3120,312.000000,0.689111781,0.125662226,-0.050008184,0.401435262,0.848726582,0.298821463,0.489041836
3121,312.100000,0.689090050,0.125662269,-0.050025898,0.401434984,0.848712034,0.298954754,0.489031637
3122,312.200000,0.689068320,0.125662312,-0.050043612,0.401434707,0.848697485,0.299088046,0.489021437
3123,312.300000,0.689046590,0.125662355,-0.050061326,0.401434429,0.848682937,0.299221337,0.489011238
3124,312.400000,0.689024860,0.125662397,-0.050079040,0.401434151,0.848668388,0.299354629,0.489001039
3125,312.500000,0.689003130,0.125662440,-0.050096754,0.401433874,0.848653839,0.299487921,0.488990840
3126,312.600000,0.688981400,0.125662483,-0.050114468,0.401433596,0.848639291,0.299621212,0.488980641
3127,312.700000,0.688959670,0.125662526,-0.050132182,0.401433319,0.848624742,0.299754504,0.488970442
3128,312.800000,0.688937940,0.125662568,-0.050149896,0.401433041,0.848610193,0.299887795,0.488960243
3129,312.900000,0.688916210,0.125662611,-0.050167610,0.401432763,0.848595645,0.300021087,0.488950044
3130,313.000000,0.688894480,0.125662654,-0.050185323,0.401432486,0.848581096,0.300154378,0.488939845
3131,313.100000,0.688872750,0.125662697,-0.050203037,0.401432208,0.848566547,0.300287670,0.488929646
3132,313.200000,0.688851019,0.125662739,-0.050220751,0.401431931,0.848551999,0.300420961,0.488919447
3133,313.300000,0.688829289,0.125662782,-0.050238465,0.401431653,0.848537450,0.300554253,0.488909248
3134,313.400000,0.688807559,0.125662825,-0.050256179,0.401431375,0.848522901,0.300687544,0.488899049
3135,313.500000,0.688784300,0.125662847,-0.050279522,0.401431228,0.848515256,0.300801149,0.488893670
3136,313.600000,0.688760677,0.125662865,-0.050304207,0.401431112,0.848509257,0.300910060,0.488889441
3137,313.700000,0.688737053,0.125662883,-0.050328892,0.401430996,0.848503257,0.301018970,0.488885212
3138,313.800000,0.688713429,0.125662901,-0.050353577,0.401430880,0.848497258,0.301127880,0.488880982
3139,313.900000,0.688689806,0.125662919,-0.050378262,0.401430764,0.848491259,0.301236790,0.488876753
3140,314.000000,0.688666182,0.125662937,-0.050402947,0.401430648,0.848485259,0.301345700,0.488872524
3141,314.100000,0.688642559,0.125662955,-0.050427632,0.401430532,0.848479260,0.301454610,0.488868294
3142,314.200000,0.688618935,0.125662973,-0.050452317,0.401430416,0.848473261,0.301563520,0.488864065
3143,314.300000,0.688595311,0.125662991,-0.050477002,0.401430300,0.848467262,0.301672430,0.488859836
3144,314.400000,0.688571688,0.125663009,-0.050501687,0.401430183,0.848461262,0.301781341,0.488855607
3145,314.500000,0.688548064,0.125663027,-0.050526372,0.401430067,0.848455263,0.301890251,0.488851377
3146,314.600000,0.688524440,0.125663045,-0.050551057,0.401429951,0.848449264,0.301999161,0.488847148
3147,314.700000,0.688500817,0.125663063,-0.050575742,0.401429835,0.848443264,0.302108071,0.488842919
3148,314.800000,0.688477193,0.125663081,-0.050600427,0.401429719,0.848437265,0.302216981,0.488838689
3149,314.900000,0.688453570,0.125663099,-0.050625112,0.401429603,0.848431266,0.302325891,0.488834460
3150,315.000000,0.688429946,0.125663117,-0.050649797,0.401429487,0.848425266,0.302434801,0.488830231
3151,315.100000,0.688406322,0.125663135,-0.050674482,0.401429371,0.848419267,0.302543712,0.488826002
3152,315.200000,0.688382699,0.125663153,-0.050699167,0.401429255,0.848413268,0.302652622,0.488821772
3153,315.300000,0.688359075,0.125663171,-0.050723852,0.401429139,0.848407269,0.302761532,0.488817543
3154,315.400000,0.688335451,0.125663189,-0.050748537,0.401429022,0.848401269,0.302870442,0.488813314
3155,315.500000,0.688311828,0.125663207,-0.050773222,0.401428906,0.848395270,0.302979352,0.488809084
3156,315.600000,0.688288204,0.125663225,-0.050797908,0.401428790,0.848389271,0.303088262,0.488804855
3157,315.700000,0.688264581,0.125663243,-0.050822593,0.401428674,0.848383271,0.303197172,0.488800626
3158,315.800000,0.688240957,0.125663260,-0.050847278,0.401428558,0.848377272,0.303306082,0.488796397
3159,315.900000,0.688217333,0.125663278,-0.050871963,0.401428442,0.848371273,0.303414993,0.488792167
3160,316.000000,0.688193710,0.125663296,-0.050896648,0.401428326,0.848365273,0.303523903,0.488787938
3161,316.100000,0.688170086,0.125663314,-0.050921333,0.401428210,0.848359274,0.303632813,0.488783709
3162,316.200000,0.688146462,0.125663332,-0.050946018,0.401428094,0.848353275,0.303741723,0.488779479
3163,316.300000,0.688130707,0.125678243,-0.050993872,0.401428017,0.848349277,0.303853543,0.488772994
3164,316.400000,0.688120851,0.125704321,-0.051059101,0.401427969,0.848346780,0.303967546,0.488764817
3165,316.500000,0.688110995,0.125730399,-0.051124330,0.401427922,0.848344282,0.304081549,0.488756641
3166,316.600000,0.688101139,0.125756477,-0.051189559,0.401427874,0.848341785,0.304195552,0.488748464
3167,316.700000,0.688091283,0.125782555,-0.051254788,0.401427827,0.848339288,0.304309554,0.488740287
3168,316.800000,0.688081427,0.125808634,-0.051320016,0.401427779,0.848336790,0.304423557,0.488732111
3169,316.900000,0.688071571,0.125834712,-0.051385245,0.401427732,0.848334293,0.304537560,0.488723934
3170,317.000000,0.688061714,0.125860790,-0.051450474,0.401427684,0.848331796,0.304651563,0.488715757
3171,317.100000,0.688051858,0.125886868,-0.051515703,0.401427637,0.848329299,0.304765565,0.488707580
3172,317.200000,0.688042002,0.125912946,-0.051580931,0.401427589,0.848326801,0.304879568,0.488699404
3173,317.300000,0.688032146,0.125939024,-0.051646160,0.401427542,0.848324304,0.304993571,0.488691227
3174,317.400000,0.688022290,0.125965102,-0.051711389,0.401427494,0.848321807,0.305107574,0.488683050
3175,317.500000,0.688012434,0.125991180,-0.051776618,0.401427447,0.848319310,0.305221576,0.488674873
3176,317.600000,0.688002578,0.126017258,-0.051841847,0.401427399,0.848316812,0.305335579,0.488666697
3177,317.700000,0.687992722,0.126043337,-0.051907075,0.401427352,0.848314315,0.305449582,0.488658520
3178,317.800000,0.687982866,0.126069415,-0.051972304,0.401427304,0.848311818,0.305563585,0.488650343
3179,317.900000,0.687973010,0.126095493,-0.052037533,0.401427257,0.848309320,0.305677587,0.488642166
3180,318.000000,0.687963154,0.126121571,-0.052102762,0.401427209,0.848306823,0.305791590,0.488633990
3181,318.100000,0.687953298,0.126147649,-0.052167991,0.401427162,0.848304326,0.305905593,0.488625813
3182,318.200000,0.687943442,0.126173727,-0.052233219,0.401427114,0.848301829,0.306019596,0.488617636
3183,318.300000,0.687933586,0.126199805,-0.052298448,0.401427067,0.848299331,0.306133598,0.488609460
3184,318.400000,0.687923730,0.126225883,-0.052363677,0.401427020,0.848296834,0.306247601,0.488601283
3185,318.500000,0.687913874,0.126251962,-0.052428906,0.401426972,0.848294337,0.306361604,0.488593106
3186,318.600000,0.687904018,0.126278040,-0.052494135,0.401426925,0.848291840,0.306475607,0.488584929
3187,318.700000,0.687894162,0.126304118,-0.052559363,0.401426877,0.848289342,0.306589609,0.488576753
3188,318.800000,0.687884306,0.126330196,-0.052624592,0.401426830,0.848286845,0.306703612,0.488568576
3189,318.900000,0.687874450,0.126356274,-0.052689821,0.401426782,0.848284348,0.306817615,0.488560399
3190,319.000000,0.687864594,0.126382352,-0.052755050,0.401426735,0.848281850,0.306931617,0.488552222
3191,319.100000,0.687858831,0.126414116,-0.052796335,0.401435484,0.848279842,0.307097196,0.488535653
3192,319.200000,0.687861174,0.126457141,-0.052790200,0.401461658,0.848278801,0.307364925,0.488502460
3193,319.300000,0.687863517,0.126500166,-0.052784064,0.401487832,0.848277760,0.307632655,0.488469268
3194,319.400000,0.687865861,0.126543190,-0.052777928,0.401514005,0.848276720,0.307900384,0.488436075
3195,319.500000,0.687868204,0.126586215,-0.052771793,0.401540179,0.848275679,0.308168113,0.488402883
3196,319.600000,0.687870547,0.126629240,-0.052765657,0.401566353,0.848274638,0.308435843,0.488369690
3197,319.700000,0.687872890,0.126672265,-0.052759521,0.401592526,0.848273598,0.308703572,0.488336497
3198,319.800000,0.687875233,0.126715290,-0.052753385,0.401618700,0.848272557,0.308971301,0.488303305
3199,319.900000,0.687877576,0.126758314,-0.052747250,0.401644873,0.848271516,0.309239031,0.488270112
3200,320.000000,0.687879919,0.126801339,-0.052741114,0.401671047,0.848270476,0.309506760,0.488236920
3201,320.100000,0.687882263,0.126844364,-0.052734978,0.401697221,0.848269435,0.309774490,0.488203727
3202,320.200000,0.687884606,0.126887389,-0.052728843,0.401723394,0.848268394,0.310042219,0.488170535
3203,320.300000,0.687886949,0.126930414,-0.052722707,0.401749568,0.848267354,0.310309948,0.488137342
3204,320.400000,0.687889292,0.126973438,-0.052716571,0.401775742,0.848266313,0.310577678,0.488104150
3205,320.500000,0.687891635,0.127016463,-0.052710435,0.401801915,0.848265272,0.310845407,0.488070957
3206,320.600000,0.687893978,0.127059488,-0.052704300,0.401828089,0.848264231,0.311113136,0.488037764
3207,320.700000,0.687896321,0.127102513,-0.052698164,0.401854263,0.848263191,0.311380866,0.488004572
3208,320.800000,0.687898665,0.127145538,-0.052692028,0.401880436,0.848262150,0.311648595,0.487971379
3209,320.900000,0.687901008,0.127188562,-0.052685892,0.401906610,0.848261109,0.311916324,0.487938187
3210,321.000000,0.687903351,0.127231587,-0.052679757,0.401932783,0.848260069,0.312184054,0.487904994
3211,321.100000,0.687905694,0.127274612,-0.052673621,0.401958957,0.848259028,0.312451783,0.487871802
3212,321.200000,0.687908037,0.127317637,-0.052667485,0.401985131,0.848257987,0.312719513,0.487838609
3213,321.300000,0.687910380,0.127360662,-0.052661350,0.402011304,0.848256947,0.312987242,0.487805417
3214,321.400000,0.687912723,0.127403686,-0.052655214,0.402037478,0.848255906,0.313254971,0.487772224
3215,321.500000,0.687915067,0.127446711,-0.052649078,0.402063652,0.848254865,0.313522701,0.487739031
3216,321.600000,0.687917410,0.127489736,-0.052642942,0.402089825,0.848253824,0.313790430,0.487705839
3217,321.700000,0.687919753,0.127532761,-0.052636807,0.402115999,0.848252784,0.314058159,0.487672646
3218,321.800000,0.687922096,0.127575786,-0.052630671,0.402142173,0.848251743,0.314325889,0.487639454
3219,321.900000,0.687928490,0.127617718,-0.052624597,0.402173528,0.848252959,0.314626828,0.487606970
3220,322.000000,0.687971525,0.127649762,-0.052619085,0.402251761,0.848274595,0.315228207,0.487580903
3221,322.100000,0.688014561,0.127681807,-0.052613573,0.402329993,0.848296230,0.315829586,0.487554836
3222,322.200000,0.688057597,0.127713852,-0.052608061,0.402408226,0.848317865,0.316430966,0.487528769
3223,322.300000,0.688100633,0.127745896,-0.052602549,0.402486459,0.848339500,0.317032345,0.487502702
3224,322.400000,0.688143669,0.127777941,-0.052597037,0.402564692,0.848361135,0.317633724,0.487476635
3225,322.500000,0.688186705,0.127809986,-0.052591525,0.402642924,0.848382770,0.318235104,0.487450568
3226,322.600000,0.688229741,0.127842030,-0.052586013,0.402721157,0.848404405,0.318836483,0.487424501
3227,322.700000,0.688272777,0.127874075,-0.052580501,0.402799390,0.848426040,0.319437862,0.487398434
3228,322.800000,0.688315813,0.127906120,-0.052574989,0.402877623,0.848447675,0.320039242,0.487372367
3229,322.900000,0.688358848,0.127938164,-0.052569477,0.402955855,0.848469310,0.320640621,0.487346300
3230,323.000000,0.688401884,0.127970209,-0.052563964,0.403034088,0.848490946,0.321242001,0.487320233
3231,323.100000,0.688444920,0.128002254,-0.052558452,0.403112321,0.848512581,0.321843380,0.487294166
3232,323.200000,0.688487956,0.128034299,-0.052552940,0.403190554,0.848534216,0.322444759,0.487268099
3233,323.300000,0.688530992,0.128066343,-0.052547428,0.403268787,0.848555851,0.323046139,0.487242032
3234,323.400000,0.688574028,0.128098388,-0.052541916,0.403347019,0.848577486,0.323647518,0.487215965
3235,323.500000,0.688617064,0.128130433,-0.052536404,0.403425252,0.848599121,0.324248897,0.487189898
3236,323.600000,0.688660100,0.128162477,-0.052530892,0.403503485,0.848620756,0.324850277,0.487163831
3237,323.700000,0.688703136,0.128194522,-0.052525380,0.403581718,0.848642391,0.325451656,0.487137764
3238,323.800000,0.688746171,0.128226567,-0.052519868,0.403659950,0.848664026,0.326053035,0.487111697
3239,323.900000,0.688789207,0.128258611,-0.052514356,0.403738183,0.848685661,0.326654415,0.487085630
3240,324.000000,0.688832243,0.128290656,-0.052508844,0.403816416,0.848707297,0.327255794,0.487059563
3241,324.100000,0.688875279,0.128322701,-0.052503332,0.403894649,0.848728932,0.327857173,0.487033496
3242,324.200000,0.688918315,0.128354746,-0.052497819,0.403972881,0.848750567,0.328458553,0.487007429
3243,324.300000,0.688961351,0.128386790,-0.052492307,0.404051114,0.848772202,0.329059932,0.486981362
3244,324.400000,0.689004387,0.128418835,-0.052486795,0.404129347,0.848793837,0.329661312,0.486955295
3245,324.500000,0.689047423,0.128450880,-0.052481283,0.404207580,0.848815472,0.330262691,0.486929228
3246,324.600000,0.689090458,0.128482924,-0.052475771,0.404285813,0.848837107,0.330864070,0.486903160
3247,324.700000,0.689133494,0.128514969,-0.052470259,0.404364045,0.848858742,0.331465450,0.486877093
3248,324.800000,0.689178063,0.128531560,-0.052444889,0.404554825,0.848883103,0.332125437,0.486841357
3249,324.900000,0.689222875,0.128545710,-0.052416381,0.404763387,0.848907894,0.332794685,0.486804092
3250,325.000000,0.689267686,0.128559860,-0.052387873,0.404971949,0.848932685,0.333463932,0.486766828
3251,325.100000,0.689312497,0.128574009,-0.052359365,0.405180510,0.848957476,0.334133180,0.486729563
3252,325.200000,0.689357308,0.128588159,-0.052330857,0.405389072,0.848982266,0.334802427,0.486692299
3253,325.300000,0.689402119,0.128602309,-0.052302349,0.405597633,0.849007057,0.335471674,0.486655034
3254,325.400000,0.689446931,0.128616458,-0.052273841,0.405806195,0.849031848,0.336140922,0.486617770
3255,325.500000,0.689491742,0.128630608,-0.052245333,0.406014757,0.849056639,0.336810169,0.486580505
3256,325.600000,0.689536553,0.128644758,-0.052216825,0.406223318,0.849081430,0.337479416,0.486543240
3257,325.700000,0.689581364,0.128658907,-0.052188317,0.406431880,0.849106221,0.338148664,0.486505976
3258,325.800000,0.689626176,0.128673057,-0.052159809,0.406640441,0.849131012,0.338817911,0.486468711
3259,325.900000,0.689670987,0.128687207,-0.052131301,0.406849003,0.849155803,0.339487159,0.486431447
3260,326.000000,0.689715798,0.128701356,-0.052102793,0.407057565,0.849180594,0.340156406,0.486394182
3261,326.100000,0.689760609,0.128715506,-0.052074285,0.407266126,0.849205385,0.340825653,0.486356918
3262,326.200000,0.689805420,0.128729656,-0.052045777,0.407474688,0.849230176,0.341494901,0.486319653
3263,326.300000,0.689850232,0.128743805,-0.052017269,0.407683250,0.849254967,0.342164148,0.486282389
3264,326.400000,0.689895043,0.128757955,-0.051988761,0.407891811,0.849279758,0.342833395,0.486245124
3265,326.500000,0.689939854,0.128772105,-0.051960253,0.408100373,0.849304549,0.343502643,0.486207860
3266,326.600000,0.689984665,0.128786254,-0.051931745,0.408308934,0.849329340,0.344171890,0.486170595
3267,326.700000,0.690029476,0.128800404,-0.051903237,0.408517496,0.849354131,0.344841137,0.486133331
3268,326.800000,0.690074288,0.128814554,-0.051874729,0.408726058,0.849378922,0.345510385,0.486096066
3269,326.900000,0.690119099,0.128828704,-0.051846221,0.408934619,0.849403713,0.346179632,0.486058802
3270,327.000000,0.690163910,0.128842853,-0.051817713,0.409143181,0.849428504,0.346848880,0.486021537
3271,327.100000,0.690208721,0.128857003,-0.051789205,0.409351742,0.849453295,0.347518127,0.485984273
3272,327.200000,0.690253532,0.128871153,-0.051760697,0.409560304,0.849478086,0.348187374,0.485947008
3273,327.300000,0.690298344,0.128885302,-0.051732189,0.409768866,0.849502877,0.348856622,0.485909744
3274,327.400000,0.690343155,0.128899452,-0.051703681,0.409977427,0.849527668,0.349525869,0.485872479
3275,327.500000,0.690387966,0.128913602,-0.051675173,0.410185989,0.849552459,0.350195116,0.485835214
3276,327.600000,0.690433144,0.128921934,-0.051650903,0.410351968,0.849584965,0.350589872,0.485794489
3277,327.700000,0.690478540,0.128926815,-0.051629147,0.410492679,0.849622051,0.350821749,0.485751709
3278,327.800000,0.690523936,0.128931695,-0.051607391,0.410633391,0.849659136,0.351053626,0.485708930
3279,327.900000,0.690569332,0.128936576,-0.051585635,0.410774102,0.849696221,0.351285503,0.485666151
3280,328.000000,0.690614728,0.128941456,-0.051563879,0.410914814,0.849733306,0.351517380,0.485623371
3281,328.100000,0.690660124,0.128946337,-0.051542123,0.411055526,0.849770391,0.351749257,0.485580592
3282,328.200000,0.690705520,0.128951217,-0.051520366,0.411196237,0.849807476,0.351981134,0.485537812
3283,328.300000,0.690750916,0.128956098,-0.051498610,0.411336949,0.849844561,0.352213011,0.485495033
3284,328.400000,0.690796311,0.128960978,-0.051476854,0.411477660,0.849881647,0.352444888,0.485452254
3285,328.500000,0.690841707,0.128965859,-0.051455098,0.411618372,0.849918732,0.352676765,0.485409474
3286,328.600000,0.690887103,0.128970739,-0.051433342,0.411759083,0.849955817,0.352908642,0.485366695
3287,328.700000,0.690932499,0.128975620,-0.051411586,0.411899795,0.849992902,0.353140519,0.485323915
3288,328.800000,0.690977895,0.128980500,-0.051389830,0.412040506,0.850029987,0.353372396,0.485281136
3289,328.900000,0.691023291,0.128985381,-0.051368074,0.412181218,0.850067072,0.353604273,0.485238357
3290,329.000000,0.691068687,0.128990261,-0.051346318,0.412321929,0.850104158,0.353836150,0.485195577
3291,329.100000,0.691114083,0.128995142,-0.051324562,0.412462641,0.850141243,0.354068027,0.485152798
3292,329.200000,0.691159479,0.129000022,-0.051302806,0.412603352,0.850178328,0.354299904,0.485110018
3293,329.300000,0.691204874,0.129004903,-0.051281050,0.412744064,0.850215413,0.354531781,0.485067239
3294,329.400000,0.691250270,0.129009783,-0.051259294,0.412884775,0.850252498,0.354763658,0.485024460
3295,329.500000,0.691295666,0.129014664,-0.051237537,0.413025487,0.850289583,0.354995535,0.484981680
3296,329.600000,0.691341062,0.129019544,-0.051215781,0.413166198,0.850326668,0.355227412,0.484938901
3297,329.700000,0.691386458,0.129024425,-0.051194025,0.413306910,0.850363754,0.355459289,0.484896121
3298,329.800000,0.691431854,0.129029305,-0.051172269,0.413447621,0.850400839,0.355691166,0.484853342
3299,329.900000,0.691477250,0.129034186,-0.051150513,0.413588333,0.850437924,0.355923043,0.484810562
3300,330.000000,0.691522646,0.129039066,-0.051128757,0.413729044,0.850475009,0.356154920,0.484767783
3301,330.100000,0.691568042,0.129043947,-0.051107001,0.413869756,0.850512094,0.356386797,0.484725004
3302,330.200000,0.691613437,0.129048827,-0.051085245,0.414010467,0.850549179,0.356618674,0.484682224
3303,330.300000,0.691658833,0.129053708,-0.051063489,0.414151179,0.850586264,0.356850551,0.484639445
3304,330.400000,0.691696281,0.129054950,-0.051028907,0.414269002,0.850632060,0.357027229,0.484604013
3305,330.500000,0.691721383,0.129050540,-0.050974400,0.414351270,0.850691386,0.357118157,0.484579996
3306,330.600000,0.691746484,0.129046130,-0.050919893,0.414433538,0.850750712,0.357209085,0.484555979
3307,330.700000,0.691771585,0.129041721,-0.050865387,0.414515806,0.850810038,0.357300013,0.484531961
3308,330.800000,0.691796686,0.129037311,-0.050810880,0.414598074,0.850869364,0.357390941,0.484507944
3309,330.900000,0.691821788,0.129032901,-0.050756374,0.414680341,0.850928690,0.357481869,0.484483927
3310,331.000000,0.691846889,0.129028491,-0.050701867,0.414762609,0.850988016,0.357572797,0.484459909
3311,331.100000,0.691871990,0.129024082,-0.050647360,0.414844877,0.851047342,0.357663725,0.484435892
3312,331.200000,0.691897092,0.129019672,-0.050592854,0.414927145,0.851106668,0.357754653,0.484411875
3313,331.300000,0.691922193,0.129015262,-0.050538347,0.415009413,0.851165994,0.357845581,0.484387857
3314,331.400000,0.691947294,0.129010852,-0.050483840,0.415091681,0.851225320,0.357936509,0.484363840
3315,331.500000,0.691972395,0.129006443,-0.050429334,0.415173948,0.851284646,0.358027437,0.484339823
3316,331.600000,0.691997497,0.129002033,-0.050374827,0.415256216,0.851343972,0.358118365,0.484315805
3317,331.700000,0.692022598,0.128997623,-0.050320320,0.415338484,0.851403299,0.358209293,0.484291788
3318,331.800000,0.692047699,0.128993213,-0.050265814,0.415420752,0.851462625,0.358300221,0.484267771
3319,331.900000,0.692072801,0.128988804,-0.050211307,0.415503020,0.851521951,0.358391149,0.484243754
3320,332.000000,0.692097902,0.128984394,-0.050156800,0.415585288,0.851581277,0.358482077,0.484219736
3321,332.100000,0.692123003,0.128979984,-0.050102294,0.415667555,0.851640603,0.358573005,0.484195719
3322,332.200000,0.692148104,0.128975574,-0.050047787,0.415749823,0.851699929,0.358663933,0.484171702
3323,332.300000,0.692173206,0.128971164,-0.049993280,0.415832091,0.851759255,0.358754861,0.484147684
3324,332.400000,0.692198307,0.128966755,-0.049938774,0.415914359,0.851818581,0.358845789,0.484123667
3325,332.500000,0.692223408,0.128962345,-0.049884267,0.415996627,0.851877907,0.358936717,0.484099650
3326,332.600000,0.692248510,0.128957935,-0.049829761,0.416078895,0.851937233,0.359027645,0.484075632
3327,332.700000,0.692273611,0.128953525,-0.049775254,0.416161162,0.851996559,0.359118573,0.484051615
3328,332.800000,0.692298712,0.128949116,-0.049720747,0.416243430,0.852055885,0.359209501,0.484027598
3329,332.900000,0.692323813,0.128944706,-0.049666241,0.416325698,0.852115211,0.359300429,0.484003580
3330,333.000000,0.692348915,0.128940296,-0.049611734,0.416407966,0.852174537,0.359391357,0.483979563
3331,333.100000,0.692374016,0.128935886,-0.049557227,0.416490234,0.852233863,0.359482285,0.483955546
3332,333.200000,0.692407148,0.128929481,-0.049494187,0.416586932,0.852293774,0.359549054,0.483930290
3333,333.300000,0.692483841,0.128912249,-0.049384855,0.416761908,0.852356858,0.359484781,0.483898314
3334,333.400000,0.692560534,0.128895017,-0.049275523,0.416936883,0.852419942,0.359420508,0.483866339
3335,333.500000,0.692637226,0.128877786,-0.049166191,0.417111858,0.852483025,0.359356235,0.483834363
3336,333.600000,0.692713919,0.128860554,-0.049056859,0.417286834,0.852546109,0.359291962,0.483802387
3337,333.700000,0.692790612,0.128843322,-0.048947527,0.417461809,0.852609192,0.359227689,0.483770412
3338,333.800000,0.692867305,0.128826091,-0.048838195,0.417636784,0.852672276,0.359163416,0.483738436
3339,333.900000,0.692943998,0.128808859,-0.048728863,0.417811760,0.852735359,0.359099143,0.483706461
3340,334.000000,0.693020691,0.128791627,-0.048619531,0.417986735,0.852798443,0.359034870,0.483674485
3341,334.100000,0.693097384,0.128774396,-0.048510200,0.418161711,0.852861526,0.358970597,0.483642509
3342,334.200000,0.693174076,0.128757164,-0.048400868,0.418336686,0.852924610,0.358906324,0.483610534
3343,334.300000,0.693250769,0.128739932,-0.048291536,0.418511661,0.852987693,0.358842051,0.483578558
3344,334.400000,0.693327462,0.128722701,-0.048182204,0.418686637,0.853050777,0.358777778,0.483546583
3345,334.500000,0.693404155,0.128705469,-0.048072872,0.418861612,0.853113861,0.358713505,0.483514607
3346,334.600000,0.693480848,0.128688237,-0.047963540,0.419036587,0.853176944,0.358649232,0.483482631
3347,334.700000,0.693557541,0.128671006,-0.047854208,0.419211563,0.853240028,0.358584959,0.483450656
3348,334.800000,0.693634233,0.128653774,-0.047744876,0.419386538,0.853303111,0.358520686,0.483418680
3349,334.900000,0.693710926,0.128636542,-0.047635544,0.419561513,0.853366195,0.358456412,0.483386705
3350,335.000000,0.693787619,0.128619311,-0.047526213,0.419736489,0.853429278,0.358392139,0.483354729
3351,335.100000,0.693864312,0.128602079,-0.047416881,0.419911464,0.853492362,0.358327866,0.483322753
3352,335.200000,0.693941005,0.128584847,-0.047307549,0.420086440,0.853555445,0.358263593,0.483290778
3353,335.300000,0.694017698,0.128567616,-0.047198217,0.420261415,0.853618529,0.358199320,0.483258802
3354,335.400000,0.694094391,0.128550384,-0.047088885,0.420436390,0.853681612,0.358135047,0.483226827
3355,335.500000,0.694171083,0.128533152,-0.046979553,0.420611366,0.853744696,0.358070774,0.483194851
3356,335.600000,0.694247776,0.128515921,-0.046870221,0.420786341,0.853807780,0.358006501,0.483162875
3357,335.700000,0.694324469,0.128498689,-0.046760889,0.420961316,0.853870863,0.357942228,0.483130900
3358,335.800000,0.694401162,0.128481457,-0.046651557,0.421136292,0.853933947,0.357877955,0.483098924
3359,335.900000,0.694477855,0.128464226,-0.046542225,0.421311267,0.853997030,0.357813682,0.483066949
3360,336.000000,0.694554548,0.128446994,-0.046432894,0.421486243,0.854060114,0.357749409,0.483034973
3361,336.100000,0.694595678,0.128449925,-0.046346275,0.421795712,0.854175701,0.357711709,0.483007129
3362,336.200000,0.694633702,0.128454617,-0.046261639,0.422116927,0.854295873,0.357676329,0.482979645
3363,336.300000,0.694671727,0.128459310,-0.046177004,0.422438141,0.854416045,0.357640950,0.482952162
3364,336.400000,0.694709751,0.128464002,-0.046092368,0.422759356,0.854536217,0.357605570,0.482924678
3365,336.500000,0.694747776,0.128468694,-0.046007733,0.423080570,0.854656389,0.357570191,0.482897195
3366,336.600000,0.694785800,0.128473386,-0.045923097,0.423401785,0.854776561,0.357534811,0.482869711
3367,336.700000,0.694823825,0.128478078,-0.045838462,0.423722999,0.854896733,0.357499432,0.482842228
3368,336.800000,0.694861849,0.128482770,-0.045753826,0.424044213,0.855016905,0.357464053,0.482814745
3369,336.900000,0.694899874,0.128487462,-0.045669190,0.424365428,0.855137077,0.357428673,0.482787261
3370,337.000000,0.694937898,0.128492155,-0.045584555,0.424686642,0.855257249,0.357393294,0.482759778
3371,337.100000,0.694975922,0.128496847,-0.045499919,0.425007857,0.855377421,0.357357914,0.482732294
3372,337.200000,0.695013947,0.128501539,-0.045415284,0.425329071,0.855497593,0.357322535,0.482704811
3373,337.300000,0.695051971,0.128506231,-0.045330648,0.425650286,0.855617765,0.357287155,0.482677327
3374,337.400000,0.695089996,0.128510923,-0.045246013,0.425971500,0.855737937,0.357251776,0.482649844
3375,337.500000,0.695128020,0.128515615,-0.045161377,0.426292714,0.855858109,0.357216396,0.482622360
3376,337.600000,0.695166045,0.128520307,-0.045076742,0.426613929,0.855978281,0.357181017,0.482594877
3377,337.700000,0.695204069,0.128524999,-0.044992106,0.426935143,0.856098453,0.357145637,0.482567393
3378,337.800000,0.695242094,0.128529692,-0.044907471,0.427256358,0.856218625,0.357110258,0.482539910
3379,337.900000,0.695280118,0.128534384,-0.044822835,0.427577572,0.856338797,0.357074878,0.482512427
3380,338.000000,0.695318143,0.128539076,-0.044738200,0.427898787,0.856458969,0.357039499,0.482484943
3381,338.100000,0.695356167,0.128543768,-0.044653564,0.428220001,0.856579141,0.357004119,0.482457460
3382,338.200000,0.695394192,0.128548460,-0.044568929,0.428541216,0.856699313,0.356968740,0.482429976
3383,338.300000,0.695432216,0.128553152,-0.044484293,0.428862430,0.856819485,0.356933360,0.482402493
3384,338.400000,0.695470241,0.128557844,-0.044399658,0.429183644,0.856939657,0.356897981,0.482375009
3385,338.500000,0.695508265,0.128562537,-0.044315022,0.429504859,0.857059829,0.356862601,0.482347526
3386,338.600000,0.695546290,0.128567229,-0.044230387,0.429826073,0.857180001,0.356827222,0.482320042
3387,338.700000,0.695584314,0.128571921,-0.044145751,0.430147288,0.857300173,0.356791842,0.482292559
3388,338.800000,0.695622339,0.128576613,-0.044061116,0.430468502,0.857420345,0.356756463,0.482265075
3389,338.900000,0.695645057,0.128565840,-0.043977274,0.430710152,0.857516193,0.356735359,0.482248635
3390,339.000000,0.695660695,0.128547913,-0.043893800,0.430914996,0.857600789,0.356720859,0.482237304
3391,339.100000,0.695676333,0.128529985,-0.043810326,0.431119840,0.857685386,0.356706359,0.482225972
3392,339.200000,0.695691971,0.128512058,-0.043726852,0.431324685,0.857769982,0.356691859,0.482214641
3393,339.300000,0.695707608,0.128494131,-0.043643378,0.431529529,0.857854578,0.356677359,0.482203309
3394,339.400000,0.695723246,0.128476204,-0.043559903,0.431734373,0.857939174,0.356662859,0.482191978
3395,339.500000,0.695738884,0.128458276,-0.043476429,0.431939217,0.858023770,0.356648358,0.482180646
3396,339.600000,0.695754522,0.128440349,-0.043392955,0.432144062,0.858108367,0.356633858,0.482169314
3397,339.700000,0.695770160,0.128422422,-0.043309481,0.432348906,0.858192963,0.356619358,0.482157983
3398,339.800000,0.695785798,0.128404495,-0.043226007,0.432553750,0.858277559,0.356604858,0.482146651
3399,339.900000,0.695801436,0.128386567,-0.043142533,0.432758594,0.858362155,0.356590358,0.482135320
3400,340.000000,0.695817074,0.128368640,-0.043059059,0.432963438,0.858446751,0.356575858,0.482123988
3401,340.100000,0.695832712,0.128350713,-0.042975585,0.433168283,0.858531348,0.356561358,0.482112656
3402,340.200000,0.695848350,0.128332786,-0.042892110,0.433373127,0.858615944,0.356546858,0.482101325
3403,340.300000,0.695863987,0.128314858,-0.042808636,0.433577971,0.858700540,0.356532358,0.482089993
3404,340.400000,0.695879625,0.128296931,-0.042725162,0.433782815,0.858785136,0.356517858,0.482078662
3405,340.500000,0.695895263,0.128279004,-0.042641688,0.433987660,0.858869732,0.356503358,0.482067330
3406,340.600000,0.695910901,0.128261077,-0.042558214,0.434192504,0.858954329,0.356488858,0.482055999
3407,340.700000,0.695926539,0.128243149,-0.042474740,0.434397348,0.859038925,0.356474357,0.482044667
3408,340.800000,0.695942177,0.128225222,-0.042391266,0.434602192,0.859123521,0.356459857,0.482033335
3409,340.900000,0.695957815,0.128207295,-0.042307791,0.434807036,0.859208117,0.356445357,0.482022004
3410,341.000000,0.695973453,0.128189368,-0.042224317,0.435011881,0.859292714,0.356430857,0.482010672
3411,341.100000,0.695989091,0.128171441,-0.042140843,0.435216725,0.859377310,0.356416357,0.481999341
3412,341.200000,0.696004728,0.128153513,-0.042057369,0.435421569,0.859461906,0.356401857,0.481988009
3413,341.300000,0.696020366,0.128135586,-0.041973895,0.435626413,0.859546502,0.356387357,0.481976678
3414,341.400000,0.696036004,0.128117659,-0.041890421,0.435831257,0.859631098,0.356372857,0.481965346
3415,341.500000,0.696051642,0.128099732,-0.041806947,0.436036102,0.859715695,0.356358357,0.481954014
3416,341.600000,0.696067280,0.128081804,-0.041723473,0.436240946,0.859800291,0.356343857,0.481942683
3417,341.700000,0.696087650,0.128065755,-0.041637034,0.436442577,0.859868891,0.356333171,0.481934331
3418,341.800000,0.696113858,0.128052021,-0.041546938,0.436640244,0.859917761,0.356327191,0.481929656
3419,341.900000,0.696140065,0.128038287,-0.041456842,0.436837911,0.859966632,0.356321211,0.481924980
3420,342.000000,0.696166273,0.128024553,-0.041366747,0.437035578,0.860015502,0.356315230,0.481920304
3421,342.100000,0.696192480,0.128010819,-0.041276651,0.437233244,0.860064373,0.356309250,0.481915628
3422,342.200000,0.696218688,0.127997086,-0.041186556,0.437430911,0.860113244,0.356303270,0.481910953
3423,342.300000,0.696244895,0.127983352,-0.041096460,0.437628578,0.860162114,0.356297289,0.481906277
3424,342.400000,0.696271102,0.127969618,-0.041006364,0.437826245,0.860210985,0.356291309,0.481901601
3425,342.500000,0.696297310,0.127955884,-0.040916269,0.438023912,0.860259855,0.356285329,0.481896926
3426,342.600000,0.696323517,0.127942150,-0.040826173,0.438221579,0.860308726,0.356279348,0.481892250
3427,342.700000,0.696349725,0.127928416,-0.040736077,0.438419246,0.860357596,0.356273368,0.481887574
3428,342.800000,0.696375932,0.127914683,-0.040645982,0.438616913,0.860406467,0.356267388,0.481882898
3429,342.900000,0.696402139,0.127900949,-0.040555886,0.438814580,0.860455337,0.356261408,0.481878223
3430,343.000000,0.696428347,0.127887215,-0.040465791,0.439012247,0.860504208,0.356255427,0.481873547
3431,343.100000,0.696454554,0.127873481,-0.040375695,0.439209914,0.860553078,0.356249447,0.481868871
3432,343.200000,0.696480762,0.127859747,-0.040285599,0.439407581,0.860601949,0.356243467,0.481864195
3433,343.300000,0.696506969,0.127846013,-0.040195504,0.439605248,0.860650819,0.356237486,0.481859520
3434,343.400000,0.696533177,0.127832280,-0.040105408,0.439802915,0.860699690,0.356231506,0.481854844
3435,343.500000,0.696559384,0.127818546,-0.040015313,0.440000582,0.860748561,0.356225526,0.481850168
3436,343.600000,0.696585591,0.127804812,-0.039925217,0.440198249,0.860797431,0.356219545,0.481845492
3437,343.700000,0.696611799,0.127791078,-0.039835121,0.440395916,0.860846302,0.356213565,0.481840817
3438,343.800000,0.696638006,0.127777344,-0.039745026,0.440593583,0.860895172,0.356207585,0.481836141
3439,343.900000,0.696664214,0.127763610,-0.039654930,0.440791250,0.860944043,0.356201604,0.481831465
3440,344.000000,0.696690421,0.127749877,-0.039564834,0.440988917,0.860992913,0.356195624,0.481826789
3441,344.100000,0.696716629,0.127736143,-0.039474739,0.441186584,0.861041784,0.356189644,0.481822114
3442,344.200000,0.696742836,0.127722409,-0.039384643,0.441384251,0.861090654,0.356183663,0.481817438
3443,344.300000,0.696769043,0.127708675,-0.039294548,0.441581918,0.861139525,0.356177683,0.481812762
3444,344.400000,0.696795251,0.127694941,-0.039204452,0.441779585,0.861188395,0.356171703,0.481808087
3445,344.500000,0.696818715,0.127689167,-0.039122455,0.441995712,0.861231182,0.356166462,0.481803989
3446,344.600000,0.696831970,0.127713016,-0.039070600,0.442280546,0.861251325,0.356163973,0.481802046
3447,344.700000,0.696845224,0.127736865,-0.039018745,0.442565379,0.861271467,0.356161484,0.481800103
3448,344.800000,0.696858479,0.127760714,-0.038966890,0.442850212,0.861291610,0.356158995,0.481798160
3449,344.900000,0.696871734,0.127784563,-0.038915034,0.443135046,0.861311753,0.356156507,0.481796217
3450,345.000000,0.696884988,0.127808412,-0.038863179,0.443419879,0.861331895,0.356154018,0.481794274
3451,345.100000,0.696898243,0.127832261,-0.038811324,0.443704712,0.861352038,0.356151529,0.481792331
3452,345.200000,0.696911498,0.127856110,-0.038759469,0.443989546,0.861372181,0.356149040,0.481790388
3453,345.300000,0.696924752,0.127879959,-0.038707614,0.444274379,0.861392323,0.356146551,0.481788444
3454,345.400000,0.696938007,0.127903808,-0.038655758,0.444559212,0.861412466,0.356144063,0.481786501
3455,345.500000,0.696951262,0.127927657,-0.038603903,0.444844045,0.861432609,0.356141574,0.481784558
3456,345.600000,0.696964516,0.127951506,-0.038552048,0.445128879,0.861452751,0.356139085,0.481782615
3457,345.700000,0.696977771,0.127975355,-0.038500193,0.445413712,0.861472894,0.356136596,0.481780672
3458,345.800000,0.696991026,0.127999203,-0.038448338,0.445698545,0.861493037,0.356134107,0.481778729
3459,345.900000,0.697004280,0.128023052,-0.038396483,0.445983379,0.861513179,0.356131619,0.481776786
3460,346.000000,0.697017535,0.128046901,-0.038344627,0.446268212,0.861533322,0.356129130,0.481774843
3461,346.100000,0.697030790,0.128070750,-0.038292772,0.446553045,0.861553465,0.356126641,0.481772899
3462,346.200000,0.697044044,0.128094599,-0.038240917,0.446837878,0.861573607,0.356124152,0.481770956
3463,346.300000,0.697057299,0.128118448,-0.038189062,0.447122712,0.861593750,0.356121663,0.481769013
3464,346.400000,0.697070554,0.128142297,-0.038137207,0.447407545,0.861613893,0.356119174,0.481767070
3465,346.500000,0.697083808,0.128166146,-0.038085352,0.447692378,0.861634035,0.356116686,0.481765127
3466,346.600000,0.697097063,0.128189995,-0.038033496,0.447977212,0.861654178,0.356114197,0.481763184
3467,346.700000,0.697110317,0.128213844,-0.037981641,0.448262045,0.861674321,0.356111708,0.481761241
3468,346.800000,0.697123572,0.128237693,-0.037929786,0.448546878,0.861694463,0.356109219,0.481759298
3469,346.900000,0.697136827,0.128261542,-0.037877931,0.448831711,0.861714606,0.356106730,0.481757354
3470,347.000000,0.697150081,0.128285391,-0.037826076,0.449116545,0.861734749,0.356104242,0.481755411
3471,347.100000,0.697163336,0.128309240,-0.037774221,0.449401378,0.861754891,0.356101753,0.481753468
3472,347.200000,0.697176591,0.128333089,-0.037722365,0.449686211,0.861775034,0.356099264,0.481751525
3473,347.300000,0.697189845,0.128356938,-0.037670510,0.449971045,0.861795177,0.356096775,0.481749582
3474,347.400000,0.697196856,0.128373736,-0.037648464,0.450092827,0.861782065,0.356095707,0.481736736
3475,347.500000,0.697203713,0.128390359,-0.037627156,0.450210569,0.861768128,0.356094673,0.481723619
3476,347.600000,0.697210569,0.128406982,-0.037605848,0.450328310,0.861754192,0.356093640,0.481710503
3477,347.700000,0.697217425,0.128423606,-0.037584541,0.450446051,0.861740255,0.356092607,0.481697387
3478,347.800000,0.697224282,0.128440229,-0.037563233,0.450563793,0.861726319,0.356091573,0.481684270
3479,347.900000,0.697231138,0.128456852,-0.037541926,0.450681534,0.861712382,0.356090540,0.481671154
3480,348.000000,0.697237994,0.128473475,-0.037520618,0.450799275,0.861698446,0.356089507,0.481658038
3481,348.100000,0.697244851,0.128490098,-0.037499310,0.450917016,0.861684509,0.356088473,0.481644921
3482,348.200000,0.697251707,0.128506721,-0.037478003,0.451034758,0.861670573,0.356087440,0.481631805
3483,348.300000,0.697258563,0.128523345,-0.037456695,0.451152499,0.861656636,0.356086407,0.481618688
3484,348.400000,0.697265420,0.128539968,-0.037435387,0.451270240,0.861642700,0.356085373,0.481605572
3485,348.500000,0.697272276,0.128556591,-0.037414080,0.451387981,0.861628763,0.356084340,0.481592456
3486,348.600000,0.697279132,0.128573214,-0.037392772,0.451505723,0.861614827,0.356083307,0.481579339
3487,348.700000,0.697285989,0.128589837,-0.037371464,0.451623464,0.861600890,0.356082273,0.481566223
3488,348.800000,0.697292845,0.128606460,-0.037350157,0.451741205,0.861586954,0.356081240,0.481553106
3489,348.900000,0.697299701,0.128623083,-0.037328849,0.451858947,0.861573017,0.356080207,0.481539990
3490,349.000000,0.697306558,0.128639707,-0.037307541,0.451976688,0.861559081,0.356079173,0.481526874
3491,349.100000,0.697313414,0.128656330,-0.037286234,0.452094429,0.861545144,0.356078140,0.481513757
3492,349.200000,0.697320270,0.128672953,-0.037264926,0.452212170,0.861531208,0.356077107,0.481500641
3493,349.300000,0.697327127,0.128689576,-0.037243618,0.452329912,0.861517271,0.356076073,0.481487524
3494,349.400000,0.697333983,0.128706199,-0.037222311,0.452447653,0.861503335,0.356075040,0.481474408
3495,349.500000,0.697340839,0.128722822,-0.037201003,0.452565394,0.861489399,0.356074007,0.481461292
3496,349.600000,0.697347696,0.128739446,-0.037179696,0.452683135,0.861475462,0.356072973,0.481448175
3497,349.700000,0.697354552,0.128756069,-0.037158388,0.452800877,0.861461526,0.356071940,0.481435059
3498,349.800000,0.697361408,0.128772692,-0.037137080,0.452918618,0.861447589,0.356070907,0.481421942
3499,349.900000,0.697368265,0.128789315,-0.037115773,0.453036359,0.861433653,0.356069873,0.481408826
3500,350.000000,0.697375121,0.128805938,-0.037094465,0.453154101,0.861419716,0.356068840,0.481395710
3501,350.100000,0.697381977,0.128822561,-0.037073157,0.453271842,0.861405780,0.356067807,0.481382593
3502,350.200000,0.697384586,0.128831945,-0.037061177,0.453337288,0.861387406,0.356062917,0.481357326
3503,350.300000,0.697385700,0.128838784,-0.037052476,0.453384345,0.861367472,0.356056670,0.481327785
3504,350.400000,0.697386815,0.128845622,-0.037043775,0.453431403,0.861347539,0.356050424,0.481298244
3505,350.500000,0.697387929,0.128852461,-0.037035074,0.453478460,0.861327605,0.356044178,0.481268704
3506,350.600000,0.697389044,0.128859299,-0.037026374,0.453525517,0.861307671,0.356037932,0.481239163
3507,350.700000,0.697390159,0.128866138,-0.037017673,0.453572574,0.861287738,0.356031685,0.481209623
3508,350.800000,0.697391273,0.128872976,-0.037008972,0.453619631,0.861267804,0.356025439,0.481180082
3509,350.900000,0.697392388,0.128879814,-0.037000271,0.453666689,0.861247870,0.356019193,0.481150542
3510,351.000000,0.697393502,0.128886653,-0.036991571,0.453713746,0.861227937,0.356012946,0.481121001
3511,351.100000,0.697394617,0.128893491,-0.036982870,0.453760803,0.861208003,0.356006700,0.481091460
3512,351.200000,0.697395732,0.128900330,-0.036974169,0.453807860,0.861188069,0.356000454,0.481061920
3513,351.300000,0.697396846,0.128907168,-0.036965468,0.453854918,0.861168136,0.355994208,0.481032379
3514,351.400000,0.697397961,0.128914007,-0.036956767,0.453901975,0.861148202,0.355987961,0.481002839
3515,351.500000,0.697399076,0.128920845,-0.036948067,0.453949032,0.861128268,0.355981715,0.480973298
3516,351.600000,0.697400190,0.128927684,-0.036939366,0.453996089,0.861108335,0.355975469,0.480943757
3517,351.700000,0.697401305,0.128934522,-0.036930665,0.454043147,0.861088401,0.355969222,0.480914217
3518,351.800000,0.697402419,0.128941360,-0.036921964,0.454090204,0.861068467,0.355962976,0.480884676
3519,351.900000,0.697403534,0.128948199,-0.036913263,0.454137261,0.861048533,0.355956730,0.480855136
3520,352.000000,0.697404649,0.128955037,-0.036904563,0.454184318,0.861028600,0.355950484,0.480825595
3521,352.100000,0.697405763,0.128961876,-0.036895862,0.454231376,0.861008666,0.355944237,0.480796054
3522,352.200000,0.697406878,0.128968714,-0.036887161,0.454278433,0.860988732,0.355937991,0.480766514
3523,352.300000,0.697407992,0.128975553,-0.036878460,0.454325490,0.860968799,0.355931745,0.480736973
3524,352.400000,0.697409107,0.128982391,-0.036869760,0.454372547,0.860948865,0.355925498,0.480707433
3525,352.500000,0.697410222,0.128989230,-0.036861059,0.454419605,0.860928931,0.355919252,0.480677892
3526,352.600000,0.697411336,0.128996068,-0.036852358,0.454466662,0.860908998,0.355913006,0.480648352
3527,352.700000,0.697412451,0.129002906,-0.036843657,0.454513719,0.860889064,0.355906760,0.480618811
3528,352.800000,0.697413565,0.129009745,-0.036834956,0.454560776,0.860869130,0.355900513,0.480589270
3529,352.900000,0.697414680,0.129016583,-0.036826256,0.454607834,0.860849197,0.355894267,0.480559730
3530,353.000000,0.697415298,0.129021389,-0.036820149,0.454640704,0.860835189,0.355887084,0.480538977
3531,353.100000,0.697415427,0.129024193,-0.036816598,0.454659607,0.860827015,0.355878979,0.480526877
3532,353.200000,0.697415555,0.129026997,-0.036813046,0.454678509,0.860818841,0.355870874,0.480514777
3533,353.300000,0.697415684,0.129029800,-0.036809495,0.454697412,0.860810668,0.355862769,0.480502677
3534,353.400000,0.697415813,0.129032604,-0.036805943,0.454716314,0.860802494,0.355854664,0.480490577
3535,353.500000,0.697415942,0.129035408,-0.036802392,0.454735217,0.860794321,0.355846559,0.480478477
3536,353.600000,0.697416071,0.129038212,-0.036798840,0.454754119,0.860786147,0.355838454,0.480466377
3537,353.700000,0.697416199,0.129041016,-0.036795289,0.454773022,0.860777973,0.355830349,0.480454277
3538,353.800000,0.697416328,0.129043820,-0.036791737,0.454791924,0.860769800,0.355822244,0.480442177
3539,353.900000,0.697416457,0.129046624,-0.036788186,0.454810827,0.860761626,0.355814139,0.480430078
3540,354.000000,0.697416586,0.129049428,-0.036784634,0.454829729,0.860753453,0.355806034,0.480417978
3541,354.100000,0.697416714,0.129052231,-0.036781083,0.454848631,0.860745279,0.355797929,0.480405878
3542,354.200000,0.697416843,0.129055035,-0.036777531,0.454867534,0.860737106,0.355789824,0.480393778
3543,354.300000,0.697416972,0.129057839,-0.036773980,0.454886436,0.860728932,0.355781719,0.480381678
3544,354.400000,0.697417101,0.129060643,-0.036770428,0.454905339,0.860720758,0.355773614,0.480369578
3545,354.500000,0.697417229,0.129063447,-0.036766876,0.454924241,0.860712585,0.355765509,0.480357478
3546,354.600000,0.697417358,0.129066251,-0.036763325,0.454943144,0.860704411,0.355757404,0.480345378
3547,354.700000,0.697417487,0.129069055,-0.036759773,0.454962046,0.860696238,0.355749299,0.480333278
3548,354.800000,0.697417616,0.129071858,-0.036756222,0.454980949,0.860688064,0.355741194,0.480321178
3549,354.900000,0.697417745,0.129074662,-0.036752670,0.454999851,0.860679890,0.355733089,0.480309078
3550,355.000000,0.697417873,0.129077466,-0.036749119,0.455018753,0.860671717,0.355724984,0.480296978
3551,355.100000,0.697418002,0.129080270,-0.036745567,0.455037656,0.860663543,0.355716879,0.480284878
3552,355.200000,0.697418131,0.129083074,-0.036742016,0.455056558,0.860655370,0.355708775,0.480272778
3553,355.300000,0.697418260,0.129085878,-0.036738464,0.455075461,0.860647196,0.355700670,0.480260678
3554,355.400000,0.697418388,0.129088682,-0.036734913,0.455094363,0.860639023,0.355692565,0.480248578
3555,355.500000,0.697418517,0.129091486,-0.036731361,0.455113266,0.860630849,0.355684460,0.480236478
3556,355.600000,0.697418646,0.129094289,-0.036727810,0.455132168,0.860622675,0.355676355,0.480224378
3557,355.700000,0.697418775,0.129097093,-0.036724258,0.455151071,0.860614502,0.355668250,0.480212278
3558,355.800000,0.697413125,0.129099453,-0.036721270,0.455166954,0.860607621,0.355688980,0.480195036
3559,355.900000,0.697391684,0.129100600,-0.036719820,0.455174589,0.860604273,0.355788508,0.480163742
3560,356.000000,0.697370243,0.129101747,-0.036718371,0.455182223,0.860600925,0.355888036,0.480132449
3561,356.100000,0.697348802,0.129102894,-0.036716921,0.455189857,0.860597577,0.355987564,0.480101155
3562,356.200000,0.697327361,0.129104040,-0.036715471,0.455197491,0.860594229,0.356087092,0.480069861
3563,356.300000,0.697305920,0.129105187,-0.036714022,0.455205126,0.860590881,0.356186620,0.480038568
3564,356.400000,0.697284479,0.129106334,-0.036712572,0.455212760,0.860587533,0.356286148,0.480007274
3565,356.500000,0.697263038,0.129107481,-0.036711123,0.455220394,0.860584185,0.356385676,0.479975980
3566,356.600000,0.697241598,0.129108627,-0.036709673,0.455228028,0.860580837,0.356485204,0.479944686
3567,356.700000,0.697220157,0.129109774,-0.036708224,0.455235663,0.860577489,0.356584732,0.479913393
3568,356.800000,0.697198716,0.129110921,-0.036706774,0.455243297,0.860574141,0.356684260,0.479882099
3569,356.900000,0.697177275,0.129112068,-0.036705324,0.455250931,0.860570793,0.356783788,0.479850805
3570,357.000000,0.697155834,0.129113214,-0.036703875,0.455258565,0.860567445,0.356883316,0.479819511
3571,357.100000,0.697134393,0.129114361,-0.036702425,0.455266200,0.860564098,0.356982844,0.479788218
3572,357.200000,0.697112952,0.129115508,-0.036700976,0.455273834,0.860560750,0.357082372,0.479756924
3573,357.300000,0.697091511,0.129116655,-0.036699526,0.455281468,0.860557402,0.357181900,0.479725630
3574,357.400000,0.697070070,0.129117801,-0.036698077,0.455289103,0.860554054,0.357281428,0.479694336
3575,357.500000,0.697048629,0.129118948,-0.036696627,0.455296737,0.860550706,0.357380956,0.479663043
3576,357.600000,0.697027188,0.129120095,-0.036695177,0.455304371,0.860547358,0.357480484,0.479631749
3577,357.700000,0.697005747,0.129121242,-0.036693728,0.455312005,0.860544010,0.357580012,0.479600455
3578,357.800000,0.696984307,0.129122389,-0.036692278,0.455319640,0.860540662,0.357679540,0.479569161
3579,357.900000,0.696962866,0.129123535,-0.036690829,0.455327274,0.860537314,0.357779068,0.479537868
3580,358.000000,0.696941425,0.129124682,-0.036689379,0.455334908,0.860533966,0.357878596,0.479506574
3581,358.100000,0.696919984,0.129125829,-0.036687930,0.455342542,0.860530618,0.357978125,0.479475280
3582,358.200000,0.696898543,0.129126976,-0.036686480,0.455350177,0.860527270,0.358077653,0.479443987
3583,358.300000,0.696877102,0.129128122,-0.036685030,0.455357811,0.860523922,0.358177181,0.479412693
3584,358.400000,0.696855661,0.129129269,-0.036683581,0.455365445,0.860520574,0.358276709,0.479381399
3585,358.500000,0.696834220,0.129130416,-0.036682131,0.455373080,0.860517226,0.358376237,0.479350105
3586,358.600000,0.696813346,0.129131541,-0.036680709,0.455380570,0.860513941,0.358482994,0.479318011
3587,358.700000,0.696809667,0.129132016,-0.036680109,0.455383708,0.860512554,0.358808874,0.479261656
3588,358.800000,0.696805988,0.129132491,-0.036679510,0.455386846,0.860511167,0.359134755,0.479205301
3589,358.900000,0.696802308,0.129132966,-0.036678910,0.455389984,0.860509780,0.359460636,0.479148946
3590,359.000000,0.696798629,0.129133441,-0.036678310,0.455393122,0.860508393,0.359786516,0.479092591
3591,359.100000,0.696794950,0.129133916,-0.036677711,0.455396260,0.860507006,0.360112397,0.479036237
3592,359.200000,0.696791270,0.129134391,-0.036677111,0.455399398,0.860505619,0.360438277,0.478979882
3593,359.300000,0.696787591,0.129134866,-0.036676511,0.455402536,0.860504233,0.360764158,0.478923527
3594,359.400000,0.696783911,0.129135341,-0.036675912,0.455405674,0.860502846,0.361090039,0.478867172
3595,359.500000,0.696780232,0.129135816,-0.036675312,0.455408811,0.860501459,0.361415919,0.478810817
3596,359.600000,0.696776553,0.129136291,-0.036674713,0.455411949,0.860500072,0.361741800,0.478754462
3597,359.700000,0.696772873,0.129136766,-0.036674113,0.455415087,0.860498685,0.362067681,0.478698107
3598,359.800000,0.696769194,0.129137241,-0.036673513,0.455418225,0.860497298,0.362393561,0.478641752
3599,359.900000,0.696765514,0.129137716,-0.036672914,0.455421363,0.860495911,0.362719442,0.478585397
3600,360.000000,0.696761835,0.129138191,-0.036672314,0.455424501,0.860494524,0.363045323,0.478529042
3601,360.100000,0.696758156,0.129138666,-0.036671714,0.455427639,0.860493137,0.363371203,0.478472687
3602,360.200000,0.696754476,0.129139141,-0.036671115,0.455430777,0.860491751,0.363697084,0.478416332
3603,360.300000,0.696750797,0.129139616,-0.036670515,0.455433915,0.860490364,0.364022965,0.478359977
3604,360.400000,0.696747118,0.129140090,-0.036669916,0.455437053,0.860488977,0.364348845,0.478303623
3605,360.500000,0.696743438,0.129140565,-0.036669316,0.455440191,0.860487590,0.364674726,0.478247268
3606,360.600000,0.696739759,0.129141040,-0.036668716,0.455443328,0.860486203,0.365000607,0.478190913
3607,360.700000,0.696736079,0.129141515,-0.036668117,0.455446466,0.860484816,0.365326487,0.478134558
3608,360.800000,0.696732400,0.129141990,-0.036667517,0.455449604,0.860483429,0.365652368,0.478078203
3609,360.900000,0.696728721,0.129142465,-0.036666917,0.455452742,0.860482042,0.365978249,0.478021848
3610,361.000000,0.696725041,0.129142940,-0.036666318,0.455455880,0.860480656,0.366304129,0.477965493
3611,361.100000,0.696721362,0.129143415,-0.036665718,0.455459018,0.860479269,0.366630010,0.477909138
3612,361.200000,0.696717682,0.129143890,-0.036665119,0.455462156,0.860477882,0.366955891,0.477852783
3613,361.300000,0.696714003,0.129144365,-0.036664519,0.455465294,0.860476495,0.367281771,0.477796428
3614,361.400000,0.696710324,0.129144840,-0.036663919,0.455468432,0.860475108,0.367607652,0.477740073
3615,361.500000,0.696718408,0.129124291,-0.036663587,0.455470168,0.860443409,0.368104978,0.477706321
3616,361.600000,0.696729507,0.129098353,-0.036663322,0.455471546,0.860403941,0.368646251,0.477678363
3617,361.700000,0.696740606,0.129072414,-0.036663058,0.455472923,0.860364473,0.369187525,0.477650404
3618,361.800000,0.696751706,0.129046476,-0.036662793,0.455474301,0.860325004,0.369728798,0.477622446
3619,361.900000,0.696762805,0.129020538,-0.036662529,0.455475678,0.860285536,0.370270071,0.477594487
3620,362.000000,0.696773904,0.128994600,-0.036662264,0.455477055,0.860246068,0.370811345,0.477566529
3621,362.100000,0.696785004,0.128968661,-0.036662000,0.455478433,0.860206599,0.371352618,0.477538570
3622,362.200000,0.696796103,0.128942723,-0.036661736,0.455479810,0.860167131,0.371893891,0.477510612
3623,362.300000,0.696807203,0.128916785,-0.036661471,0.455481187,0.860127662,0.372435164,0.477482654
3624,362.400000,0.696818302,0.128890847,-0.036661207,0.455482565,0.860088194,0.372976438,0.477454695
3625,362.500000,0.696829401,0.128864908,-0.036660942,0.455483942,0.860048726,0.373517711,0.477426737
3626,362.600000,0.696840501,0.128838970,-0.036660678,0.455485320,0.860009257,0.374058984,0.477398778
3627,362.700000,0.696851600,0.128813032,-0.036660414,0.455486697,0.859969789,0.374600258,0.477370820
3628,362.800000,0.696862699,0.128787094,-0.036660149,0.455488074,0.859930320,0.375141531,0.477342862
3629,362.900000,0.696873799,0.128761155,-0.036659885,0.455489452,0.859890852,0.375682804,0.477314903
3630,363.000000,0.696884898,0.128735217,-0.036659620,0.455490829,0.859851384,0.376224078,0.477286945
3631,363.100000,0.696895997,0.128709279,-0.036659356,0.455492207,0.859811915,0.376765351,0.477258986
3632,363.200000,0.696907097,0.128683341,-0.036659091,0.455493584,0.859772447,0.377306624,0.477231028
3633,363.300000,0.696918196,0.128657402,-0.036658827,0.455494961,0.859732979,0.377847897,0.477203069
3634,363.400000,0.696929295,0.128631464,-0.036658563,0.455496339,0.859693510,0.378389171,0.477175111
3635,363.500000,0.696940395,0.128605526,-0.036658298,0.455497716,0.859654042,0.378930444,0.477147153
3636,363.600000,0.696951494,0.128579587,-0.036658034,0.455499094,0.859614573,0.379471717,0.477119194
3637,363.700000,0.696962594,0.128553649,-0.036657769,0.455500471,0.859575105,0.380012991,0.477091236
3638,363.800000,0.696973693,0.128527711,-0.036657505,0.455501848,0.859535637,0.380554264,0.477063277
3639,363.900000,0.696984792,0.128501773,-0.036657241,0.455503226,0.859496168,0.381095537,0.477035319
3640,364.000000,0.696995892,0.128475834,-0.036656976,0.455504603,0.859456700,0.381636810,0.477007361
3641,364.100000,0.697006991,0.128449896,-0.036656712,0.455505981,0.859417232,0.382178084,0.476979402
3642,364.200000,0.697018090,0.128423958,-0.036656447,0.455507358,0.859377763,0.382719357,0.476951444
3643,364.300000,0.697032922,0.128391186,-0.036656280,0.455508231,0.859352762,0.383214711,0.476939065
3644,364.400000,0.697050685,0.128353045,-0.036656188,0.455508707,0.859339127,0.383673986,0.476938926
3645,364.500000,0.697068449,0.128314904,-0.036656097,0.455509183,0.859325492,0.384133260,0.476938788
3646,364.600000,0.697086213,0.128276763,-0.036656006,0.455509659,0.859311858,0.384592535,0.476938650
3647,364.700000,0.697103976,0.128238621,-0.036655914,0.455510135,0.859298223,0.385051810,0.476938512
3648,364.800000,0.697121740,0.128200480,-0.036655823,0.455510611,0.859284588,0.385511084,0.476938373
3649,364.900000,0.697139504,0.128162339,-0.036655731,0.455511087,0.859270954,0.385970359,0.476938235
3650,365.000000,0.697157267,0.128124198,-0.036655640,0.455511563,0.859257319,0.386429633,0.476938097
3651,365.100000,0.697175031,0.128086057,-0.036655549,0.455512039,0.859243685,0.386888908,0.476937958
3652,365.200000,0.697192795,0.128047916,-0.036655457,0.455512515,0.859230050,0.387348182,0.476937820
3653,365.300000,0.697210558,0.128009775,-0.036655366,0.455512991,0.859216415,0.387807457,0.476937682
3654,365.400000,0.697228322,0.127971633,-0.036655274,0.455513467,0.859202781,0.388266732,0.476937544
3655,365.500000,0.697246085,0.127933492,-0.036655183,0.455513943,0.859189146,0.388726006,0.476937405
3656,365.600000,0.697263849,0.127895351,-0.036655092,0.455514419,0.859175511,0.389185281,0.476937267
3657,365.700000,0.697281613,0.127857210,-0.036655000,0.455514895,0.859161877,0.389644555,0.476937129
3658,365.800000,0.697299376,0.127819069,-0.036654909,0.455515371,0.859148242,0.390103830,0.476936991
3659,365.900000,0.697317140,0.127780928,-0.036654817,0.455515847,0.859134608,0.390563105,0.476936852
3660,366.000000,0.697334904,0.127742787,-0.036654726,0.455516323,0.859120973,0.391022379,0.476936714
3661,366.100000,0.697352667,0.127704646,-0.036654634,0.455516799,0.859107338,0.391481654,0.476936576
3662,366.200000,0.697370431,0.127666504,-0.036654543,0.455517275,0.859093704,0.391940928,0.476936438
3663,366.300000,0.697388195,0.127628363,-0.036654452,0.455517751,0.859080069,0.392400203,0.476936299
3664,366.400000,0.697405958,0.127590222,-0.036654360,0.455518227,0.859066434,0.392859477,0.476936161
3665,366.500000,0.697423722,0.127552081,-0.036654269,0.455518703,0.859052800,0.393318752,0.476936023
3666,366.600000,0.697441486,0.127513940,-0.036654177,0.455519179,0.859039165,0.393778027,0.476935885
3667,366.700000,0.697459249,0.127475799,-0.036654086,0.455519655,0.859025530,0.394237301,0.476935746
3668,366.800000,0.697477013,0.127437658,-0.036653995,0.455520131,0.859011896,0.394696576,0.476935608
3669,366.900000,0.697494777,0.127399516,-0.036653903,0.455520607,0.858998261,0.395155850,0.476935470
3670,367.000000,0.697512540,0.127361375,-0.036653812,0.455521083,0.858984627,0.395615125,0.476935331
3671,367.100000,0.697528633,0.127324328,-0.036653738,0.455521469,0.858975760,0.396011938,0.476943879
3672,367.200000,0.697541239,0.127289561,-0.036653699,0.455521666,0.858976841,0.396278447,0.476970545
3673,367.300000,0.697553846,0.127254794,-0.036653661,0.455521864,0.858977922,0.396544956,0.476997212
3674,367.400000,0.697566453,0.127220027,-0.036653623,0.455522061,0.858979003,0.396811466,0.477023878
3675,367.500000,0.697579059,0.127185261,-0.036653585,0.455522258,0.858980083,0.397077975,0.477050545
3676,367.600000,0.697591666,0.127150494,-0.036653547,0.455522456,0.858981164,0.397344484,0.477077211
3677,367.700000,0.697604272,0.127115727,-0.036653509,0.455522653,0.858982245,0.397610993,0.477103878
3678,367.800000,0.697616879,0.127080960,-0.036653471,0.455522851,0.858983326,0.397877502,0.477130544
3679,367.900000,0.697629486,0.127046194,-0.036653432,0.455523048,0.858984407,0.398144012,0.477157211
3680,368.000000,0.697642092,0.127011427,-0.036653394,0.455523245,0.858985488,0.398410521,0.477183877
3681,368.100000,0.697654699,0.126976660,-0.036653356,0.455523443,0.858986568,0.398677030,0.477210544
3682,368.200000,0.697667305,0.126941893,-0.036653318,0.455523640,0.858987649,0.398943539,0.477237210
3683,368.300000,0.697679912,0.126907126,-0.036653280,0.455523837,0.858988730,0.399210049,0.477263877
3684,368.400000,0.697692518,0.126872360,-0.036653242,0.455524035,0.858989811,0.399476558,0.477290543
3685,368.500000,0.697705125,0.126837593,-0.036653204,0.455524232,0.858990892,0.399743067,0.477317210
3686,368.600000,0.697717732,0.126802826,-0.036653165,0.455524430,0.858991973,0.400009576,0.477343877
3687,368.700000,0.697730338,0.126768059,-0.036653127,0.455524627,0.858993053,0.400276085,0.477370543
3688,368.800000,0.697742945,0.126733293,-0.036653089,0.455524824,0.858994134,0.400542595,0.477397210
3689,368.900000,0.697755551,0.126698526,-0.036653051,0.455525022,0.858995215,0.400809104,0.477423876
3690,369.000000,0.697768158,0.126663759,-0.036653013,0.455525219,0.858996296,0.401075613,0.477450543
3691,369.100000,0.697780765,0.126628992,-0.036652975,0.455525416,0.858997377,0.401342122,0.477477209
3692,369.200000,0.697793371,0.126594226,-0.036652937,0.455525614,0.858998457,0.401608631,0.477503876
3693,369.300000,0.697805978,0.126559459,-0.036652898,0.455525811,0.858999538,0.401875141,0.477530542
3694,369.400000,0.697818584,0.126524692,-0.036652860,0.455526009,0.859000619,0.402141650,0.477557209
3695,369.500000,0.697831191,0.126489925,-0.036652822,0.455526206,0.859001700,0.402408159,0.477583875
3696,369.600000,0.697843797,0.126455159,-0.036652784,0.455526403,0.859002781,0.402674668,0.477610542
3697,369.700000,0.697856404,0.126420392,-0.036652746,0.455526601,0.859003862,0.402941178,0.477637208
3698,369.800000,0.697869011,0.126385625,-0.036652708,0.455526798,0.859004942,0.403207687,0.477663875
3699,369.900000,0.697880967,0.126348169,-0.036652672,0.455526985,0.859008564,0.403459985,0.477689166
3700,370.000000,0.697886185,0.126282860,-0.036652656,0.455527068,0.859038493,0.403565114,0.477700214
3701,370.100000,0.697891403,0.126217552,-0.036652640,0.455527150,0.859068422,0.403670244,0.477711261
3702,370.200000,0.697896621,0.126152243,-0.036652624,0.455527232,0.859098351,0.403775373,0.477722309
3703,370.300000,0.697901839,0.126086935,-0.036652608,0.455527314,0.859128280,0.403880502,0.477733356
3704,370.400000,0.697907058,0.126021626,-0.036652592,0.455527397,0.859158209,0.403985632,0.477744404
3705,370.500000,0.697912276,0.125956318,-0.036652577,0.455527479,0.859188138,0.404090761,0.477755452
3706,370.600000,0.697917494,0.125891009,-0.036652561,0.455527561,0.859218067,0.404195891,0.477766499
3707,370.700000,0.697922712,0.125825701,-0.036652545,0.455527644,0.859247996,0.404301020,0.477777547
3708,370.800000,0.697927931,0.125760392,-0.036652529,0.455527726,0.859277925,0.404406150,0.477788595
3709,370.900000,0.697933149,0.125695084,-0.036652513,0.455527808,0.859307854,0.404511279,0.477799642
3710,371.000000,0.697938367,0.125629775,-0.036652497,0.455527891,0.859337783,0.404616408,0.477810690
3711,371.100000,0.697943585,0.125564467,-0.036652482,0.455527973,0.859367712,0.404721538,0.477821738
3712,371.200000,0.697948804,0.125499158,-0.036652466,0.455528055,0.859397641,0.404826667,0.477832785
3713,371.300000,0.697954022,0.125433850,-0.036652450,0.455528138,0.859427570,0.404931797,0.477843833
3714,371.400000,0.697959240,0.125368541,-0.036652434,0.455528220,0.859457499,0.405036926,0.477854881
3715,371.500000,0.697964458,0.125303233,-0.036652418,0.455528302,0.859487428,0.405142055,0.477865928
3716,371.600000,0.697969677,0.125237924,-0.036652402,0.455528384,0.859517357,0.405247185,0.477876976
3717,371.700000,0.697974895,0.125172616,-0.036652387,0.455528467,0.859547286,0.405352314,0.477888023
3718,371.800000,0.697980113,0.125107307,-0.036652371,0.455528549,0.859577215,0.405457444,0.477899071
3719,371.900000,0.697985331,0.125041999,-0.036652355,0.455528631,0.859607144,0.405562573,0.477910119
3720,372.000000,0.697990550,0.124976690,-0.036652339,0.455528714,0.859637073,0.405667703,0.477921166
3721,372.100000,0.697995768,0.124911382,-0.036652323,0.455528796,0.859667002,0.405772832,0.477932214
3722,372.200000,0.698000986,0.124846073,-0.036652307,0.455528878,0.859696931,0.405877961,0.477943262
3723,372.300000,0.698006204,0.124780765,-0.036652292,0.455528961,0.859726860,0.405983091,0.477954309
3724,372.400000,0.698011422,0.124715456,-0.036652276,0.455529043,0.859756789,0.406088220,0.477965357
3725,372.500000,0.698016641,0.124650148,-0.036652260,0.455529125,0.859786718,0.406193350,0.477976405
3726,372.600000,0.698021859,0.124584839,-0.036652244,0.455529208,0.859816647,0.406298479,0.477987452
3727,372.700000,0.698027077,0.124519531,-0.036652228,0.455529290,0.859846576,0.406403608,0.477998500
3728,372.800000,0.698029693,0.124445698,-0.036652220,0.455529331,0.859861592,0.406403396,0.478004041
3729,372.900000,0.698031856,0.124370385,-0.036652214,0.455529365,0.859874019,0.406384898,0.478008626
3730,373.000000,0.698034020,0.124295073,-0.036652208,0.455529398,0.859886446,0.406366399,0.478013211
3731,373.100000,0.698036184,0.124219760,-0.036652201,0.455529432,0.859898873,0.406347901,0.478017796
3732,373.200000,0.698038348,0.124144448,-0.036652195,0.455529466,0.859911301,0.406329403,0.478022381
3733,373.300000,0.698040511,0.124069135,-0.036652188,0.455529500,0.859923728,0.406310905,0.478026966
3734,373.400000,0.698042675,0.123993823,-0.036652182,0.455529534,0.859936155,0.406292406,0.478031551
3735,373.500000,0.698044839,0.123918510,-0.036652175,0.455529567,0.859948582,0.406273908,0.478036136
3736,373.600000,0.698047003,0.123843198,-0.036652169,0.455529601,0.859961009,0.406255410,0.478040721
3737,373.700000,0.698049166,0.123767885,-0.036652162,0.455529635,0.859973436,0.406236912,0.478045306
3738,373.800000,0.698051330,0.123692573,-0.036652156,0.455529669,0.859985863,0.406218413,0.478049891
3739,373.900000,0.698053494,0.123617260,-0.036652149,0.455529702,0.859998290,0.406199915,0.478054476
3740,374.000000,0.698055657,0.123541948,-0.036652143,0.455529736,0.860010718,0.406181417,0.478059061
3741,374.100000,0.698057821,0.123466635,-0.036652136,0.455529770,0.860023145,0.406162919,0.478063646
3742,374.200000,0.698059985,0.123391323,-0.036652130,0.455529804,0.860035572,0.406144420,0.478068231
3743,374.300000,0.698062149,0.123316010,-0.036652123,0.455529838,0.860047999,0.406125922,0.478072816
3744,374.400000,0.698064312,0.123240697,-0.036652117,0.455529871,0.860060426,0.406107424,0.478077401
3745,374.500000,0.698066476,0.123165385,-0.036652110,0.455529905,0.860072853,0.406088926,0.478081986
3746,374.600000,0.698068640,0.123090072,-0.036652104,0.455529939,0.860085280,0.406070427,0.478086571
3747,374.700000,0.698070804,0.123014760,-0.036652097,0.455529973,0.860097707,0.406051929,0.478091156
3748,374.800000,0.698072967,0.122939447,-0.036652091,0.455530007,0.860110135,0.406033431,0.478095741
3749,374.900000,0.698075131,0.122864135,-0.036652084,0.455530040,0.860122562,0.406014933,0.478100326
3750,375.000000,0.698077295,0.122788822,-0.036652078,0.455530074,0.860134989,0.405996434,0.478104911
3751,375.100000,0.698079458,0.122713510,-0.036652071,0.455530108,0.860147416,0.405977936,0.478109496
3752,375.200000,0.698081622,0.122638197,-0.036652065,0.455530142,0.860159843,0.405959438,0.478114081
3753,375.300000,0.698083786,0.122562885,-0.036652058,0.455530175,0.860172270,0.405940940,0.478118666
3754,375.400000,0.698085950,0.122487572,-0.036652052,0.455530209,0.860184697,0.405922441,0.478123251
3755,375.500000,0.698088113,0.122412260,-0.036652045,0.455530243,0.860197125,0.405903943,0.478127836
3756,375.600000,0.698089494,0.122358094,-0.036609338,0.455530265,0.860205052,0.405837742,0.478130761
3757,375.700000,0.698090387,0.122317104,-0.036540025,0.455530280,0.860210175,0.405741820,0.478132653
3758,375.800000,0.698091280,0.122276115,-0.036470713,0.455530295,0.860215298,0.405645897,0.478134544
3759,375.900000,0.698092173,0.122235125,-0.036401400,0.455530309,0.860220421,0.405549975,0.478136435
3760,376.000000,0.698093066,0.122194135,-0.036332088,0.455530324,0.860225545,0.405454052,0.478138327
3761,376.100000,0.698093959,0.122153145,-0.036262775,0.455530339,0.860230668,0.405358130,0.478140218
3762,376.200000,0.698094852,0.122112155,-0.036193463,0.455530354,0.860235791,0.405262207,0.478142110
3763,376.300000,0.698095745,0.122071165,-0.036124150,0.455530368,0.860240915,0.405166285,0.478144001
3764,376.400000,0.698096638,0.122030175,-0.036054838,0.455530383,0.860246038,0.405070362,0.478145892
3765,376.500000,0.698097531,0.121989186,-0.035985525,0.455530398,0.860251161,0.404974440,0.478147784
3766,376.600000,0.698098424,0.121948196,-0.035916212,0.455530413,0.860256284,0.404878517,0.478149675
3767,376.700000,0.698099316,0.121907206,-0.035846900,0.455530428,0.860261408,0.404782595,0.478151567
3768,376.800000,0.698100209,0.121866216,-0.035777587,0.455530442,0.860266531,0.404686672,0.478153458
3769,376.900000,0.698101102,0.121825226,-0.035708275,0.455530457,0.860271654,0.404590750,0.478155349
3770,377.000000,0.698101995,0.121784236,-0.035638962,0.455530472,0.860276778,0.404494827,0.478157241
3771,377.100000,0.698102888,0.121743247,-0.035569650,0.455530487,0.860281901,0.404398905,0.478159132
3772,377.200000,0.698103781,0.121702257,-0.035500337,0.455530501,0.860287024,0.404302982,0.478161023
3773,377.300000,0.698104674,0.121661267,-0.035431025,0.455530516,0.860292147,0.404207060,0.478162915
3774,377.400000,0.698105567,0.121620277,-0.035361712,0.455530531,0.860297271,0.404111137,0.478164806
3775,377.500000,0.698106460,0.121579287,-0.035292400,0.455530546,0.860302394,0.404015215,0.478166698
3776,377.600000,0.698107353,0.121538297,-0.035223087,0.455530560,0.860307517,0.403919293,0.478168589
3777,377.700000,0.698108246,0.121497307,-0.035153774,0.455530575,0.860312641,0.403823370,0.478170480
3778,377.800000,0.698109139,0.121456318,-0.035084462,0.455530590,0.860317764,0.403727448,0.478172372
3779,377.900000,0.698110032,0.121415328,-0.035015149,0.455530605,0.860322887,0.403631525,0.478174263
3780,378.000000,0.698110925,0.121374338,-0.034945837,0.455530620,0.860328010,0.403535603,0.478176154
3781,378.100000,0.698111818,0.121333348,-0.034876524,0.455530634,0.860333134,0.403439680,0.478178046
3782,378.200000,0.698112711,0.121292358,-0.034807212,0.455530649,0.860338257,0.403343758,0.478179937
3783,378.300000,0.698113604,0.121251368,-0.034737899,0.455530664,0.860343380,0.403247835,0.478181829
3784,378.400000,0.698114296,0.121199100,-0.034596021,0.455533137,0.860347353,0.403160613,0.478183295
3785,378.500000,0.698114661,0.121128440,-0.034335824,0.455539617,0.860349449,0.403087578,0.478184069
3786,378.600000,0.698115026,0.121057781,-0.034075628,0.455546098,0.860351545,0.403014542,0.478184842
3787,378.700000,0.698115391,0.120987121,-0.033815431,0.455552579,0.860353641,0.402941506,0.478185616
3788,378.800000,0.698115757,0.120916462,-0.033555234,0.455559059,0.860355737,0.402868471,0.478186390
3789,378.900000,0.698116122,0.120845802,-0.033295037,0.455565540,0.860357834,0.402795435,0.478187163
3790,379.000000,0.698116487,0.120775143,-0.033034841,0.455572020,0.860359930,0.402722399,0.478187937
3791,379.100000,0.698116852,0.120704483,-0.032774644,0.455578501,0.860362026,0.402649364,0.478188711
3792,379.200000,0.698117217,0.120633824,-0.032514447,0.455584982,0.860364122,0.402576328,0.478189484
3793,379.300000,0.698117582,0.120563164,-0.032254250,0.455591462,0.860366218,0.402503292,0.478190258
3794,379.400000,0.698117948,0.120492505,-0.031994054,0.455597943,0.860368314,0.402430257,0.478191032
3795,379.500000,0.698118313,0.120421845,-0.031733857,0.455604424,0.860370411,0.402357221,0.478191805
3796,379.600000,0.698118678,0.120351186,-0.031473660,0.455610904,0.860372507,0.402284186,0.478192579
3797,379.700000,0.698119043,0.120280526,-0.031213463,0.455617385,0.860374603,0.402211150,0.478193353
3798,379.800000,0.698119408,0.120209867,-0.030953266,0.455623866,0.860376699,0.402138114,0.478194126
3799,379.900000,0.698119773,0.120139207,-0.030693070,0.455630346,0.860378795,0.402065079,0.478194900
3800,380.000000,0.698120139,0.120068548,-0.030432873,0.455636827,0.860380891,0.401992043,0.478195674
3801,380.100000,0.698120504,0.119997888,-0.030172676,0.455643307,0.860382988,0.401919007,0.478196447
3802,380.200000,0.698120869,0.119927229,-0.029912479,0.455649788,0.860385084,0.401845972,0.478197221
3803,380.300000,0.698121234,0.119856569,-0.029652283,0.455656269,0.860387180,0.401772936,0.478197995
3804,380.400000,0.698121599,0.119785910,-0.029392086,0.455662749,0.860389276,0.401699900,0.478198768
3805,380.500000,0.698121964,0.119715250,-0.029131889,0.455669230,0.860391372,0.401626865,0.478199542
3806,380.600000,0.698122330,0.119644591,-0.028871692,0.455675711,0.860393468,0.401553829,0.478200316
3807,380.700000,0.698122695,0.119573931,-0.028611495,0.455682191,0.860395564,0.401480794,0.478201089
3808,380.800000,0.698123060,0.119503272,-0.028351299,0.455688672,0.860397661,0.401407758,0.478201863
3809,380.900000,0.698123425,0.119432612,-0.028091102,0.455695153,0.860399757,0.401334722,0.478202637
3810,381.000000,0.698123790,0.119361953,-0.027830905,0.455701633,0.860401853,0.401261687,0.478203410
3811,381.100000,0.698124155,0.119291293,-0.027570708,0.455708114,0.860403949,0.401188651,0.478204184
3812,381.200000,0.698124490,0.119219579,-0.027326846,0.455717432,0.860405867,0.401121811,0.478204892
3813,381.300000,0.698124639,0.119141604,-0.027179934,0.455743595,0.860406731,0.401091747,0.478205211
3814,381.400000,0.698124789,0.119063628,-0.027033022,0.455769758,0.860407594,0.401061683,0.478205530
3815,381.500000,0.698124939,0.118985653,-0.026886110,0.455795921,0.860408458,0.401031619,0.478205848
3816,381.600000,0.698125089,0.118907677,-0.026739199,0.455822085,0.860409321,0.401001555,0.478206167
3817,381.700000,0.698125239,0.118829702,-0.026592287,0.455848248,0.860410184,0.400971491,0.478206486
3818,381.800000,0.698125389,0.118751726,-0.026445375,0.455874411,0.860411048,0.400941427,0.478206805
3819,381.900000,0.698125539,0.118673751,-0.026298463,0.455900574,0.860411911,0.400911363,0.478207123
3820,382.000000,0.698125689,0.118595775,-0.026151551,0.455926737,0.860412774,0.400881298,0.478207442
3821,382.100000,0.698125839,0.118517800,-0.026004640,0.455952900,0.860413638,0.400851234,0.478207761
3822,382.200000,0.698125988,0.118439824,-0.025857728,0.455979063,0.860414501,0.400821170,0.478208080
3823,382.300000,0.698126138,0.118361849,-0.025710816,0.456005226,0.860415365,0.400791106,0.478208399
3824,382.400000,0.698126288,0.118283873,-0.025563904,0.456031389,0.860416228,0.400761042,0.478208717
3825,382.500000,0.698126438,0.118205898,-0.025416993,0.456057552,0.860417091,0.400730978,0.478209036
3826,382.600000,0.698126588,0.118127922,-0.025270081,0.456083715,0.860417955,0.400700914,0.478209355
3827,382.700000,0.698126738,0.118049947,-0.025123169,0.456109878,0.860418818,0.400670850,0.478209674
3828,382.800000,0.698126888,0.117971971,-0.024976257,0.456136041,0.860419681,0.400640786,0.478209992
3829,382.900000,0.698127038,0.117893996,-0.024829346,0.456162204,0.860420545,0.400610722,0.478210311
3830,383.000000,0.698127187,0.117816020,-0.024682434,0.456188367,0.860421408,0.400580657,0.478210630
3831,383.100000,0.698127337,0.117738044,-0.024535522,0.456214530,0.860422271,0.400550593,0.478210949
3832,383.200000,0.698127487,0.117660069,-0.024388610,0.456240693,0.860423135,0.400520529,0.478211268
3833,383.300000,0.698127637,0.117582093,-0.024241699,0.456266856,0.860423998,0.400490465,0.478211586
3834,383.400000,0.698127787,0.117504118,-0.024094787,0.456293019,0.860424862,0.400460401,0.478211905
3835,383.500000,0.698127937,0.117426142,-0.023947875,0.456319182,0.860425725,0.400430337,0.478212224
3836,383.600000,0.698128087,0.117348167,-0.023800963,0.456345345,0.860426588,0.400400273,0.478212543
3837,383.700000,0.698128237,0.117270191,-0.023654051,0.456371509,0.860427452,0.400370209,0.478212861
3838,383.800000,0.698128386,0.117192216,-0.023507140,0.456397672,0.860428315,0.400340145,0.478213180
3839,383.900000,0.698128536,0.117114240,-0.023360228,0.456423835,0.860429178,0.400310081,0.478213499
3840,384.000000,0.698128686,0.117036265,-0.023213316,0.456449998,0.860430042,0.400280016,0.478213818
3841,384.100000,0.698128758,0.116967244,-0.023099382,0.456467968,0.860430445,0.400265972,0.478213967
3842,384.200000,0.698128821,0.116899128,-0.022988781,0.456485110,0.860430802,0.400253547,0.478214099
3843,384.300000,0.698128884,0.116831012,-0.022878180,0.456502252,0.860431159,0.400241122,0.478214231
3844,384.400000,0.698128947,0.116762896,-0.022767579,0.456519393,0.860431515,0.400228697,0.478214363
3845,384.500000,0.698129011,0.116694780,-0.022656978,0.456536535,0.860431872,0.400216272,0.478214495
3846,384.600000,0.698129074,0.116626664,-0.022546376,0.456553677,0.860432229,0.400203847,0.478214626
3847,384.700000,0.698129137,0.116558548,-0.022435775,0.456570819,0.860432586,0.400191422,0.478214758
3848,384.800000,0.698129201,0.116490431,-0.022325174,0.456587961,0.860432942,0.400178997,0.478214890
3849,384.900000,0.698129264,0.116422315,-0.022214573,0.456605103,0.860433299,0.400166572,0.478215022
3850,385.000000,0.698129327,0.116354199,-0.022103972,0.456622245,0.860433656,0.400154147,0.478215154
3851,385.100000,0.698129391,0.116286083,-0.021993371,0.456639387,0.860434013,0.400141722,0.478215286
3852,385.200000,0.698129454,0.116217967,-0.021882769,0.456656529,0.860434370,0.400129297,0.478215418
3853,385.300000,0.698129517,0.116149851,-0.021772168,0.456673671,0.860434726,0.400116872,0.478215550
3854,385.400000,0.698129581,0.116081735,-0.021661567,0.456690813,0.860435083,0.400104447,0.478215682
3855,385.500000,0.698129644,0.116013619,-0.021550966,0.456707955,0.860435440,0.400092022,0.478215814
3856,385.600000,0.698129707,0.115945503,-0.021440365,0.456725097,0.860435797,0.400079597,0.478215946
3857,385.700000,0.698129771,0.115877387,-0.021329764,0.456742239,0.860436153,0.400067172,0.478216078
3858,385.800000,0.698129834,0.115809271,-0.021219163,0.456759381,0.860436510,0.400054747,0.478216210
3859,385.900000,0.698129897,0.115741155,-0.021108561,0.456776523,0.860436867,0.400042322,0.478216341
3860,386.000000,0.698129961,0.115673039,-0.020997960,0.456793665,0.860437224,0.400029897,0.478216473
3861,386.100000,0.698130024,0.115604923,-0.020887359,0.456810807,0.860437581,0.400017472,0.478216605
3862,386.200000,0.698130087,0.115536807,-0.020776758,0.456827949,0.860437937,0.400005047,0.478216737
3863,386.300000,0.698130151,0.115468691,-0.020666157,0.456845091,0.860438294,0.399992622,0.478216869
3864,386.400000,0.698130214,0.115400575,-0.020555556,0.456862233,0.860438651,0.399980197,0.478217001
3865,386.500000,0.698130277,0.115332458,-0.020444954,0.456879375,0.860439008,0.399967771,0.478217133
3866,386.600000,0.698130341,0.115264342,-0.020334353,0.456896517,0.860439365,0.399955346,0.478217265
3867,386.700000,0.698130404,0.115196226,-0.020223752,0.456913659,0.860439721,0.399942921,0.478217397
3868,386.800000,0.698130467,0.115128110,-0.020113151,0.456930801,0.860440078,0.399930496,0.478217529
3869,386.900000,0.698143758,0.115078169,-0.020040010,0.456941160,0.860424229,0.399922991,0.478229323
3870,387.000000,0.698163497,0.115037088,-0.019985133,0.456948213,0.860400479,0.399917885,0.478246802
3871,387.100000,0.698183237,0.114996007,-0.019930256,0.456955265,0.860376728,0.399912778,0.478264282
3872,387.200000,0.698202976,0.114954926,-0.019875379,0.456962318,0.860352978,0.399907672,0.478281762
3873,387.300000,0.698222716,0.114913845,-0.019820502,0.456969371,0.860329228,0.399902566,0.478299241
3874,387.400000,0.698242455,0.114872764,-0.019765625,0.456976423,0.860305478,0.399897459,0.478316721
3875,387.500000,0.698262195,0.114831683,-0.019710748,0.456983476,0.860281727,0.399892353,0.478334201
3876,387.600000,0.698281934,0.114790602,-0.019655871,0.456990529,0.860257977,0.399887246,0.478351680
3877,387.700000,0.698301674,0.114749522,-0.019600994,0.456997582,0.860234227,0.399882140,0.478369160
3878,387.800000,0.698321413,0.114708441,-0.019546117,0.457004634,0.860210476,0.399877034,0.478386640
3879,387.900000,0.698341152,0.114667360,-0.019491240,0.457011687,0.860186726,0.399871927,0.478404120
3880,388.000000,0.698360892,0.114626279,-0.019436363,0.457018740,0.860162976,0.399866821,0.478421599
3881,388.100000,0.698380631,0.114585198,-0.019381486,0.457025792,0.860139226,0.399861715,0.478439079
3882,388.200000,0.698400371,0.114544117,-0.019326609,0.457032845,0.860115475,0.399856608,0.478456559
3883,388.300000,0.698420110,0.114503036,-0.019271732,0.457039898,0.860091725,0.399851502,0.478474038
3884,388.400000,0.698439850,0.114461956,-0.019216855,0.457046950,0.860067975,0.399846395,0.478491518
3885,388.500000,0.698459589,0.114420875,-0.019161978,0.457054003,0.860044225,0.399841289,0.478508998
3886,388.600000,0.698479329,0.114379794,-0.019107101,0.457061056,0.860020474,0.399836183,0.478526477
3887,388.700000,0.698499068,0.114338713,-0.019052224,0.457068108,0.859996724,0.399831076,0.478543957
3888,388.800000,0.698518808,0.114297632,-0.018997347,0.457075161,0.859972974,0.399825970,0.478561437
3889,388.900000,0.698538547,0.114256551,-0.018942470,0.457082214,0.859949223,0.399820863,0.478578916
3890,389.000000,0.698558287,0.114215470,-0.018887593,0.457089266,0.859925473,0.399815757,0.478596396
3891,389.100000,0.698578026,0.114174390,-0.018832716,0.457096319,0.859901723,0.399810651,0.478613876
3892,389.200000,0.698597766,0.114133309,-0.018777839,0.457103372,0.859877973,0.399805544,0.478631356
3893,389.300000,0.698617505,0.114092228,-0.018722962,0.457110424,0.859854222,0.399800438,0.478648835
3894,389.400000,0.698637244,0.114051147,-0.018668085,0.457117477,0.859830472,0.399795331,0.478666315
3895,389.500000,0.698656984,0.114010066,-0.018613208,0.457124530,0.859806722,0.399790225,0.478683795
3896,389.600000,0.698676723,0.113968985,-0.018558331,0.457131582,0.859782972,0.399785119,0.478701274
3897,389.700000,0.698685336,0.113855105,-0.018517625,0.457152638,0.859744095,0.399795793,0.478715340
3898,389.800000,0.698679571,0.113647160,-0.018495229,0.457191786,0.859685675,0.399826858,0.478724994
3899,389.900000,0.698673806,0.113439215,-0.018472833,0.457230935,0.859627254,0.399857922,0.478734649
3900,390.000000,0.698668041,0.113231270,-0.018450437,0.457270083,0.859568834,0.399888987,0.478744303
3901,390.100000,0.698662276,0.113023324,-0.018428040,0.457309232,0.859510414,0.399920052,0.478753958
3902,390.200000,0.698656511,0.112815379,-0.018405644,0.457348381,0.859451993,0.399951116,0.478763612
3903,390.300000,0.698650746,0.112607434,-0.018383248,0.457387529,0.859393573,0.399982181,0.478773267
3904,390.400000,0.698644981,0.112399489,-0.018360852,0.457426678,0.859335152,0.400013246,0.478782921
3905,390.500000,0.698639216,0.112191544,-0.018338456,0.457465826,0.859276732,0.400044310,0.478792575
3906,390.600000,0.698633451,0.111983598,-0.018316060,0.457504975,0.859218311,0.400075375,0.478802230
3907,390.700000,0.698627686,0.111775653,-0.018293664,0.457544123,0.859159891,0.400106440,0.478811884
3908,390.800000,0.698621921,0.111567708,-0.018271267,0.457583272,0.859101470,0.400137505,0.478821539
3909,390.900000,0.698616156,0.111359763,-0.018248871,0.457622421,0.859043050,0.400168569,0.478831193
3910,391.000000,0.698610391,0.111151818,-0.018226475,0.457661569,0.858984629,0.400199634,0.478840848
3911,391.100000,0.698604626,0.110943872,-0.018204079,0.457700718,0.858926209,0.400230699,0.478850502
3912,391.200000,0.698598861,0.110735927,-0.018181683,0.457739866,0.858867788,0.400261763,0.478860156
3913,391.300000,0.698593096,0.110527982,-0.018159287,0.457779015,0.858809368,0.400292828,0.478869811
3914,391.400000,0.698587331,0.110320037,-0.018136891,0.457818163,0.858750947,0.400323893,0.478879465
3915,391.500000,0.698581566,0.110112092,-0.018114494,0.457857312,0.858692527,0.400354957,0.478889120
3916,391.600000,0.698575801,0.109904147,-0.018092098,0.457896461,0.858634106,0.400386022,0.478898774
3917,391.700000,0.698570036,0.109696201,-0.018069702,0.457935609,0.858575686,0.400417087,0.478908428
3918,391.800000,0.698564271,0.109488256,-0.018047306,0.457974758,0.858517265,0.400448152,0.478918083
3919,391.900000,0.698558506,0.109280311,-0.018024910,0.458013906,0.858458845,0.400479216,0.478927737
3920,392.000000,0.698552741,0.109072366,-0.018002514,0.458053055,0.858400424,0.400510281,0.478937392
3921,392.100000,0.698546976,0.108864421,-0.017980117,0.458092203,0.858342004,0.400541346,0.478947046
3922,392.200000,0.698541211,0.108656475,-0.017957721,0.458131352,0.858283583,0.400572410,0.478956701
3923,392.300000,0.698535446,0.108448530,-0.017935325,0.458170501,0.858225163,0.400603475,0.478966355
3924,392.400000,0.698529681,0.108240585,-0.017912929,0.458209649,0.858166742,0.400634540,0.478976009
3925,392.500000,0.698524148,0.108042136,-0.017893042,0.458244442,0.858109566,0.400678782,0.478984084
3926,392.600000,0.698519542,0.107881597,-0.017883175,0.458261847,0.858057358,0.400775630,0.478985851
3927,392.700000,0.698514936,0.107721059,-0.017873308,0.458279252,0.858005150,0.400872478,0.478987618
3928,392.800000,0.698510330,0.107560521,-0.017863441,0.458296657,0.857952942,0.400969326,0.478989384
3929,392.900000,0.698505724,0.107399982,-0.017853573,0.458314061,0.857900735,0.401066174,0.478991151
3930,393.000000,0.698501118,0.107239444,-0.017843706,0.458331466,0.857848527,0.401163022,0.478992918
3931,393.100000,0.698496512,0.107078906,-0.017833839,0.458348871,0.857796319,0.401259871,0.478994685
3932,393.200000,0.698491906,0.106918367,-0.017823971,0.458366276,0.857744111,0.401356719,0.478996452
3933,393.300000,0.698487300,0.106757829,-0.017814104,0.458383680,0.857691903,0.401453567,0.478998219
3934,393.400000,0.698482694,0.106597291,-0.017804237,0.458401085,0.857639695,0.401550415,0.478999986
3935,393.500000,0.698478088,0.106436752,-0.017794369,0.458418490,0.857587487,0.401647263,0.479001753
3936,393.600000,0.698473482,0.106276214,-0.017784502,0.458435895,0.857535279,0.401744111,0.479003519
3937,393.700000,0.698468875,0.106115676,-0.017774635,0.458453299,0.857483071,0.401840960,0.479005286
3938,393.800000,0.698464269,0.105955137,-0.017764767,0.458470704,0.857430863,0.401937808,0.479007053
3939,393.900000,0.698459663,0.105794599,-0.017754900,0.458488109,0.857378655,0.402034656,0.479008820
3940,394.000000,0.698455057,0.105634060,-0.017745033,0.458505514,0.857326447,0.402131504,0.479010587
3941,394.100000,0.698450451,0.105473522,-0.017735166,0.458522918,0.857274239,0.402228352,0.479012354
3942,394.200000,0.698445845,0.105312984,-0.017725298,0.458540323,0.857222031,0.402325200,0.479014121
3943,394.300000,0.698441239,0.105152445,-0.017715431,0.458557728,0.857169823,0.402422049,0.479015887
3944,394.400000,0.698436633,0.104991907,-0.017705564,0.458575133,0.857117615,0.402518897,0.479017654
3945,394.500000,0.698432027,0.104831369,-0.017695696,0.458592537,0.857065407,0.402615745,0.479019421
3946,394.600000,0.698427421,0.104670830,-0.017685829,0.458609942,0.857013199,0.402712593,0.479021188
3947,394.700000,0.698422815,0.104510292,-0.017675962,0.458627347,0.856960991,0.402809441,0.479022955
3948,394.800000,0.698418209,0.104349754,-0.017666094,0.458644752,0.856908783,0.402906290,0.479024722
3949,394.900000,0.698413603,0.104189215,-0.017656227,0.458662156,0.856856576,0.403003138,0.479026489
3950,395.000000,0.698408996,0.104028677,-0.017646360,0.458679561,0.856804368,0.403099986,0.479028255
3951,395.100000,0.698404390,0.103868139,-0.017636492,0.458696966,0.856752160,0.403196834,0.479030022
3952,395.200000,0.698399784,0.103707600,-0.017626625,0.458714371,0.856699952,0.403293682,0.479031789
3953,395.300000,0.698395178,0.103547062,-0.017616758,0.458731775,0.856647744,0.403390530,0.479033556
3954,395.400000,0.698418618,0.103364511,-0.017613136,0.458738188,0.856617094,0.403761472,0.479021338
3955,395.500000,0.698443094,0.103181145,-0.017609745,0.458744195,0.856587241,0.404142550,0.479008602
3956,395.600000,0.698467570,0.102997780,-0.017606354,0.458750202,0.856557388,0.404523628,0.478995867
3957,395.700000,0.698492047,0.102814415,-0.017602963,0.458756209,0.856527534,0.404904706,0.478983132
3958,395.800000,0.698516523,0.102631049,-0.017599572,0.458762215,0.856497681,0.405285783,0.478970396
3959,395.900000,0.698541000,0.102447684,-0.017596182,0.458768222,0.856467828,0.405666861,0.478957661
3960,396.000000,0.698565476,0.102264319,-0.017592791,0.458774229,0.856437975,0.406047939,0.478944926
3961,396.100000,0.698589953,0.102080953,-0.017589400,0.458780235,0.856408122,0.406429016,0.478932190
3962,396.200000,0.698614429,0.101897588,-0.017586009,0.458786242,0.856378269,0.406810094,0.478919455
3963,396.300000,0.698638906,0.101714222,-0.017582618,0.458792249,0.856348416,0.407191172,0.478906720
3964,396.400000,0.698663382,0.101530857,-0.017579227,0.458798256,0.856318563,0.407572250,0.478893984
3965,396.500000,0.698687858,0.101347492,-0.017575836,0.458804262,0.856288710,0.407953327,0.478881249
3966,396.600000,0.698712335,0.101164126,-0.017572445,0.458810269,0.856258857,0.408334405,0.478868514
3967,396.700000,0.698736811,0.100980761,-0.017569054,0.458816276,0.856229004,0.408715483,0.478855778
3968,396.800000,0.698761288,0.100797396,-0.017565664,0.458822282,0.856199151,0.409096561,0.478843043
3969,396.900000,0.698785764,0.100614030,-0.017562273,0.458828289,0.856169298,0.409477638,0.478830308
3970,397.000000,0.698810241,0.100430665,-0.017558882,0.458834296,0.856139445,0.409858716,0.478817572
3971,397.100000,0.698834717,0.100247300,-0.017555491,0.458840302,0.856109592,0.410239794,0.478804837
3972,397.200000,0.698859194,0.100063934,-0.017552100,0.458846309,0.856079739,0.410620872,0.478792101
3973,397.300000,0.698883670,0.099880569,-0.017548709,0.458852316,0.856049886,0.411001949,0.478779366
3974,397.400000,0.698908146,0.099697204,-0.017545318,0.458858323,0.856020033,0.411383027,0.478766631
3975,397.500000,0.698932623,0.099513838,-0.017541927,0.458864329,0.855990180,0.411764105,0.478753895
3976,397.600000,0.698957099,0.099330473,-0.017538537,0.458870336,0.855960327,0.412145182,0.478741160
3977,397.700000,0.698981576,0.099147108,-0.017535146,0.458876343,0.855930474,0.412526260,0.478728425
3978,397.800000,0.699006052,0.098963742,-0.017531755,0.458882349,0.855900621,0.412907338,0.478715689
3979,397.900000,0.699030529,0.098780377,-0.017528364,0.458888356,0.855870768,0.413288416,0.478702954
3980,398.000000,0.699055005,0.098597012,-0.017524973,0.458894363,0.855840915,0.413669493,0.478690219
3981,398.100000,0.699079481,0.098413646,-0.017521582,0.458900369,0.855811062,0.414050571,0.478677483
3982,398.200000,0.699095875,0.098194251,-0.017519646,0.458903801,0.855820335,0.414405282,0.478688587
3983,398.300000,0.699109254,0.097961420,-0.017518253,0.458906273,0.855844199,0.414750160,0.478708581
3984,398.400000,0.699122633,0.097728588,-0.017516860,0.458908745,0.855868064,0.415095038,0.478728575
3985,398.500000,0.699136013,0.097495756,-0.017515466,0.458911217,0.855891928,0.415439916,0.478748569
3986,398.600000,0.699149392,0.097262925,-0.017514073,0.458913689,0.855915792,0.415784795,0.478768562
3987,398.700000,0.699162771,0.097030093,-0.017512680,0.458916161,0.855939656,0.416129673,0.478788556
3988,398.800000,0.699176150,0.096797261,-0.017511287,0.458918633,0.855963521,0.416474551,0.478808550
3989,398.900000,0.699189529,0.096564429,-0.017509893,0.458921105,0.855987385,0.416819429,0.478828544
3990,399.000000,0.699202908,0.096331598,-0.017508500,0.458923577,0.856011249,0.417164307,0.478848538
3991,399.100000,0.699216288,0.096098766,-0.017507107,0.458926049,0.856035114,0.417509185,0.478868532
3992,399.200000,0.699229667,0.095865934,-0.017505714,0.458928521,0.856058978,0.417854063,0.478888526
3993,399.300000,0.699243046,0.095633103,-0.017504320,0.458930993,0.856082842,0.418198941,0.478908519
3994,399.400000,0.699256425,0.095400271,-0.017502927,0.458933464,0.856106706,0.418543820,0.478928513
3995,399.500000,0.699269804,0.095167439,-0.017501534,0.458935936,0.856130571,0.418888698,0.478948507
3996,399.600000,0.699283183,0.094934608,-0.017500141,0.458938408,0.856154435,0.419233576,0.478968501
3997,399.700000,0.699296563,0.094701776,-0.017498747,0.458940880,0.856178299,0.419578454,0.478988495
3998,399.800000,0.699309942,0.094468944,-0.017497354,0.458943352,0.856202163,0.419923332,0.479008489
3999,399.900000,0.699323321,0.094236113,-0.017495961,0.458945824,0.856226028,0.420268210,0.479028483
4000,400.000000,0.699336700,0.094003281,-0.017494568,0.458948296,0.856249892,0.420613088,0.479048476
4001,400.100000,0.699350079,0.093770449,-0.017493174,0.458950768,0.856273756,0.420957966,0.479068470
4002,400.200000,0.699363459,0.093537618,-0.017491781,0.458953240,0.856297621,0.421302845,0.479088464
4003,400.300000,0.699376838,0.093304786,-0.017490388,0.458955712,0.856321485,0.421647723,0.479108458
4004,400.400000,0.699390217,0.093071954,-0.017488995,0.458958184,0.856345349,0.421992601,0.479128452
4005,400.500000,0.699403596,0.092839123,-0.017487601,0.458960656,0.856369213,0.422337479,0.479148446
4006,400.600000,0.699416975,0.092606291,-0.017486208,0.458963128,0.856393078,0.422682357,0.479168440
4007,400.700000,0.699430354,0.092373459,-0.017484815,0.458965599,0.856416942,0.423027235,0.479188433
4008,400.800000,0.699443734,0.092140628,-0.017483421,0.458968071,0.856440806,0.423372113,0.479208427
4009,400.900000,0.699457113,0.091907796,-0.017482028,0.458970543,0.856464671,0.423716991,0.479228421
4010,401.000000,0.699468113,0.091742928,-0.017481035,0.458972305,0.856484819,0.424071954,0.479245976
4011,401.100000,0.699476660,0.091648122,-0.017480456,0.458973334,0.856501136,0.424437311,0.479261016
4012,401.200000,0.699485207,0.091553316,-0.017479876,0.458974363,0.856517454,0.424802669,0.479276057
4013,401.300000,0.699493754,0.091458509,-0.017479296,0.458975392,0.856533772,0.425168026,0.479291097
4014,401.400000,0.699502302,0.091363703,-0.017478716,0.458976421,0.856550089,0.425533384,0.479306138
4015,401.500000,0.699510849,0.091268896,-0.017478136,0.458977450,0.856566407,0.425898741,0.479321178
4016,401.600000,0.699519396,0.091174090,-0.017477557,0.458978479,0.856582725,0.426264099,0.479336219
4017,401.700000,0.699527943,0.091079284,-0.017476977,0.458979509,0.856599042,0.426629456,0.479351259
4018,401.800000,0.699536490,0.090984477,-0.017476397,0.458980538,0.856615360,0.426994814,0.479366300
4019,401.900000,0.699545038,0.090889671,-0.017475817,0.458981567,0.856631677,0.427360171,0.479381340
4020,402.000000,0.699553585,0.090794865,-0.017475237,0.458982596,0.856647995,0.427725529,0.479396381
4021,402.100000,0.699562132,0.090700058,-0.017474657,0.458983625,0.856664313,0.428090886,0.479411421
4022,402.200000,0.699570679,0.090605252,-0.017474078,0.458984654,0.856680630,0.428456244,0.479426462
4023,402.300000,0.699579227,0.090510446,-0.017473498,0.458985683,0.856696948,0.428821601,0.479441502
4024,402.400000,0.699587774,0.090415639,-0.017472918,0.458986712,0.856713266,0.429186959,0.479456543
4025,402.500000,0.699596321,0.090320833,-0.017472338,0.458987741,0.856729583,0.429552316,0.479471583
4026,402.600000,0.699604868,0.090226027,-0.017471758,0.458988771,0.856745901,0.429917674,0.479486624
4027,402.700000,0.699613415,0.090131220,-0.017471178,0.458989800,0.856762218,0.430283031,0.479501664
4028,402.800000,0.699621963,0.090036414,-0.017470599,0.458990829,0.856778536,0.430648389,0.479516705
4029,402.900000,0.699630510,0.089941608,-0.017470019,0.458991858,0.856794854,0.431013746,0.479531745
4030,403.000000,0.699639057,0.089846801,-0.017469439,0.458992887,0.856811171,0.431379104,0.479546786
4031,403.100000,0.699647604,0.089751995,-0.017468859,0.458993916,0.856827489,0.431744461,0.479561826
4032,403.200000,0.699656151,0.089657189,-0.017468279,0.458994945,0.856843807,0.432109819,0.479576867
4033,403.300000,0.699664699,0.089562382,-0.017467699,0.458995974,0.856860124,0.432475176,0.479591907
4034,403.400000,0.699673246,0.089467576,-0.017467120,0.458997003,0.856876442,0.432840534,0.479606948
4035,403.500000,0.699681793,0.089372770,-0.017466540,0.458998033,0.856892759,0.433205891,0.479621988
4036,403.600000,0.699690340,0.089277963,-0.017465960,0.458999062,0.856909077,0.433571249,0.479637029
4037,403.700000,0.699698888,0.089183157,-0.017465380,0.459000091,0.856925395,0.433936606,0.479652069
4038,403.800000,0.699706157,0.089102746,-0.017464887,0.459000966,0.856946923,0.434300425,0.479664862
4039,403.900000,0.699709723,0.089064077,-0.017464645,0.459001397,0.856983561,0.434659785,0.479671137
4040,404.000000,0.699713288,0.089025409,-0.017464403,0.459001828,0.857020198,0.435019144,0.479677412
4041,404.100000,0.699716853,0.088986740,-0.017464161,0.459002258,0.857056836,0.435378503,0.479683686
4042,404.200000,0.699720419,0.088948072,-0.017463920,0.459002689,0.857093473,0.435737862,0.479689961
4043,404.300000,0.699723984,0.088909403,-0.017463678,0.459003120,0.857130111,0.436097222,0.479696236
4044,404.400000,0.699727550,0.088870734,-0.017463436,0.459003550,0.857166749,0.436456581,0.479702511
4045,404.500000,0.699731115,0.088832066,-0.017463194,0.459003981,0.857203386,0.436815940,0.479708786
4046,404.600000,0.699734680,0.088793397,-0.017462952,0.459004411,0.857240024,0.437175299,0.479715060
4047,404.700000,0.699738246,0.088754729,-0.017462710,0.459004842,0.857276661,0.437534658,0.479721335
4048,404.800000,0.699741811,0.088716060,-0.017462468,0.459005273,0.857313299,0.437894018,0.479727610
4049,404.900000,0.699745376,0.088677391,-0.017462227,0.459005703,0.857349937,0.438253377,0.479733885
4050,405.000000,0.699748942,0.088638723,-0.017461985,0.459006134,0.857386574,0.438612736,0.479740160
4051,405.100000,0.699752507,0.088600054,-0.017461743,0.459006564,0.857423212,0.438972095,0.479746434
4052,405.200000,0.699756073,0.088561385,-0.017461501,0.459006995,0.857459849,0.439331455,0.479752709
4053,405.300000,0.699759638,0.088522717,-0.017461259,0.459007426,0.857496487,0.439690814,0.479758984
4054,405.400000,0.699763203,0.088484048,-0.017461017,0.459007856,0.857533125,0.440050173,0.479765259
4055,405.500000,0.699766769,0.088445380,-0.017460775,0.459008287,0.857569762,0.440409532,0.479771534
4056,405.600000,0.699770334,0.088406711,-0.017460534,0.459008718,0.857606400,0.440768892,0.479777808
4057,405.700000,0.699773900,0.088368042,-0.017460292,0.459009148,0.857643037,0.441128251,0.479784083
4058,405.800000,0.699777465,0.088329374,-0.017460050,0.459009579,0.857679675,0.441487610,0.479790358
4059,405.900000,0.699781030,0.088290705,-0.017459808,0.459010009,0.857716313,0.441846969,0.479796633
4060,406.000000,0.699784596,0.088252036,-0.017459566,0.459010440,0.857752950,0.442206328,0.479802908
4061,406.100000,0.699788161,0.088213368,-0.017459324,0.459010871,0.857789588,0.442565688,0.479809182
4062,406.200000,0.699791726,0.088174699,-0.017459082,0.459011301,0.857826225,0.442925047,0.479815457
4063,406.300000,0.699795292,0.088136031,-0.017458841,0.459011732,0.857862863,0.443284406,0.479821732
4064,406.400000,0.699798857,0.088097362,-0.017458599,0.459012163,0.857899501,0.443643765,0.479828007
4065,406.500000,0.699802423,0.088058693,-0.017458357,0.459012593,0.857936138,0.444003125,0.479834282
4066,406.600000,0.699806443,0.088020495,-0.017458118,0.459013019,0.857972335,0.444363946,0.479840481
4067,406.700000,0.699832249,0.088004798,-0.017458018,0.459013196,0.857987452,0.444794774,0.479843070
4068,406.800000,0.699858056,0.087989100,-0.017457918,0.459013373,0.858002568,0.445225601,0.479845659
4069,406.900000,0.699883862,0.087973403,-0.017457818,0.459013551,0.858017685,0.445656429,0.479848248
4070,407.000000,0.699909668,0.087957706,-0.017457718,0.459013728,0.858032801,0.446087256,0.479850837
4071,407.100000,0.699935475,0.087942009,-0.017457619,0.459013905,0.858047918,0.446518084,0.479853426
4072,407.200000,0.699961281,0.087926311,-0.017457519,0.459014083,0.858063034,0.446948911,0.479856015
4073,407.300000,0.699987087,0.087910614,-0.017457419,0.459014260,0.858078151,0.447379739,0.479858604
4074,407.400000,0.700012894,0.087894917,-0.017457319,0.459014437,0.858093267,0.447810566,0.479861194
4075,407.500000,0.700038700,0.087879220,-0.017457219,0.459014615,0.858108384,0.448241394,0.479863783
4076,407.600000,0.700064506,0.087863522,-0.017457119,0.459014792,0.858123500,0.448672221,0.479866372
4077,407.700000,0.700090313,0.087847825,-0.017457019,0.459014969,0.858138617,0.449103048,0.479868961
4078,407.800000,0.700116119,0.087832128,-0.017456919,0.459015147,0.858153733,0.449533876,0.479871550
4079,407.900000,0.700141926,0.087816431,-0.017456820,0.459015324,0.858168850,0.449964703,0.479874139
4080,408.000000,0.700167732,0.087800733,-0.017456720,0.459015501,0.858183966,0.450395531,0.479876728
4081,408.100000,0.700193538,0.087785036,-0.017456620,0.459015679,0.858199083,0.450826358,0.479879317
4082,408.200000,0.700219345,0.087769339,-0.017456520,0.459015856,0.858214199,0.451257186,0.479881906
4083,408.300000,0.700245151,0.087753642,-0.017456420,0.459016033,0.858229316,0.451688013,0.479884495
4084,408.400000,0.700270957,0.087737944,-0.017456320,0.459016211,0.858244432,0.452118841,0.479887084
4085,408.500000,0.700296764,0.087722247,-0.017456220,0.459016388,0.858259549,0.452549668,0.479889673
4086,408.600000,0.700322570,0.087706550,-0.017456121,0.459016565,0.858274665,0.452980496,0.479892262
4087,408.700000,0.700348376,0.087690853,-0.017456021,0.459016742,0.858289782,0.453411323,0.479894852
4088,408.800000,0.700374183,0.087675155,-0.017455921,0.459016920,0.858304898,0.453842151,0.479897441
4089,408.900000,0.700399989,0.087659458,-0.017455821,0.459017097,0.858320015,0.454272978,0.479900030
4090,409.000000,0.700425795,0.087643761,-0.017455721,0.459017274,0.858335131,0.454703806,0.479902619
4091,409.100000,0.700451602,0.087628064,-0.017455621,0.459017452,0.858350248,0.455134633,0.479905208
4092,409.200000,0.700477408,0.087612366,-0.017455521,0.459017629,0.858365364,0.455565460,0.479907797
4093,409.300000,0.700503214,0.087596669,-0.017455421,0.459017806,0.858380481,0.455996288,0.479910386
4094,409.400000,0.700529021,0.087580972,-0.017455322,0.459017984,0.858395597,0.456427115,0.479912975
4095,409.500000,0.700594168,0.087572534,-0.017475686,0.459018079,0.858398741,0.456677645,0.479914375
4096,409.600000,0.700670122,0.087566090,-0.017501671,0.459018152,0.858398595,0.456878645,0.479915449
4097,409.700000,0.700746076,0.087559646,-0.017527657,0.459018225,0.858398449,0.457079645,0.479916522
4098,409.800000,0.700822030,0.087553202,-0.017553643,0.459018298,0.858398304,0.457280645,0.479917595
4099,409.900000,0.700897984,0.087546758,-0.017579629,0.459018370,0.858398158,0.457481645,0.479918669
4100,410.000000,0.700973938,0.087540314,-0.017605614,0.459018443,0.858398012,0.457682646,0.479919742
4101,410.100000,0.701049892,0.087533870,-0.017631600,0.459018516,0.858397867,0.457883646,0.479920816
4102,410.200000,0.701125846,0.087527426,-0.017657586,0.459018589,0.858397721,0.458084646,0.479921889
4103,410.300000,0.701201800,0.087520982,-0.017683572,0.459018662,0.858397575,0.458285646,0.479922962
4104,410.400000,0.701277754,0.087514538,-0.017709557,0.459018734,0.858397430,0.458486646,0.479924036
4105,410.500000,0.701353708,0.087508094,-0.017735543,0.459018807,0.858397284,0.458687646,0.479925109
4106,410.600000,0.701429662,0.087501650,-0.017761529,0.459018880,0.858397138,0.458888647,0.479926183
4107,410.700000,0.701505616,0.087495206,-0.017787515,0.459018953,0.858396993,0.459089647,0.479927256
4108,410.800000,0.701581570,0.087488762,-0.017813501,0.459019026,0.858396847,0.459290647,0.479928330
4109,410.900000,0.701657524,0.087482319,-0.017839486,0.459019099,0.858396701,0.459491647,0.479929403
4110,411.000000,0.701733478,0.087475875,-0.017865472,0.459019171,0.858396556,0.459692647,0.479930476
4111,411.100000,0.701809432,0.087469431,-0.017891458,0.459019244,0.858396410,0.459893648,0.479931550
4112,411.200000,0.701885386,0.087462987,-0.017917444,0.459019317,0.858396264,0.460094648,0.479932623
4113,411.300000,0.701961340,0.087456543,-0.017943429,0.459019390,0.858396119,0.460295648,0.479933697
4114,411.400000,0.702037294,0.087450099,-0.017969415,0.459019463,0.858395973,0.460496648,0.479934770
4115,411.500000,0.702113248,0.087443655,-0.017995401,0.459019535,0.858395827,0.460697648,0.479935843
4116,411.600000,0.702189202,0.087437211,-0.018021387,0.459019608,0.858395682,0.460898648,0.479936917
4117,411.700000,0.702265156,0.087430767,-0.018047372,0.459019681,0.858395536,0.461099649,0.479937990
4118,411.800000,0.702341110,0.087424323,-0.018073358,0.459019754,0.858395390,0.461300649,0.479939064
4119,411.900000,0.702417064,0.087417879,-0.018099344,0.459019827,0.858395245,0.461501649,0.479940137
4120,412.000000,0.702493018,0.087411435,-0.018125330,0.459019899,0.858395099,0.461702649,0.479941211
4121,412.100000,0.702568972,0.087404991,-0.018151315,0.459019972,0.858394953,0.461903649,0.479942284
4122,412.200000,0.702644926,0.087398547,-0.018177301,0.459020045,0.858394808,0.462104650,0.479943357
4123,412.300000,0.702707027,0.087394165,-0.018200536,0.459038338,0.858398241,0.462239568,0.479941516
4124,412.400000,0.702757725,0.087391479,-0.018221508,0.459071628,0.858404620,0.462320098,0.479937275
4125,412.500000,0.702808424,0.087388793,-0.018242479,0.459104917,0.858411000,0.462400627,0.479933034
4126,412.600000,0.702859122,0.087386107,-0.018263450,0.459138207,0.858417379,0.462481157,0.479928793
4127,412.700000,0.702909821,0.087383421,-0.018284422,0.459171497,0.858423758,0.462561686,0.479924552
4128,412.800000,0.702960520,0.087380735,-0.018305393,0.459204786,0.858430138,0.462642216,0.479920311
4129,412.900000,0.703011218,0.087378049,-0.018326365,0.459238076,0.858436517,0.462722745,0.479916070
4130,413.000000,0.703061917,0.087375363,-0.018347336,0.459271366,0.858442896,0.462803275,0.479911829
4131,413.100000,0.703112616,0.087372678,-0.018368307,0.459304655,0.858449275,0.462883804,0.479907589
4132,413.200000,0.703163314,0.087369992,-0.018389279,0.459337945,0.858455655,0.462964334,0.479903348
4133,413.300000,0.703214013,0.087367306,-0.018410250,0.459371235,0.858462034,0.463044863,0.479899107
4134,413.400000,0.703264711,0.087364620,-0.018431221,0.459404524,0.858468413,0.463125393,0.479894866
4135,413.500000,0.703315410,0.087361934,-0.018452193,0.459437814,0.858474792,0.463205922,0.479890625
4136,413.600000,0.703366109,0.087359248,-0.018473164,0.459471103,0.858481172,0.463286452,0.479886384
4137,413.700000,0.703416807,0.087356562,-0.018494136,0.459504393,0.858487551,0.463366981,0.479882143
4138,413.800000,0.703467506,0.087353876,-0.018515107,0.459537683,0.858493930,0.463447511,0.479877902
4139,413.900000,0.703518205,0.087351190,-0.018536078,0.459570972,0.858500310,0.463528040,0.479873661
4140,414.000000,0.703568903,0.087348504,-0.018557050,0.459604262,0.858506689,0.463608570,0.479869420
4141,414.100000,0.703619602,0.087345819,-0.018578021,0.459637552,0.858513068,0.463689099,0.479865180
4142,414.200000,0.703670301,0.087343133,-0.018598992,0.459670841,0.858519447,0.463769629,0.479860939
4143,414.300000,0.703720999,0.087340447,-0.018619964,0.459704131,0.858525827,0.463850158,0.479856698
4144,414.400000,0.703771698,0.087337761,-0.018640935,0.459737420,0.858532206,0.463930688,0.479852457
4145,414.500000,0.703822396,0.087335075,-0.018661907,0.459770710,0.858538585,0.464011217,0.479848216
4146,414.600000,0.703873095,0.087332389,-0.018682878,0.459804000,0.858544965,0.464091747,0.479843975
4147,414.700000,0.703923794,0.087329703,-0.018703849,0.459837289,0.858551344,0.464172276,0.479839734
4148,414.800000,0.703974492,0.087327017,-0.018724821,0.459870579,0.858557723,0.464252806,0.479835493
4149,414.900000,0.704025191,0.087324331,-0.018745792,0.459903869,0.858564102,0.464333335,0.479831252
4150,415.000000,0.704075890,0.087321645,-0.018766763,0.459937158,0.858570482,0.464413865,0.479827011
4151,415.100000,0.704117264,0.087319453,-0.018774537,0.459956521,0.858566374,0.464473766,0.479825013
4152,415.200000,0.704138131,0.087318345,-0.018753281,0.459945254,0.858539202,0.464488298,0.479827947
4153,415.300000,0.704158997,0.087317237,-0.018732026,0.459933987,0.858512030,0.464502830,0.479830882
4154,415.400000,0.704179864,0.087316129,-0.018710770,0.459922720,0.858484858,0.464517361,0.479833816
4155,415.500000,0.704200731,0.087315021,-0.018689515,0.459911453,0.858457686,0.464531893,0.479836750
4156,415.600000,0.704221598,0.087313913,-0.018668260,0.459900186,0.858430514,0.464546425,0.479839684
4157,415.700000,0.704242464,0.087312805,-0.018647004,0.459888918,0.858403341,0.464560957,0.479842618
4158,415.800000,0.704263331,0.087311697,-0.018625749,0.459877651,0.858376169,0.464575488,0.479845553
4159,415.900000,0.704284198,0.087310589,-0.018604494,0.459866384,0.858348997,0.464590020,0.479848487
4160,416.000000,0.704305064,0.087309481,-0.018583238,0.459855117,0.858321825,0.464604552,0.479851421
4161,416.100000,0.704325931,0.087308373,-0.018561983,0.459843850,0.858294653,0.464619084,0.479854355
4162,416.200000,0.704346798,0.087307265,-0.018540728,0.459832583,0.858267481,0.464633616,0.479857289
4163,416.300000,0.704367665,0.087306157,-0.018519472,0.459821316,0.858240309,0.464648147,0.479860224
4164,416.400000,0.704388531,0.087305049,-0.018498217,0.459810048,0.858213137,0.464662679,0.479863158
4165,416.500000,0.704409398,0.087303941,-0.018476962,0.459798781,0.858185965,0.464677211,0.479866092
4166,416.600000,0.704430265,0.087302833,-0.018455706,0.459787514,0.858158792,0.464691743,0.479869026
4167,416.700000,0.704451132,0.087301725,-0.018434451,0.459776247,0.858131620,0.464706275,0.479871960
4168,416.800000,0.704471998,0.087300617,-0.018413196,0.459764980,0.858104448,0.464720806,0.479874895
4169,416.900000,0.704492865,0.087299509,-0.018391940,0.459753713,0.858077276,0.464735338,0.479877829
4170,417.000000,0.704513732,0.087298401,-0.018370685,0.459742445,0.858050104,0.464749870,0.479880763
4171,417.100000,0.704534598,0.087297293,-0.018349430,0.459731178,0.858022932,0.464764402,0.479883697
4172,417.200000,0.704555465,0.087296185,-0.018328174,0.459719911,0.857995760,0.464778933,0.479886631
4173,417.300000,0.704576332,0.087295077,-0.018306919,0.459708644,0.857968588,0.464793465,0.479889566
4174,417.400000,0.704597199,0.087293969,-0.018285664,0.459697377,0.857941416,0.464807997,0.479892500
4175,417.500000,0.704618065,0.087292861,-0.018264408,0.459686110,0.857914243,0.464822529,0.479895434
4176,417.600000,0.704638932,0.087291753,-0.018243153,0.459674843,0.857887071,0.464837061,0.479898368
4177,417.700000,0.704659799,0.087290645,-0.018221898,0.459663575,0.857859899,0.464851592,0.479901302
4178,417.800000,0.704680665,0.087289537,-0.018200642,0.459652308,0.857832727,0.464866124,0.479904237
4179,417.900000,0.704700640,0.087288476,-0.018179774,0.459642269,0.857803481,0.464875917,0.479907046
4180,418.000000,0.704709856,0.087287985,-0.018163563,0.459647036,0.857749223,0.464828578,0.479908350
4181,418.100000,0.704719073,0.087287494,-0.018147353,0.459651802,0.857694965,0.464781239,0.479909655
4182,418.200000,0.704728289,0.087287002,-0.018131143,0.459656569,0.857640708,0.464733900,0.479910960
4183,418.300000,0.704737505,0.087286511,-0.018114933,0.459661335,0.857586450,0.464686561,0.479912264
4184,418.400000,0.704746722,0.087286020,-0.018098723,0.459666102,0.857532192,0.464639222,0.479913569
4185,418.500000,0.704755938,0.087285528,-0.018082513,0.459670868,0.857477934,0.464591883,0.479914873
4186,418.600000,0.704765154,0.087285037,-0.018066303,0.459675635,0.857423677,0.464544544,0.479916178
4187,418.700000,0.704774371,0.087284546,-0.018050093,0.459680401,0.857369419,0.464497205,0.479917483
4188,418.800000,0.704783587,0.087284054,-0.018033883,0.459685168,0.857315161,0.464449866,0.479918787
4189,418.900000,0.704792804,0.087283563,-0.018017672,0.459689934,0.857260904,0.464402527,0.479920092
4190,419.000000,0.704802020,0.087283072,-0.018001462,0.459694701,0.857206646,0.464355188,0.479921396
4191,419.100000,0.704811236,0.087282580,-0.017985252,0.459699467,0.857152388,0.464307849,0.479922701
4192,419.200000,0.704820453,0.087282089,-0.017969042,0.459704234,0.857098131,0.464260510,0.479924005
4193,419.300000,0.704829669,0.087281598,-0.017952832,0.459709000,0.857043873,0.464213171,0.479925310
4194,419.400000,0.704838885,0.087281107,-0.017936622,0.459713767,0.856989615,0.464165832,0.479926615
4195,419.500000,0.704848102,0.087280615,-0.017920412,0.459718533,0.856935358,0.464118493,0.479927919
4196,419.600000,0.704857318,0.087280124,-0.017904202,0.459723300,0.856881100,0.464071154,0.479929224
4197,419.700000,0.704866534,0.087279633,-0.017887992,0.459728066,0.856826842,0.464023814,0.479930528
4198,419.800000,0.704875751,0.087279141,-0.017871782,0.459732833,0.856772585,0.463976475,0.479931833
4199,419.900000,0.704884967,0.087278650,-0.017855571,0.459737599,0.856718327,0.463929136,0.479933137
4200,420.000000,0.704894184,0.087278159,-0.017839361,0.459742366,0.856664069,0.463881797,0.479934442
4201,420.100000,0.704903400,0.087277667,-0.017823151,0.459747132,0.856609812,0.463834458,0.479935747
4202,420.200000,0.704912616,0.087277176,-0.017806941,0.459751899,0.856555554,0.463787119,0.479937051
4203,420.300000,0.704921833,0.087276685,-0.017790731,0.459756665,0.856501296,0.463739780,0.479938356
4204,420.400000,0.704931049,0.087276193,-0.017774521,0.459761432,0.856447039,0.463692441,0.479939660
4205,420.500000,0.704940265,0.087275702,-0.017758311,0.459766198,0.856392781,0.463645102,0.479940965
4206,420.600000,0.704949482,0.087275211,-0.017742101,0.459770965,0.856338523,0.463597763,0.479942269
4207,420.700000,0.704958698,0.087274719,-0.017725891,0.459775731,0.856284266,0.463550424,0.479943574
4208,420.800000,0.704962841,0.087292678,-0.017718587,0.459757862,0.856167460,0.463455920,0.479944163
4209,420.900000,0.704966022,0.087314134,-0.017712971,0.459735702,0.856038796,0.463352474,0.479944615
4210,421.000000,0.704969204,0.087335591,-0.017707356,0.459713541,0.855910132,0.463249029,0.479945068
4211,421.100000,0.704972385,0.087357047,-0.017701740,0.459691380,0.855781467,0.463145583,0.479945521
4212,421.200000,0.704975566,0.087378504,-0.017696125,0.459669219,0.855652803,0.463042137,0.479945974
4213,421.300000,0.704978747,0.087399960,-0.017690510,0.459647059,0.855524139,0.462938691,0.479946427
4214,421.400000,0.704981929,0.087421416,-0.017684894,0.459624898,0.855395474,0.462835245,0.479946879
4215,421.500000,0.704985110,0.087442873,-0.017679279,0.459602737,0.855266810,0.462731799,0.479947332
4216,421.600000,0.704988291,0.087464329,-0.017673663,0.459580576,0.855138145,0.462628353,0.479947785
4217,421.700000,0.704991472,0.087485786,-0.017668048,0.459558416,0.855009481,0.462524907,0.479948238
4218,421.800000,0.704994653,0.087507242,-0.017662433,0.459536255,0.854880817,0.462421461,0.479948691
4219,421.900000,0.704997835,0.087528699,-0.017656817,0.459514094,0.854752152,0.462318015,0.479949143
4220,422.000000,0.705001016,0.087550155,-0.017651202,0.459491933,0.854623488,0.462214569,0.479949596
4221,422.100000,0.705004197,0.087571612,-0.017645587,0.459469773,0.854494824,0.462111123,0.479950049
4222,422.200000,0.705007378,0.087593068,-0.017639971,0.459447612,0.854366159,0.462007677,0.479950502
4223,422.300000,0.705010560,0.087614525,-0.017634356,0.459425451,0.854237495,0.461904232,0.479950954
4224,422.400000,0.705013741,0.087635981,-0.017628740,0.459403290,0.854108831,0.461800786,0.479951407
4225,422.500000,0.705016922,0.087657438,-0.017623125,0.459381130,0.853980166,0.461697340,0.479951860
4226,422.600000,0.705020103,0.087678894,-0.017617510,0.459358969,0.853851502,0.461593894,0.479952313
4227,422.700000,0.705023284,0.087700350,-0.017611894,0.459336808,0.853722837,0.461490448,0.479952766
4228,422.800000,0.705026466,0.087721807,-0.017606279,0.459314647,0.853594173,0.461387002,0.479953218
4229,422.900000,0.705029647,0.087743263,-0.017600663,0.459292487,0.853465509,0.461283556,0.479953671
4230,423.000000,0.705032828,0.087764720,-0.017595048,0.459270326,0.853336844,0.461180110,0.479954124
4231,423.100000,0.705036009,0.087786176,-0.017589433,0.459248165,0.853208180,0.461076664,0.479954577
4232,423.200000,0.705039191,0.087807633,-0.017583817,0.459226004,0.853079516,0.460973218,0.479955030
4233,423.300000,0.705042372,0.087829089,-0.017578202,0.459203844,0.852950851,0.460869772,0.479955482
4234,423.400000,0.705045553,0.087850546,-0.017572586,0.459181683,0.852822187,0.460766326,0.479955935
4235,423.500000,0.705048734,0.087872002,-0.017566971,0.459159522,0.852693523,0.460662880,0.479956388
4236,423.600000,0.705050785,0.087894698,-0.017563352,0.459119777,0.852588734,0.460401587,0.479974755
4237,423.700000,0.705052096,0.087918205,-0.017561037,0.459068535,0.852499557,0.460037086,0.480004835
4238,423.800000,0.705053406,0.087941711,-0.017558722,0.459017293,0.852410380,0.459672584,0.480034915
4239,423.900000,0.705054717,0.087965217,-0.017556408,0.458966051,0.852321203,0.459308083,0.480064995
4240,424.000000,0.705056028,0.087988724,-0.017554093,0.458914809,0.852232026,0.458943581,0.480095075
4241,424.100000,0.705057339,0.088012230,-0.017551779,0.458863566,0.852142849,0.458579080,0.480125155
4242,424.200000,0.705058650,0.088035737,-0.017549464,0.458812324,0.852053672,0.458214578,0.480155235
4243,424.300000,0.705059961,0.088059243,-0.017547150,0.458761082,0.851964495,0.457850077,0.480185315
4244,424.400000,0.705061272,0.088082750,-0.017544835,0.458709840,0.851875318,0.457485575,0.480215395
4245,424.500000,0.705062583,0.088106256,-0.017542521,0.458658598,0.851786142,0.457121074,0.480245475
4246,424.600000,0.705063893,0.088129763,-0.017540206,0.458607355,0.851696965,0.456756572,0.480275555
4247,424.700000,0.705065204,0.088153269,-0.017537892,0.458556113,0.851607788,0.456392071,0.480305634
4248,424.800000,0.705066515,0.088176775,-0.017535577,0.458504871,0.851518611,0.456027569,0.480335714
4249,424.900000,0.705067826,0.088200282,-0.017533263,0.458453629,0.851429434,0.455663068,0.480365794
4250,425.000000,0.705069137,0.088223788,-0.017530948,0.458402387,0.851340257,0.455298566,0.480395874
4251,425.100000,0.705070448,0.088247295,-0.017528634,0.458351145,0.851251080,0.454934065,0.480425954
4252,425.200000,0.705071759,0.088270801,-0.017526319,0.458299902,0.851161903,0.454569563,0.480456034
4253,425.300000,0.705073070,0.088294308,-0.017524005,0.458248660,0.851072726,0.454205062,0.480486114
4254,425.400000,0.705074380,0.088317814,-0.017521690,0.458197418,0.850983549,0.453840560,0.480516194
4255,425.500000,0.705075691,0.088341320,-0.017519375,0.458146176,0.850894372,0.453476059,0.480546274
4256,425.600000,0.705077002,0.088364827,-0.017517061,0.458094934,0.850805195,0.453111557,0.480576354
4257,425.700000,0.705078313,0.088388333,-0.017514746,0.458043691,0.850716018,0.452747056,0.480606434
4258,425.800000,0.705079624,0.088411840,-0.017512432,0.457992449,0.850626841,0.452382554,0.480636514
4259,425.900000,0.705080935,0.088435346,-0.017510117,0.457941207,0.850537664,0.452018053,0.480666594
4260,426.000000,0.705082246,0.088458853,-0.017507803,0.457889965,0.850448487,0.451653551,0.480696674
4261,426.100000,0.705083557,0.088482359,-0.017505488,0.457838723,0.850359310,0.451289050,0.480726754
4262,426.200000,0.705084868,0.088505865,-0.017503174,0.457787480,0.850270133,0.450924548,0.480756834
4263,426.300000,0.705086178,0.088529372,-0.017500859,0.457736238,0.850180956,0.450560047,0.480786914
4264,426.400000,0.705087205,0.088547789,-0.017499046,0.457682707,0.850110095,0.450192176,0.480814201
4265,426.500000,0.705087746,0.088557490,-0.017498090,0.457625255,0.850070597,0.449818536,0.480836706
4266,426.600000,0.705088286,0.088567191,-0.017497134,0.457567804,0.850031099,0.449444897,0.480859211
4267,426.700000,0.705088826,0.088576892,-0.017496178,0.457510352,0.849991601,0.449071257,0.480881716
4268,426.800000,0.705089367,0.088586593,-0.017495223,0.457452901,0.849952103,0.448697617,0.480904220
4269,426.900000,0.705089907,0.088596294,-0.017494267,0.457395449,0.849912605,0.448323977,0.480926725
4270,427.000000,0.705090448,0.088605995,-0.017493311,0.457337997,0.849873107,0.447950337,0.480949230
4271,427.100000,0.705090988,0.088615697,-0.017492355,0.457280546,0.849833609,0.447576698,0.480971735
4272,427.200000,0.705091529,0.088625398,-0.017491399,0.457223094,0.849794112,0.447203058,0.480994240
4273,427.300000,0.705092069,0.088635099,-0.017490444,0.457165643,0.849754614,0.446829418,0.481016744
4274,427.400000,0.705092609,0.088644800,-0.017489488,0.457108191,0.849715116,0.446455778,0.481039249
4275,427.500000,0.705093150,0.088654501,-0.017488532,0.457050740,0.849675618,0.446082138,0.481061754
4276,427.600000,0.705093690,0.088664202,-0.017487576,0.456993288,0.849636120,0.445708499,0.481084259
4277,427.700000,0.705094231,0.088673903,-0.017486621,0.456935837,0.849596622,0.445334859,0.481106764
4278,427.800000,0.705094771,0.088683605,-0.017485665,0.456878385,0.849557124,0.444961219,0.481129268
4279,427.900000,0.705095311,0.088693306,-0.017484709,0.456820934,0.849517626,0.444587579,0.481151773
4280,428.000000,0.705095852,0.088703007,-0.017483753,0.456763482,0.849478128,0.444213939,0.481174278
4281,428.100000,0.705096392,0.088712708,-0.017482798,0.456706030,0.849438630,0.443840300,0.481196783
4282,428.200000,0.705096933,0.088722409,-0.017481842,0.456648579,0.849399132,0.443466660,0.481219288
4283,428.300000,0.705097473,0.088732110,-0.017480886,0.456591127,0.849359634,0.443093020,0.481241792
4284,428.400000,0.705098013,0.088741811,-0.017479930,0.456533676,0.849320137,0.442719380,0.481264297
4285,428.500000,0.705098554,0.088751512,-0.017478975,0.456476224,0.849280639,0.442345740,0.481286802
4286,428.600000,0.705099094,0.088761214,-0.017478019,0.456418773,0.849241141,0.441972100,0.481309307
4287,428.700000,0.705099635,0.088770915,-0.017477063,0.456361321,0.849201643,0.441598461,0.481331812
4288,428.800000,0.705100175,0.088780616,-0.017476107,0.456303870,0.849162145,0.441224821,0.481354316
4289,428.900000,0.705100715,0.088790317,-0.017475151,0.456246418,0.849122647,0.440851181,0.481376821
4290,429.000000,0.705101256,0.088800018,-0.017474196,0.456188967,0.849083149,0.440477541,0.481399326
4291,429.100000,0.705101796,0.088809719,-0.017473240,0.456131515,0.849043651,0.440103901,0.481421831
4292,429.200000,0.705102295,0.088818667,-0.017472358,0.456071354,0.849007240,0.439729442,0.481447320
4293,429.300000,0.705102518,0.088822687,-0.017471962,0.455993483,0.848991005,0.439349627,0.481492314
4294,429.400000,0.705102742,0.088826708,-0.017471565,0.455915612,0.848974770,0.438969811,0.481537308
4295,429.500000,0.705102966,0.088830728,-0.017471168,0.455837742,0.848958534,0.438589996,0.481582302
4296,429.600000,0.705103190,0.088834749,-0.017470772,0.455759871,0.848942299,0.438210181,0.481627295
4297,429.700000,0.705103413,0.088838769,-0.017470375,0.455682000,0.848926064,0.437830365,0.481672289
4298,429.800000,0.705103637,0.088842790,-0.017469978,0.455604129,0.848909828,0.437450550,0.481717283
4299,429.900000,0.705103861,0.088846810,-0.017469582,0.455526259,0.848893593,0.437070734,0.481762277
4300,430.000000,0.705104085,0.088850831,-0.017469185,0.455448388,0.848877358,0.436690919,0.481807270
4301,430.100000,0.705104309,0.088854851,-0.017468788,0.455370517,0.848861123,0.436311104,0.481852264
4302,430.200000,0.705104532,0.088858872,-0.017468391,0.455292647,0.848844887,0.435931288,0.481897258
4303,430.300000,0.705104756,0.088862893,-0.017467995,0.455214776,0.848828652,0.435551473,0.481942252
4304,430.400000,0.705104980,0.088866913,-0.017467598,0.455136905,0.848812417,0.435171658,0.481987246
4305,430.500000,0.705105204,0.088870934,-0.017467201,0.455059034,0.848796181,0.434791842,0.482032239
4306,430.600000,0.705105427,0.088874954,-0.017466805,0.454981164,0.848779946,0.434412027,0.482077233
4307,430.700000,0.705105651,0.088878975,-0.017466408,0.454903293,0.848763711,0.434032212,0.482122227
4308,430.800000,0.705105875,0.088882995,-0.017466011,0.454825422,0.848747475,0.433652396,0.482167221
4309,430.900000,0.705106099,0.088887016,-0.017465615,0.454747552,0.848731240,0.433272581,0.482212214
4310,431.000000,0.705106322,0.088891036,-0.017465218,0.454669681,0.848715005,0.432892765,0.482257208
4311,431.100000,0.705106546,0.088895057,-0.017464821,0.454591810,0.848698769,0.432512950,0.482302202
4312,431.200000,0.705106770,0.088899077,-0.017464425,0.454513939,0.848682534,0.432133135,0.482347196
4313,431.300000,0.705106994,0.088903098,-0.017464028,0.454436069,0.848666299,0.431753319,0.482392190
4314,431.400000,0.705107217,0.088907119,-0.017463631,0.454358198,0.848650063,0.431373504,0.482437183
4315,431.500000,0.705107441,0.088911139,-0.017463234,0.454280327,0.848633828,0.430993689,0.482482177
4316,431.600000,0.705107665,0.088915160,-0.017462838,0.454202457,0.848617593,0.430613873,0.482527171
4317,431.700000,0.705107889,0.088919180,-0.017462441,0.454124586,0.848601357,0.430234058,0.482572165
4318,431.800000,0.705108112,0.088923201,-0.017462044,0.454046715,0.848585122,0.429854242,0.482617158
4319,431.900000,0.705108336,0.088927221,-0.017461648,0.453968844,0.848568887,0.429474427,0.482662152
4320,432.000000,0.705108560,0.088931242,-0.017461251,0.453890974,0.848552651,0.429094612,0.482707146
4321,432.100000,0.705108666,0.088933147,-0.017461063,0.453828694,0.848544995,0.428755119,0.482731680
4322,432.200000,0.705108759,0.088934808,-0.017460899,0.453768211,0.848538327,0.428420269,0.482753857
4323,432.300000,0.705108852,0.088936469,-0.017460735,0.453707727,0.848531658,0.428085418,0.482776035
4324,432.400000,0.705108945,0.088938131,-0.017460571,0.453647243,0.848524990,0.427750568,0.482798212
4325,432.500000,0.705109038,0.088939792,-0.017460407,0.453586759,0.848518321,0.427415718,0.482820390
4326,432.600000,0.705109131,0.088941453,-0.017460243,0.453526275,0.848511653,0.427080868,0.482842568
4327,432.700000,0.705109224,0.088943115,-0.017460079,0.453465791,0.848504984,0.426746018,0.482864745
4328,432.800000,0.705109317,0.088944776,-0.017459915,0.453405307,0.848498316,0.426411168,0.482886923
4329,432.900000,0.705109409,0.088946437,-0.017459751,0.453344823,0.848491647,0.426076318,0.482909100
4330,433.000000,0.705109502,0.088948099,-0.017459586,0.453284339,0.848484979,0.425741468,0.482931278
4331,433.100000,0.705109595,0.088949760,-0.017459422,0.453223855,0.848478310,0.425406618,0.482953456
4332,433.200000,0.705109688,0.088951421,-0.017459258,0.453163371,0.848471642,0.425071768,0.482975633
4333,433.300000,0.705109781,0.088953083,-0.017459094,0.453102887,0.848464973,0.424736917,0.482997811
4334,433.400000,0.705109874,0.088954744,-0.017458930,0.453042404,0.848458305,0.424402067,0.483019988
4335,433.500000,0.705109967,0.088956405,-0.017458766,0.452981920,0.848451636,0.424067217,0.483042166
4336,433.600000,0.705110060,0.088958067,-0.017458602,0.452921436,0.848444968,0.423732367,0.483064344
4337,433.700000,0.705110153,0.088959728,-0.017458438,0.452860952,0.848438299,0.423397517,0.483086521
4338,433.800000,0.705110246,0.088961389,-0.017458274,0.452800468,0.848431631,0.423062667,0.483108699
4339,433.900000,0.705110338,0.088963051,-0.017458110,0.452739984,0.848424962,0.422727817,0.483130876
4340,434.000000,0.705110431,0.088964712,-0.017457946,0.452679500,0.848418294,0.422392967,0.483153054
4341,434.100000,0.705110524,0.088966373,-0.017457782,0.452619016,0.848411625,0.422058117,0.483175232
4342,434.200000,0.705110617,0.088968035,-0.017457618,0.452558532,0.848404957,0.421723267,0.483197409
4343,434.300000,0.705110710,0.088969696,-0.017457454,0.452498048,0.848398289,0.421388416,0.483219587
4344,434.400000,0.705110803,0.088971357,-0.017457290,0.452437564,0.848391620,0.421053566,0.483241764
4345,434.500000,0.705110896,0.088973018,-0.017457126,0.452377080,0.848384952,0.420718716,0.483263942
4346,434.600000,0.705110989,0.088974680,-0.017456962,0.452316597,0.848378283,0.420383866,0.483286120
4347,434.700000,0.705111082,0.088976341,-0.017456798,0.452256113,0.848371615,0.420049016,0.483308297
4348,434.800000,0.705111174,0.088978002,-0.017456634,0.452195629,0.848364946,0.419714166,0.483330475
4349,434.900000,0.705111231,0.088979021,-0.017456533,0.452093651,0.848360864,0.419477642,0.483339620
4350,435.000000,0.705111269,0.088979710,-0.017456465,0.451970372,0.848358109,0.419291597,0.483342074
4351,435.100000,0.705111307,0.088980398,-0.017456397,0.451847093,0.848355354,0.419105552,0.483344528
4352,435.200000,0.705111345,0.088981087,-0.017456329,0.451723813,0.848352599,0.418919507,0.483346982
4353,435.300000,0.705111383,0.088981776,-0.017456261,0.451600534,0.848349845,0.418733462,0.483349436
4354,435.400000,0.705111421,0.088982465,-0.017456193,0.451477254,0.848347090,0.418547416,0.483351890
4355,435.500000,0.705111459,0.088983153,-0.017456125,0.451353975,0.848344335,0.418361371,0.483354344
4356,435.600000,0.705111497,0.088983842,-0.017456057,0.451230696,0.848341580,0.418175326,0.483356798
4357,435.700000,0.705111535,0.088984531,-0.017455988,0.451107416,0.848338825,0.417989281,0.483359252
4358,435.800000,0.705111573,0.088985219,-0.017455920,0.450984137,0.848336071,0.417803236,0.483361706
4359,435.900000,0.705111611,0.088985908,-0.017455852,0.450860858,0.848333316,0.417617190,0.483364160
4360,436.000000,0.705111649,0.088986597,-0.017455784,0.450737578,0.848330561,0.417431145,0.483366614
4361,436.100000,0.705111687,0.088987285,-0.017455716,0.450614299,0.848327806,0.417245100,0.483369068
4362,436.200000,0.705111725,0.088987974,-0.017455648,0.450491020,0.848325052,0.417059055,0.483371522
4363,436.300000,0.705111763,0.088988663,-0.017455580,0.450367740,0.848322297,0.416873010,0.483373976
4364,436.400000,0.705111801,0.088989352,-0.017455512,0.450244461,0.848319542,0.416686965,0.483376430
4365,436.500000,0.705111839,0.088990040,-0.017455444,0.450121182,0.848316787,0.416500919,0.483378883
4366,436.600000,0.705111877,0.088990729,-0.017455376,0.449997902,0.848314032,0.416314874,0.483381337
4367,436.700000,0.705111914,0.088991418,-0.017455308,0.449874623,0.848311278,0.416128829,0.483383791
4368,436.800000,0.705111952,0.088992106,-0.017455240,0.449751344,0.848308523,0.415942784,0.483386245
4369,436.900000,0.705111990,0.088992795,-0.017455172,0.449628064,0.848305768,0.415756739,0.483388699
4370,437.000000,0.705112028,0.088993484,-0.017455104,0.449504785,0.848303013,0.415570693,0.483391153
4371,437.100000,0.705112066,0.088994172,-0.017455035,0.449381505,0.848300258,0.415384648,0.483393607
4372,437.200000,0.705112104,0.088994861,-0.017454967,0.449258226,0.848297504,0.415198603,0.483396061
4373,437.300000,0.705112142,0.088995550,-0.017454899,0.449134947,0.848294749,0.415012558,0.483398515
4374,437.400000,0.705112180,0.088996238,-0.017454831,0.449011667,0.848291994,0.414826513,0.483400969
4375,437.500000,0.705112218,0.088996927,-0.017454763,0.448888388,0.848289239,0.414640468,0.483403423
4376,437.600000,0.705112256,0.088997616,-0.017454695,0.448765109,0.848286485,0.414454422,0.483405877
4377,437.700000,0.705112285,0.089010893,-0.017454644,0.448652315,0.848284414,0.414312469,0.483407722
4378,437.800000,0.705112302,0.089041215,-0.017454616,0.448553719,0.848283270,0.414230215,0.483408742
4379,437.900000,0.705112319,0.089071537,-0.017454587,0.448455123,0.848282126,0.414147962,0.483409761
4380,438.000000,0.705112336,0.089101859,-0.017454559,0.448356527,0.848280982,0.414065709,0.483410781
4381,438.100000,0.705112353,0.089132181,-0.017454530,0.448257931,0.848279837,0.413983456,0.483411800
4382,438.200000,0.705112370,0.089162503,-0.017454502,0.448159335,0.848278693,0.413901203,0.483412820
4383,438.300000,0.705112387,0.089192824,-0.017454474,0.448060739,0.848277549,0.413818950,0.483413840
4384,438.400000,0.705112403,0.089223146,-0.017454445,0.447962143,0.848276405,0.413736697,0.483414859
4385,438.500000,0.705112420,0.089253468,-0.017454417,0.447863547,0.848275261,0.413654444,0.483415879
4386,438.600000,0.705112437,0.089283790,-0.017454389,0.447764951,0.848274117,0.413572191,0.483416898
4387,438.700000,0.705112454,0.089314112,-0.017454360,0.447666355,0.848272973,0.413489938,0.483417918
4388,438.800000,0.705112471,0.089344434,-0.017454332,0.447567759,0.848271828,0.413407685,0.483418938
4389,438.900000,0.705112488,0.089374756,-0.017454304,0.447469163,0.848270684,0.413325432,0.483419957
4390,439.000000,0.705112505,0.089405078,-0.017454275,0.447370567,0.848269540,0.413243179,0.483420977
4391,439.100000,0.705112522,0.089435400,-0.017454247,0.447271971,0.848268396,0.413160926,0.483421996
4392,439.200000,0.705112539,0.089465722,-0.017454218,0.447173375,0.848267252,0.413078673,0.483423016
4393,439.300000,0.705112555,0.089496044,-0.017454190,0.447074779,0.848266108,0.412996419,0.483424036
4394,439.400000,0.705112572,0.089526366,-0.017454162,0.446976183,0.848264964,0.412914166,0.483425055
4395,439.500000,0.705112589,0.089556688,-0.017454133,0.446877587,0.848263819,0.412831913,0.483426075
4396,439.600000,0.705112606,0.089587010,-0.017454105,0.446778991,0.848262675,0.412749660,0.483427094
4397,439.700000,0.705112623,0.089617331,-0.017454077,0.446680395,0.848261531,0.412667407,0.483428114
4398,439.800000,0.705112640,0.089647653,-0.017454048,0.446581799,0.848260387,0.412585154,0.483429133
4399,439.900000,0.705112657,0.089677975,-0.017454020,0.446483203,0.848259243,0.412502901,0.483430153
4400,440.000000,0.705112674,0.089708297,-0.017453991,0.446384607,0.848258099,0.412420648,0.483431173
4401,440.100000,0.705112691,0.089738619,-0.017453963,0.446286011,0.848256955,0.412338395,0.483432192
4402,440.200000,0.705112708,0.089768941,-0.017453935,0.446187415,0.848255810,0.412256142,0.483433212
4403,440.300000,0.705112724,0.089799263,-0.017453906,0.446088819,0.848254666,0.412173889,0.483434231
4404,440.400000,0.705112741,0.089829585,-0.017453878,0.445990223,0.848253522,0.412091636,0.483435251
4405,440.500000,0.705112756,0.089864645,-0.017453853,0.445893065,0.848252505,0.412022718,0.483436157
4406,440.600000,0.705112763,0.089920060,-0.017453841,0.445802089,0.848252034,0.412011086,0.483436576
4407,440.700000,0.705112769,0.089975475,-0.017453829,0.445711112,0.848251564,0.411999454,0.483436995
4408,440.800000,0.705112775,0.090030890,-0.017453818,0.445620136,0.848251093,0.411987821,0.483437414
4409,440.900000,0.705112782,0.090086305,-0.017453806,0.445529159,0.848250622,0.411976189,0.483437833
4410,441.000000,0.705112788,0.090141720,-0.017453794,0.445438183,0.848250152,0.411964557,0.483438252
4411,441.100000,0.705112794,0.090197135,-0.017453782,0.445347206,0.848249681,0.411952924,0.483438671
4412,441.200000,0.705112801,0.090252550,-0.017453770,0.445256230,0.848249210,0.411941292,0.483439090
4413,441.300000,0.705112807,0.090307965,-0.017453759,0.445165253,0.848248739,0.411929660,0.483439509
4414,441.400000,0.705112813,0.090363380,-0.017453747,0.445074276,0.848248269,0.411918027,0.483439928
4415,441.500000,0.705112820,0.090418795,-0.017453735,0.444983300,0.848247798,0.411906395,0.483440347
4416,441.600000,0.705112826,0.090474210,-0.017453723,0.444892323,0.848247327,0.411894762,0.483440766
4417,441.700000,0.705112832,0.090529625,-0.017453712,0.444801347,0.848246857,0.411883130,0.483441185
4418,441.800000,0.705112839,0.090585040,-0.017453700,0.444710370,0.848246386,0.411871498,0.483441604
4419,441.900000,0.705112845,0.090640455,-0.017453688,0.444619394,0.848245915,0.411859865,0.483442023
4420,442.000000,0.705112851,0.090695870,-0.017453676,0.444528417,0.848245444,0.411848233,0.483442442
4421,442.100000,0.705112858,0.090751285,-0.017453665,0.444437441,0.848244974,0.411836601,0.483442861
4422,442.200000,0.705112864,0.090806700,-0.017453653,0.444346464,0.848244503,0.411824968,0.483443280
4423,442.300000,0.705112870,0.090862115,-0.017453641,0.444255488,0.848244032,0.411813336,0.483443699
4424,442.400000,0.705112877,0.090917530,-0.017453629,0.444164511,0.848243562,0.411801704,0.483444118
4425,442.500000,0.705112883,0.090972945,-0.017453618,0.444073534,0.848243091,0.411790071,0.483444537
4426,442.600000,0.705112889,0.091028360,-0.017453606,0.443982558,0.848242620,0.411778439,0.483444956
4427,442.700000,0.705112896,0.091083775,-0.017453594,0.443891581,0.848242149,0.411766806,0.483445375
4428,442.800000,0.705112902,0.091139190,-0.017453582,0.443800605,0.848241679,0.411755174,0.483445794
4429,442.900000,0.705112908,0.091194605,-0.017453571,0.443709628,0.848241208,0.411743542,0.483446213
4430,443.000000,0.705112915,0.091250020,-0.017453559,0.443618652,0.848240737,0.411731909,0.483446632
4431,443.100000,0.705112921,0.091305435,-0.017453547,0.443527675,0.848240267,0.411720277,0.483447051
4432,443.200000,0.705112927,0.091360850,-0.017453535,0.443436699,0.848239796,0.411708645,0.483447470
4433,443.300000,0.705112934,0.091416265,-0.017453524,0.443345722,0.848239325,0.411697012,0.483447889
4434,443.400000,0.705112936,0.091474948,-0.017453518,0.443115309,0.848239120,0.411678333,0.483448073
4435,443.500000,0.705112938,0.091533793,-0.017453514,0.442877998,0.848238928,0.411659305,0.483448245
4436,443.600000,0.705112940,0.091592638,-0.017453509,0.442640687,0.848238736,0.411640277,0.483448417
4437,443.700000,0.705112942,0.091651483,-0.017453504,0.442403377,0.848238544,0.411621249,0.483448589
4438,443.800000,0.705112945,0.091710327,-0.017453499,0.442166066,0.848238352,0.411602221,0.483448761
4439,443.900000,0.705112947,0.091769172,-0.017453495,0.441928756,0.848238159,0.411583192,0.483448933
4440,444.000000,0.705112949,0.091828017,-0.017453490,0.441691445,0.848237967,0.411564164,0.483449105
4441,444.100000,0.705112951,0.091886862,-0.017453485,0.441454134,0.848237775,0.411545136,0.483449277
4442,444.200000,0.705112953,0.091945706,-0.017453481,0.441216824,0.848237583,0.411526108,0.483449449
4443,444.300000,0.705112955,0.092004551,-0.017453476,0.440979513,0.848237391,0.411507080,0.483449621
4444,444.400000,0.705112957,0.092063396,-0.017453471,0.440742203,0.848237199,0.411488052,0.483449793
4445,444.500000,0.705112959,0.092122241,-0.017453466,0.440504892,0.848237007,0.411469024,0.483449965
4446,444.600000,0.705112962,0.092181085,-0.017453462,0.440267581,0.848236815,0.411449996,0.483450138
4447,444.700000,0.705112964,0.092239930,-0.017453457,0.440030271,0.848236623,0.411430968,0.483450310
4448,444.800000,0.705112966,0.092298775,-0.017453452,0.439792960,0.848236431,0.411411940,0.483450482
4449,444.900000,0.705112968,0.092357620,-0.017453447,0.439555650,0.848236239,0.411392912,0.483450654
4450,445.000000,0.705112970,0.092416464,-0.017453443,0.439318339,0.848236046,0.411373884,0.483450826
4451,445.100000,0.705112972,0.092475309,-0.017453438,0.439081028,0.848235854,0.411354856,0.483450998
4452,445.200000,0.705112974,0.092534154,-0.017453433,0.438843718,0.848235662,0.411335828,0.483451170
4453,445.300000,0.705112976,0.092592999,-0.017453428,0.438606407,0.848235470,0.411316799,0.483451342
4454,445.400000,0.705112979,0.092651844,-0.017453424,0.438369096,0.848235278,0.411297771,0.483451514
4455,445.500000,0.705112981,0.092710688,-0.017453419,0.438131786,0.848235086,0.411278743,0.483451686
4456,445.600000,0.705112983,0.092769533,-0.017453414,0.437894475,0.848234894,0.411259715,0.483451858
4457,445.700000,0.705112985,0.092828378,-0.017453409,0.437657165,0.848234702,0.411240687,0.483452030
4458,445.800000,0.705112987,0.092887223,-0.017453405,0.437419854,0.848234510,0.411221659,0.483452202
4459,445.900000,0.705112989,0.092946067,-0.017453400,0.437182543,0.848234318,0.411202631,0.483452374
4460,446.000000,0.705112991,0.093004912,-0.017453395,0.436945233,0.848234125,0.411183603,0.483452546
4461,446.100000,0.705112993,0.093063757,-0.017453390,0.436707922,0.848233933,0.411164575,0.483452718
4462,446.200000,0.705112994,0.093123955,-0.017453388,0.436544452,0.848233821,0.411153697,0.483452818
4463,446.300000,0.705112994,0.093184687,-0.017453386,0.436410142,0.848233741,0.411146037,0.483452890
4464,446.400000,0.705112994,0.093245419,-0.017453384,0.436275832,0.848233661,0.411138378,0.483452962
4465,446.500000,0.705112994,0.093306151,-0.017453381,0.436141522,0.848233581,0.411130718,0.483453034
4466,446.600000,0.705112994,0.093366884,-0.017453379,0.436007212,0.848233501,0.411123058,0.483453106
4467,446.700000,0.705112994,0.093427616,-0.017453377,0.435872902,0.848233420,0.411115399,0.483453177
4468,446.800000,0.705112994,0.093488348,-0.017453375,0.435738592,0.848233340,0.411107739,0.483453249
4469,446.900000,0.705112994,0.093549080,-0.017453373,0.435604282,0.848233260,0.411100080,0.483453321
4470,447.000000,0.705112994,0.093609813,-0.017453371,0.435469972,0.848233180,0.411092420,0.483453393
4471,447.100000,0.705112994,0.093670545,-0.017453369,0.435335662,0.848233100,0.411084761,0.483453465
4472,447.200000,0.705112994,0.093731277,-0.017453367,0.435201352,0.848233019,0.411077101,0.483453536
4473,447.300000,0.705112994,0.093792009,-0.017453365,0.435067042,0.848232939,0.411069441,0.483453608
4474,447.400000,0.705112994,0.093852741,-0.017453363,0.434932732,0.848232859,0.411061782,0.483453680
4475,447.500000,0.705112994,0.093913474,-0.017453361,0.434798422,0.848232779,0.411054122,0.483453752
4476,447.600000,0.705112994,0.093974206,-0.017453359,0.434664111,0.848232698,0.411046463,0.483453823
4477,447.700000,0.705112994,0.094034938,-0.017453357,0.434529801,0.848232618,0.411038803,0.483453895
4478,447.800000,0.705112994,0.094095670,-0.017453355,0.434395491,0.848232538,0.411031143,0.483453967
4479,447.900000,0.705112994,0.094156402,-0.017453353,0.434261181,0.848232458,0.411023484,0.483454039
4480,448.000000,0.705112994,0.094217135,-0.017453351,0.434126871,0.848232378,0.411015824,0.483454111
4481,448.100000,0.705112994,0.094277867,-0.017453349,0.433992561,0.848232297,0.411008165,0.483454182
4482,448.200000,0.705112994,0.094338599,-0.017453347,0.433858251,0.848232217,0.411000505,0.483454254
4483,448.300000,0.705112994,0.094399331,-0.017453345,0.433723941,0.848232137,0.410992845,0.483454326
4484,448.400000,0.705112994,0.094460064,-0.017453343,0.433589631,0.848232057,0.410985186,0.483454398
4485,448.500000,0.705112994,0.094520796,-0.017453341,0.433455321,0.848231977,0.410977526,0.483454470
4486,448.600000,0.705112994,0.094581528,-0.017453339,0.433321011,0.848231896,0.410969867,0.483454541
4487,448.700000,0.705112994,0.094642260,-0.017453337,0.433186701,0.848231816,0.410962207,0.483454613
4488,448.800000,0.705112994,0.094702992,-0.017453335,0.433052391,0.848231736,0.410954547,0.483454685
4489,448.900000,0.705112994,0.094763725,-0.017453333,0.432918081,0.848231656,0.410946888,0.483454757
4490,449.000000,0.705112995,0.094807287,-0.017453332,0.432812973,0.848231598,0.410945386,0.483454808
4491,449.100000,0.705112997,0.094832318,-0.017453331,0.432739383,0.848231564,0.410950530,0.483454838
4492,449.200000,0.705112999,0.094857349,-0.017453330,0.432665793,0.848231530,0.410955675,0.483454867
4493,449.300000,0.705113001,0.094882380,-0.017453329,0.432592203,0.848231496,0.410960819,0.483454897
4494,449.400000,0.705113003,0.094907410,-0.017453328,0.432518614,0.848231463,0.410965964,0.483454926
4495,449.500000,0.705113005,0.094932441,-0.017453328,0.432445024,0.848231429,0.410971108,0.483454956
4496,449.600000,0.705113008,0.094957472,-0.017453327,0.432371434,0.848231395,0.410976252,0.483454985
4497,449.700000,0.705113010,0.094982503,-0.017453326,0.432297845,0.848231361,0.410981397,0.483455015
4498,449.800000,0.705113012,0.095007534,-0.017453325,0.432224255,0.848231327,0.410986541,0.483455044
4499,449.900000,0.705113014,0.095032565,-0.017453324,0.432150665,0.848231294,0.410991686,0.483455074
4500,450.000000,0.705113016,0.095057595,-0.017453323,0.432077075,0.848231260,0.410996830,0.483455104
4501,450.100000,0.705113018,0.095082626,-0.017453323,0.432003486,0.848231226,0.411001974,0.483455133
4502,450.200000,0.705113020,0.095107657,-0.017453322,0.431929896,0.848231192,0.411007119,0.483455163
4503,450.300000,0.705113022,0.095132688,-0.017453321,0.431856306,0.848231159,0.411012263,0.483455192
4504,450.400000,0.705113024,0.095157719,-0.017453320,0.431782717,0.848231125,0.411017408,0.483455222
4505,450.500000,0.705113026,0.095182750,-0.017453319,0.431709127,0.848231091,0.411022552,0.483455251
4506,450.600000,0.705113028,0.095207780,-0.017453319,0.431635537,0.848231057,0.411027696,0.483455281
4507,450.700000,0.705113031,0.095232811,-0.017453318,0.431561947,0.848231023,0.411032841,0.483455310
4508,450.800000,0.705113033,0.095257842,-0.017453317,0.431488358,0.848230990,0.411037985,0.483455340
4509,450.900000,0.705113035,0.095282873,-0.017453316,0.431414768,0.848230956,0.411043130,0.483455369
4510,451.000000,0.705113037,0.095307904,-0.017453315,0.431341178,0.848230922,0.411048274,0.483455399
4511,451.100000,0.705113039,0.095332935,-0.017453315,0.431267589,0.848230888,0.411053418,0.483455428
4512,451.200000,0.705113041,0.095357966,-0.017453314,0.431193999,0.848230854,0.411058563,0.483455458
4513,451.300000,0.705113043,0.095382996,-0.017453313,0.431120409,0.848230821,0.411063707,0.483455488
4514,451.400000,0.705113045,0.095408027,-0.017453312,0.431046819,0.848230787,0.411068852,0.483455517
4515,451.500000,0.705113047,0.095433058,-0.017453311,0.430973230,0.848230753,0.411073996,0.483455547
4516,451.600000,0.705113049,0.095458089,-0.017453310,0.430899640,0.848230719,0.411079140,0.483455576
4517,451.700000,0.705113051,0.095483120,-0.017453310,0.430826050,0.848230686,0.411084285,0.483455606
4518,451.800000,0.705113053,0.095504714,-0.017455077,0.430762664,0.848230656,0.411086682,0.483455631
4519,451.900000,0.705113053,0.095515714,-0.017462293,0.430730726,0.848230642,0.411080611,0.483455644
4520,452.000000,0.705113053,0.095526714,-0.017469508,0.430698788,0.848230627,0.411074540,0.483455656
4521,452.100000,0.705113053,0.095537714,-0.017476724,0.430666851,0.848230612,0.411068469,0.483455669
4522,452.200000,0.705113053,0.095548714,-0.017483940,0.430634913,0.848230597,0.411062397,0.483455682
4523,452.300000,0.705113053,0.095559714,-0.017491156,0.430602976,0.848230583,0.411056326,0.483455695
4524,452.400000,0.705113053,0.095570715,-0.017498372,0.430571038,0.848230568,0.411050255,0.483455707
4525,452.500000,0.705113053,0.095581715,-0.017505588,0.430539100,0.848230553,0.411044184,0.483455720
4526,452.600000,0.705113053,0.095592715,-0.017512804,0.430507163,0.848230538,0.411038113,0.483455733
4527,452.700000,0.705113053,0.095603715,-0.017520020,0.430475225,0.848230523,0.411032042,0.483455745
4528,452.800000,0.705113053,0.095614715,-0.017527236,0.430443288,0.848230509,0.411025971,0.483455758
4529,452.900000,0.705113053,0.095625715,-0.017534452,0.430411350,0.848230494,0.411019900,0.483455771
4530,453.000000,0.705113053,0.095636715,-0.017541668,0.430379412,0.848230479,0.411013829,0.483455783
4531,453.100000,0.705113053,0.095647716,-0.017548884,0.430347475,0.848230464,0.411007758,0.483455796
4532,453.200000,0.705113053,0.095658716,-0.017556100,0.430315537,0.848230450,0.411001687,0.483455809
4533,453.300000,0.705113053,0.095669716,-0.017563316,0.430283600,0.848230435,0.410995616,0.483455821
4534,453.400000,0.705113053,0.095680716,-0.017570532,0.430251662,0.848230420,0.410989544,0.483455834
4535,453.500000,0.705113053,0.095691716,-0.017577748,0.430219724,0.848230405,0.410983473,0.483455847
4536,453.600000,0.705113053,0.095702716,-0.017584963,0.430187787,0.848230391,0.410977402,0.483455859
4537,453.700000,0.705113053,0.095713717,-0.017592179,0.430155849,0.848230376,0.410971331,0.483455872
4538,453.800000,0.705113053,0.095724717,-0.017599395,0.430123912,0.848230361,0.410965260,0.483455885
4539,453.900000,0.705113053,0.095735717,-0.017606611,0.430091974,0.848230346,0.410959189,0.483455897
4540,454.000000,0.705113053,0.095746717,-0.017613827,0.430060036,0.848230331,0.410953118,0.483455910
4541,454.100000,0.705113053,0.095757717,-0.017621043,0.430028099,0.848230317,0.410947047,0.483455923
4542,454.200000,0.705113053,0.095768717,-0.017628259,0.429996161,0.848230302,0.410940976,0.483455935
4543,454.300000,0.705113053,0.095779717,-0.017635475,0.429964224,0.848230287,0.410934905,0.483455948
4544,454.400000,0.705113053,0.095790718,-0.017642691,0.429932286,0.848230272,0.410928834,0.483455961
4545,454.500000,0.705113053,0.095801718,-0.017649907,0.429900348,0.848230258,0.410922763,0.483455973
4546,454.600000,0.705113053,0.095812653,-0.017657020,0.429868542,0.848230243,0.410916445,0.483455986
4547,454.700000,0.705113053,0.095816408,-0.017652786,0.429851153,0.848230237,0.410882978,0.483455991
4548,454.800000,0.705113053,0.095820164,-0.017648553,0.429833764,0.848230230,0.410849511,0.483455997
4549,454.900000,0.705113053,0.095823920,-0.017644319,0.429816375,0.848230224,0.410816044,0.483456002
4550,455.000000,0.705113053,0.095827675,-0.017640086,0.429798986,0.848230218,0.410782577,0.483456007
4551,455.100000,0.705113053,0.095831431,-0.017635852,0.429781597,0.848230211,0.410749110,0.483456012
4552,455.200000,0.705113053,0.095835187,-0.017631619,0.429764208,0.848230205,0.410715643,0.483456018
4553,455.300000,0.705113053,0.095838942,-0.017627385,0.429746819,0.848230199,0.410682176,0.483456023
4554,455.400000,0.705113053,0.095842698,-0.017623152,0.429729430,0.848230192,0.410648709,0.483456028
4555,455.500000,0.705113053,0.095846453,-0.017618918,0.429712041,0.848230186,0.410615242,0.483456034
4556,455.600000,0.705113053,0.095850209,-0.017614685,0.429694652,0.848230180,0.410581776,0.483456039
4557,455.700000,0.705113053,0.095853965,-0.017610451,0.429677264,0.848230173,0.410548309,0.483456044
4558,455.800000,0.705113053,0.095857720,-0.017606218,0.429659875,0.848230167,0.410514842,0.483456049
4559,455.900000,0.705113053,0.095861476,-0.017601984,0.429642486,0.848230161,0.410481375,0.483456055
4560,456.000000,0.705113053,0.095865232,-0.017597751,0.429625097,0.848230154,0.410447908,0.483456060
4561,456.100000,0.705113053,0.095868987,-0.017593517,0.429607708,0.848230148,0.410414441,0.483456065
4562,456.200000,0.705113053,0.095872743,-0.017589284,0.429590319,0.848230142,0.410380974,0.483456070
4563,456.300000,0.705113053,0.095876499,-0.017585050,0.429572930,0.848230135,0.410347507,0.483456076
4564,456.400000,0.705113053,0.095880254,-0.017580817,0.429555541,0.848230129,0.410314040,0.483456081
4565,456.500000,0.705113053,0.095884010,-0.017576583,0.429538152,0.848230122,0.410280573,0.483456086
4566,456.600000,0.705113053,0.095887765,-0.017572350,0.429520763,0.848230116,0.410247106,0.483456092
4567,456.700000,0.705113053,0.095891521,-0.017568116,0.429503374,0.848230110,0.410213639,0.483456097
4568,456.800000,0.705113053,0.095895277,-0.017563883,0.429485985,0.848230103,0.410180172,0.483456102
4569,456.900000,0.705113053,0.095899032,-0.017559649,0.429468597,0.848230097,0.410146705,0.483456107
4570,457.000000,0.705113053,0.095902788,-0.017555416,0.429451208,0.848230091,0.410113238,0.483456113
4571,457.100000,0.705113053,0.095906544,-0.017551182,0.429433819,0.848230084,0.410079771,0.483456118
4572,457.200000,0.705113053,0.095910299,-0.017546949,0.429416430,0.848230078,0.410046304,0.483456123
4573,457.300000,0.705113053,0.095914055,-0.017542715,0.429399041,0.848230072,0.410012837,0.483456129
4574,457.400000,0.705113053,0.095917811,-0.017538482,0.429381652,0.848230065,0.409979370,0.483456134
4575,457.500000,0.705113053,0.095919863,-0.017536164,0.429264538,0.848230062,0.409862864,0.483465679
4576,457.600000,0.705113053,0.095921416,-0.017534408,0.429118143,0.848230060,0.409721975,0.483478026
4577,457.700000,0.705113053,0.095922969,-0.017532653,0.428971748,0.848230058,0.409581086,0.483490373
4578,457.800000,0.705113053,0.095924522,-0.017530897,0.428825353,0.848230056,0.409440197,0.483502720
4579,457.900000,0.705113053,0.095926075,-0.017529142,0.428678957,0.848230054,0.409299308,0.483515067
4580,458.000000,0.705113053,0.095927628,-0.017527386,0.428532562,0.848230052,0.409158419,0.483527414
4581,458.100000,0.705113053,0.095929181,-0.017525631,0.428386167,0.848230050,0.409017531,0.483539761
4582,458.200000,0.705113053,0.095930734,-0.017523875,0.428239771,0.848230047,0.408876642,0.483552108
4583,458.300000,0.705113053,0.095932286,-0.017522120,0.428093376,0.848230045,0.408735753,0.483564455
4584,458.400000,0.705113053,0.095933839,-0.017520364,0.427946981,0.848230043,0.408594864,0.483576802
4585,458.500000,0.705113053,0.095935392,-0.017518609,0.427800586,0.848230041,0.408453975,0.483589149
4586,458.600000,0.705113053,0.095936945,-0.017516853,0.427654190,0.848230039,0.408313086,0.483601495
4587,458.700000,0.705113053,0.095938498,-0.017515098,0.427507795,0.848230037,0.408172197,0.483613842
4588,458.800000,0.705113053,0.095940051,-0.017513342,0.427361400,0.848230035,0.408031308,0.483626189
4589,458.900000,0.705113053,0.095941604,-0.017511587,0.427215005,0.848230033,0.407890420,0.483638536
4590,459.000000,0.705113053,0.095943157,-0.017509831,0.427068609,0.848230030,0.407749531,0.483650883
4591,459.100000,0.705113053,0.095944709,-0.017508076,0.426922214,0.848230028,0.407608642,0.483663230
4592,459.200000,0.705113053,0.095946262,-0.017506320,0.426775819,0.848230026,0.407467753,0.483675577
4593,459.300000,0.705113053,0.095947815,-0.017504564,0.426629424,0.848230024,0.407326864,0.483687924
4594,459.400000,0.705113053,0.095949368,-0.017502809,0.426483028,0.848230022,0.407185975,0.483700271
4595,459.500000,0.705113053,0.095950921,-0.017501053,0.426336633,0.848230020,0.407045086,0.483712618
4596,459.600000,0.705113053,0.095952474,-0.017499298,0.426190238,0.848230018,0.406904197,0.483724965
4597,459.700000,0.705113053,0.095954027,-0.017497542,0.426043843,0.848230016,0.406763309,0.483737311
4598,459.800000,0.705113053,0.095955580,-0.017495787,0.425897447,0.848230013,0.406622420,0.483749658
4599,459.900000,0.705113053,0.095957132,-0.017494031,0.425751052,0.848230011,0.406481531,0.483762005
4600,460.000000,0.705113053,0.095958685,-0.017492276,0.425604657,0.848230009,0.406340642,0.483774352
4601,460.100000,0.705113053,0.095960238,-0.017490520,0.425458262,0.848230007,0.406199753,0.483786699
4602,460.200000,0.705113053,0.095961791,-0.017488765,0.425311866,0.848230005,0.406058864,0.483799046
4603,460.300000,0.705116190,0.095979081,-0.017487563,0.425087694,0.848218029,0.405816567,0.483820459
4604,460.400000,0.705122031,0.096009937,-0.017486839,0.424796476,0.848195731,0.405486854,0.483849686
4605,460.500000,0.705127872,0.096040793,-0.017486114,0.424505258,0.848173433,0.405157141,0.483878913
4606,460.600000,0.705133713,0.096071648,-0.017485390,0.424214040,0.848151135,0.404827428,0.483908140
4607,460.700000,0.705139554,0.096102504,-0.017484665,0.423922822,0.848128837,0.404497714,0.483937367
4608,460.800000,0.705145395,0.096133360,-0.017483941,0.423631604,0.848106539,0.404168001,0.483966594
4609,460.900000,0.705151236,0.096164215,-0.017483216,0.423340387,0.848084241,0.403838288,0.483995821
4610,461.000000,0.705157077,0.096195071,-0.017482492,0.423049169,0.848061943,0.403508575,0.484025048
4611,461.100000,0.705162918,0.096225927,-0.017481767,0.422757951,0.848039645,0.403178862,0.484054275
4612,461.200000,0.705168759,0.096256783,-0.017481043,0.422466733,0.848017347,0.402849149,0.484083503
4613,461.300000,0.705174600,0.096287638,-0.017480319,0.422175515,0.847995049,0.402519436,0.484112730
4614,461.400000,0.705180441,0.096318494,-0.017479594,0.421884297,0.847972751,0.402189723,0.484141957
4615,461.500000,0.705186282,0.096349350,-0.017478870,0.421593080,0.847950454,0.401860010,0.484171184
4616,461.600000,0.705192123,0.096380205,-0.017478145,0.421301862,0.847928156,0.401530297,0.484200411
4617,461.700000,0.705197964,0.096411061,-0.017477421,0.421010644,0.847905858,0.401200584,0.484229638
4618,461.800000,0.705203805,0.096441917,-0.017476696,0.420719426,0.847883560,0.400870871,0.484258865
4619,461.900000,0.705209646,0.096472773,-0.017475972,0.420428208,0.847861262,0.400541158,0.484288092
4620,462.000000,0.705215487,0.096503628,-0.017475248,0.420136990,0.847838964,0.400211445,0.484317320
4621,462.100000,0.705221328,0.096534484,-0.017474523,0.419845773,0.847816666,0.399881731,0.484346547
4622,462.200000,0.705227169,0.096565340,-0.017473799,0.419554555,0.847794368,0.399552018,0.484375774
4623,462.300000,0.705233010,0.096596195,-0.017473074,0.419263337,0.847772070,0.399222305,0.484405001
4624,462.400000,0.705238851,0.096627051,-0.017472350,0.418972119,0.847749772,0.398892592,0.484434228
4625,462.500000,0.705244692,0.096657907,-0.017471625,0.418680901,0.847727474,0.398562879,0.484463455
4626,462.600000,0.705250533,0.096688763,-0.017470901,0.418389683,0.847705176,0.398233166,0.484492682
4627,462.700000,0.705256374,0.096719618,-0.017470177,0.418098465,0.847682878,0.397903453,0.484521909
4628,462.800000,0.705262215,0.096750474,-0.017469452,0.417807248,0.847660580,0.397573740,0.484551136
4629,462.900000,0.705268056,0.096781330,-0.017468728,0.417516030,0.847638282,0.397244027,0.484580364
4630,463.000000,0.705273897,0.096812185,-0.017468003,0.417224812,0.847615984,0.396914314,0.484609591
4631,463.100000,0.705287912,0.096839441,-0.017467408,0.416952277,0.847593386,0.396553259,0.484639904
4632,463.200000,0.705320902,0.096858337,-0.017467112,0.416723110,0.847570089,0.396119451,0.484672737
4633,463.300000,0.705353892,0.096877234,-0.017466815,0.416493944,0.847546793,0.395685643,0.484705571
4634,463.400000,0.705386881,0.096896131,-0.017466519,0.416264777,0.847523497,0.395251835,0.484738405
4635,463.500000,0.705419871,0.096915028,-0.017466223,0.416035610,0.847500200,0.394818027,0.484771238
4636,463.600000,0.705452861,0.096933925,-0.017465927,0.415806444,0.847476904,0.394384219,0.484804072
4637,463.700000,0.705485851,0.096952822,-0.017465630,0.415577277,0.847453608,0.393950411,0.484836906
4638,463.800000,0.705518841,0.096971719,-0.017465334,0.415348111,0.847430311,0.393516603,0.484869740
4639,463.900000,0.705551831,0.096990616,-0.017465038,0.415118944,0.847407015,0.393082794,0.484902573
4640,464.000000,0.705584821,0.097009513,-0.017464742,0.414889778,0.847383718,0.392648986,0.484935407
4641,464.100000,0.705617811,0.097028410,-0.017464445,0.414660611,0.847360422,0.392215178,0.484968241
4642,464.200000,0.705650801,0.097047307,-0.017464149,0.414431444,0.847337126,0.391781370,0.485001074
4643,464.300000,0.705683791,0.097066204,-0.017463853,0.414202278,0.847313829,0.391347562,0.485033908
4644,464.400000,0.705716781,0.097085101,-0.017463557,0.413973111,0.847290533,0.390913754,0.485066742
4645,464.500000,0.705749770,0.097103998,-0.017463260,0.413743945,0.847267236,0.390479946,0.485099575
4646,464.600000,0.705782760,0.097122894,-0.017462964,0.413514778,0.847243940,0.390046137,0.485132409
4647,464.700000,0.705815750,0.097141791,-0.017462668,0.413285612,0.847220644,0.389612329,0.485165243
4648,464.800000,0.705848740,0.097160688,-0.017462371,0.413056445,0.847197347,0.389178521,0.485198076
4649,464.900000,0.705881730,0.097179585,-0.017462075,0.412827279,0.847174051,0.388744713,0.485230910
4650,465.000000,0.705914720,0.097198482,-0.017461779,0.412598112,0.847150755,0.388310905,0.485263744
4651,465.100000,0.705947710,0.097217379,-0.017461483,0.412368945,0.847127458,0.387877097,0.485296577
4652,465.200000,0.705980700,0.097236276,-0.017461186,0.412139779,0.847104162,0.387443289,0.485329411
4653,465.300000,0.706013690,0.097255173,-0.017460890,0.411910612,0.847080865,0.387009481,0.485362245
4654,465.400000,0.706046680,0.097274070,-0.017460594,0.411681446,0.847057569,0.386575672,0.485395079
4655,465.500000,0.706079669,0.097292967,-0.017460298,0.411452279,0.847034273,0.386141864,0.485427912
4656,465.600000,0.706112659,0.097311864,-0.017460001,0.411223113,0.847010976,0.385708056,0.485460746
4657,465.700000,0.706145649,0.097330761,-0.017459705,0.410993946,0.846987680,0.385274248,0.485493580
4658,465.800000,0.706178639,0.097349658,-0.017459409,0.410764779,0.846964383,0.384840440,0.485526413
4659,465.900000,0.706210366,0.097371373,-0.017459124,0.410537876,0.846941979,0.384403781,0.485559007
4660,466.000000,0.706223961,0.097433558,-0.017459002,0.410343471,0.846932385,0.383926196,0.485588152
4661,466.100000,0.706237555,0.097495743,-0.017458880,0.410149065,0.846922791,0.383448611,0.485617296
4662,466.200000,0.706251150,0.097557928,-0.017458757,0.409954660,0.846913196,0.382971026,0.485646441
4663,466.300000,0.706264744,0.097620112,-0.017458635,0.409760254,0.846903602,0.382493441,0.485675586
4664,466.400000,0.706278339,0.097682297,-0.017458513,0.409565848,0.846894008,0.382015856,0.485704731
4665,466.500000,0.706291933,0.097744482,-0.017458391,0.409371443,0.846884414,0.381538272,0.485733876
4666,466.600000,0.706305528,0.097806667,-0.017458269,0.409177037,0.846874819,0.381060687,0.485763020
4667,466.700000,0.706319122,0.097868852,-0.017458147,0.408982632,0.846865225,0.380583102,0.485792165
4668,466.800000,0.706332717,0.097931036,-0.017458024,0.408788226,0.846855631,0.380105517,0.485821310
4669,466.900000,0.706346311,0.097993221,-0.017457902,0.408593821,0.846846036,0.379627932,0.485850455
4670,467.000000,0.706359906,0.098055406,-0.017457780,0.408399415,0.846836442,0.379150347,0.485879600
4671,467.100000,0.706373500,0.098117591,-0.017457658,0.408205009,0.846826848,0.378672762,0.485908744
4672,467.200000,0.706387095,0.098179776,-0.017457536,0.408010604,0.846817254,0.378195177,0.485937889
4673,467.300000,0.706400689,0.098241960,-0.017457413,0.407816198,0.846807659,0.377717592,0.485967034
4674,467.400000,0.706414284,0.098304145,-0.017457291,0.407621793,0.846798065,0.377240007,0.485996179
4675,467.500000,0.706427878,0.098366330,-0.017457169,0.407427387,0.846788471,0.376762422,0.486025324
4676,467.600000,0.706441473,0.098428515,-0.017457047,0.407232981,0.846778876,0.376284837,0.486054469
4677,467.700000,0.706455067,0.098490699,-0.017456925,0.407038576,0.846769282,0.375807252,0.486083613
4678,467.800000,0.706468662,0.098552884,-0.017456803,0.406844170,0.846759688,0.375329667,0.486112758
4679,467.900000,0.706482256,0.098615069,-0.017456680,0.406649765,0.846750094,0.374852082,0.486141903
4680,468.000000,0.706495851,0.098677254,-0.017456558,0.406455359,0.846740499,0.374374497,0.486171048
4681,468.100000,0.706509445,0.098739439,-0.017456436,0.406260954,0.846730905,0.373896912,0.486200193
4682,468.200000,0.706523040,0.098801623,-0.017456314,0.406066548,0.846721311,0.373419327,0.486229337
4683,468.300000,0.706536634,0.098863808,-0.017456192,0.405872142,0.846711716,0.372941742,0.486258482
4684,468.400000,0.706550229,0.098925993,-0.017456069,0.405677737,0.846702122,0.372464157,0.486287627
4685,468.500000,0.706563823,0.098988178,-0.017455947,0.405483331,0.846692528,0.371986572,0.486316772
4686,468.600000,0.706577418,0.099050363,-0.017455825,0.405288926,0.846682934,0.371508987,0.486345917
4687,468.700000,0.706591012,0.099112547,-0.017455703,0.405094520,0.846673339,0.371031402,0.486375061
4688,468.800000,0.706597907,0.099159593,-0.017455641,0.404924319,0.846671563,0.370530007,0.486400003
4689,468.900000,0.706603421,0.099203518,-0.017455591,0.404759106,0.846671399,0.370023704,0.486424078
4690,469.000000,0.706608934,0.099247443,-0.017455542,0.404593892,0.846671234,0.369517402,0.486448154
4691,469.100000,0.706614448,0.099291369,-0.017455492,0.404428679,0.846671070,0.369011100,0.486472229
4692,469.200000,0.706619962,0.099335294,-0.017455442,0.404263466,0.846670905,0.368504797,0.486496304
4693,469.300000,0.706625476,0.099379220,-0.017455393,0.404098253,0.846670740,0.367998495,0.486520380
4694,469.400000,0.706630989,0.099423145,-0.017455343,0.403933039,0.846670576,0.367492193,0.486544455
4695,469.500000,0.706636503,0.099467070,-0.017455293,0.403767826,0.846670411,0.366985891,0.486568530
4696,469.600000,0.706642017,0.099510996,-0.017455244,0.403602613,0.846670246,0.366479588,0.486592606
4697,469.700000,0.706647531,0.099554921,-0.017455194,0.403437399,0.846670082,0.365973286,0.486616681
4698,469.800000,0.706653045,0.099598846,-0.017455144,0.403272186,0.846669917,0.365466984,0.486640757
4699,469.900000,0.706658558,0.099642772,-0.017455095,0.403106973,0.846669752,0.364960681,0.486664832
4700,470.000000,0.706664072,0.099686697,-0.017455045,0.402941759,0.846669588,0.364454379,0.486688907
4701,470.100000,0.706669586,0.099730623,-0.017454995,0.402776546,0.846669423,0.363948077,0.486712983
4702,470.200000,0.706675100,0.099774548,-0.017454946,0.402611333,0.846669258,0.363441774,0.486737058
4703,470.300000,0.706680613,0.099818473,-0.017454896,0.402446119,0.846669094,0.362935472,0.486761133
4704,470.400000,0.706686127,0.099862399,-0.017454846,0.402280906,0.846668929,0.362429170,0.486785209
4705,470.500000,0.706691641,0.099906324,-0.017454797,0.402115693,0.846668764,0.361922868,0.486809284
4706,470.600000,0.706697155,0.099950250,-0.017454747,0.401950479,0.846668600,0.361416565,0.486833359
4707,470.700000,0.706702669,0.099994175,-0.017454697,0.401785266,0.846668435,0.360910263,0.486857435
4708,470.800000,0.706708182,0.100038100,-0.017454648,0.401620053,0.846668271,0.360403961,0.486881510
4709,470.900000,0.706713696,0.100082026,-0.017454598,0.401454840,0.846668106,0.359897658,0.486905585
4710,471.000000,0.706719210,0.100125951,-0.017454548,0.401289626,0.846667941,0.359391356,0.486929661
4711,471.100000,0.706724724,0.100169877,-0.017454499,0.401124413,0.846667777,0.358885054,0.486953736
4712,471.200000,0.706730238,0.100213802,-0.017454449,0.400959200,0.846667612,0.358378752,0.486977812
4713,471.300000,0.706735751,0.100257727,-0.017454400,0.400793986,0.846667447,0.357872449,0.487001887
4714,471.400000,0.706741265,0.100301653,-0.017454350,0.400628773,0.846667283,0.357366147,0.487025962
4715,471.500000,0.706746779,0.100345578,-0.017454300,0.400463560,0.846667118,0.356859845,0.487050038
4716,471.600000,0.706750369,0.100374140,-0.017454268,0.400333396,0.846666573,0.356405979,0.487079986
4717,471.700000,0.706752641,0.100392166,-0.017454247,0.400227270,0.846665766,0.355988077,0.487113961
4718,471.800000,0.706754912,0.100410192,-0.017454227,0.400121144,0.846664960,0.355570175,0.487147937
4719,471.900000,0.706757184,0.100428217,-0.017454206,0.400015018,0.846664154,0.355152273,0.487181913
4720,472.000000,0.706759455,0.100446243,-0.017454186,0.399908893,0.846663347,0.354734371,0.487215888
4721,472.100000,0.706761726,0.100464269,-0.017454165,0.399802767,0.846662541,0.354316468,0.487249864
4722,472.200000,0.706763998,0.100482294,-0.017454145,0.399696641,0.846661734,0.353898566,0.487283840
4723,472.300000,0.706766269,0.100500320,-0.017454124,0.399590515,0.846660928,0.353480664,0.487317815
4724,472.400000,0.706768540,0.100518346,-0.017454103,0.399484389,0.846660122,0.353062762,0.487351791
4725,472.500000,0.706770812,0.100536371,-0.017454083,0.399378264,0.846659315,0.352644860,0.487385767
4726,472.600000,0.706773083,0.100554397,-0.017454062,0.399272138,0.846658509,0.352226958,0.487419742
4727,472.700000,0.706775355,0.100572423,-0.017454042,0.399166012,0.846657702,0.351809056,0.487453718
4728,472.800000,0.706777626,0.100590448,-0.017454021,0.399059886,0.846656896,0.351391153,0.487487694
4729,472.900000,0.706779897,0.100608474,-0.017454001,0.398953761,0.846656090,0.350973251,0.487521669
4730,473.000000,0.706782169,0.100626500,-0.017453980,0.398847635,0.846655283,0.350555349,0.487555645
4731,473.100000,0.706784440,0.100644525,-0.017453960,0.398741509,0.846654477,0.350137447,0.487589621
4732,473.200000,0.706786712,0.100662551,-0.017453939,0.398635383,0.846653671,0.349719545,0.487623596
4733,473.300000,0.706788983,0.100680577,-0.017453919,0.398529258,0.846652864,0.349301643,0.487657572
4734,473.400000,0.706791254,0.100698602,-0.017453898,0.398423132,0.846652058,0.348883741,0.487691548
4735,473.500000,0.706793526,0.100716628,-0.017453878,0.398317006,0.846651251,0.348465838,0.487725523
4736,473.600000,0.706795797,0.100734654,-0.017453857,0.398210880,0.846650445,0.348047936,0.487759499
4737,473.700000,0.706798069,0.100752679,-0.017453836,0.398104754,0.846649639,0.347630034,0.487793475
4738,473.800000,0.706800340,0.100770705,-0.017453816,0.397998629,0.846648832,0.347212132,0.487827450
4739,473.900000,0.706802611,0.100788731,-0.017453795,0.397892503,0.846648026,0.346794230,0.487861426
4740,474.000000,0.706804883,0.100806756,-0.017453775,0.397786377,0.846647219,0.346376328,0.487895402
4741,474.100000,0.706807154,0.100824782,-0.017453754,0.397680251,0.846646413,0.345958426,0.487929377
4742,474.200000,0.706809426,0.100842808,-0.017453734,0.397574126,0.846645607,0.345540523,0.487963353
4743,474.300000,0.706811697,0.100860833,-0.017453713,0.397468000,0.846644800,0.345122621,0.487997329
4744,474.400000,0.706813492,0.100875066,-0.017453697,0.397365659,0.846643100,0.344717717,0.488024162
4745,474.500000,0.706814429,0.100882475,-0.017453689,0.397270131,0.846639790,0.344336202,0.488038143
4746,474.600000,0.706815366,0.100889883,-0.017453680,0.397174602,0.846636480,0.343954688,0.488052124
4747,474.700000,0.706816304,0.100897291,-0.017453672,0.397079073,0.846633170,0.343573173,0.488066105
4748,474.800000,0.706817241,0.100904700,-0.017453663,0.396983544,0.846629860,0.343191658,0.488080085
4749,474.900000,0.706818178,0.100912108,-0.017453655,0.396888015,0.846626550,0.342810144,0.488094066
4750,475.000000,0.706819115,0.100919516,-0.017453646,0.396792487,0.846623240,0.342428629,0.488108047
4751,475.100000,0.706820053,0.100926925,-0.017453638,0.396696958,0.846619930,0.342047114,0.488122028
4752,475.200000,0.706820990,0.100934333,-0.017453630,0.396601429,0.846616620,0.341665600,0.488136009
4753,475.300000,0.706821927,0.100941741,-0.017453621,0.396505900,0.846613310,0.341284085,0.488149989
4754,475.400000,0.706822864,0.100949150,-0.017453613,0.396410371,0.846610000,0.340902570,0.488163970
4755,475.500000,0.706823801,0.100956558,-0.017453604,0.396314843,0.846606690,0.340521055,0.488177951
4756,475.600000,0.706824739,0.100963967,-0.017453596,0.396219314,0.846603380,0.340139541,0.488191932
4757,475.700000,0.706825676,0.100971375,-0.017453587,0.396123785,0.846600070,0.339758026,0.488205913
4758,475.800000,0.706826613,0.100978783,-0.017453579,0.396028256,0.846596760,0.339376511,0.488219894
4759,475.900000,0.706827550,0.100986192,-0.017453571,0.395932728,0.846593450,0.338994997,0.488233874
4760,476.000000,0.706828488,0.100993600,-0.017453562,0.395837199,0.846590140,0.338613482,0.488247855
4761,476.100000,0.706829425,0.101001008,-0.017453554,0.395741670,0.846586830,0.338231967,0.488261836
4762,476.200000,0.706830362,0.101008417,-0.017453545,0.395646141,0.846583520,0.337850453,0.488275817
4763,476.300000,0.706831299,0.101015825,-0.017453537,0.395550612,0.846580210,0.337468938,0.488289798
4764,476.400000,0.706832237,0.101023233,-0.017453528,0.395455084,0.846576900,0.337087423,0.488303778
4765,476.500000,0.706833174,0.101030642,-0.017453520,0.395359555,0.846573590,0.336705909,0.488317759
4766,476.600000,0.706834111,0.101038050,-0.017453512,0.395264026,0.846570280,0.336324394,0.488331740
4767,476.700000,0.706835048,0.101045458,-0.017453503,0.395168497,0.846566971,0.335942879,0.488345721
4768,476.800000,0.706835986,0.101052867,-0.017453495,0.395072968,0.846563661,0.335561364,0.488359702
4769,476.900000,0.706836923,0.101060275,-0.017453486,0.394977440,0.846560351,0.335179850,0.488373683
4770,477.000000,0.706837860,0.101067683,-0.017453478,0.394881911,0.846557041,0.334798335,0.488387663
4771,477.100000,0.706838797,0.101075092,-0.017453469,0.394786382,0.846553731,0.334416820,0.488401644
4772,477.200000,0.706839668,0.101087903,-0.017453462,0.394697338,0.846550655,0.334061590,0.488414633
4773,477.300000,0.706840059,0.101139879,-0.017453458,0.394655294,0.846549279,0.333896876,0.488420433
4774,477.400000,0.706840449,0.101191854,-0.017453455,0.394613250,0.846547902,0.333732162,0.488426233
4775,477.500000,0.706840840,0.101243829,-0.017453451,0.394571206,0.846546526,0.333567448,0.488432033
4776,477.600000,0.706841230,0.101295804,-0.017453448,0.394529163,0.846545150,0.333402734,0.488437833
4777,477.700000,0.706841621,0.101347780,-0.017453444,0.394487119,0.846543773,0.333238020,0.488443632
4778,477.800000,0.706842012,0.101399755,-0.017453441,0.394445075,0.846542397,0.333073306,0.488449432
4779,477.900000,0.706842402,0.101451730,-0.017453437,0.394403031,0.846541021,0.332908592,0.488455232
4780,478.000000,0.706842793,0.101503705,-0.017453434,0.394360988,0.846539644,0.332743878,0.488461032
4781,478.100000,0.706843183,0.101555680,-0.017453430,0.394318944,0.846538268,0.332579164,0.488466832
4782,478.200000,0.706843574,0.101607656,-0.017453427,0.394276900,0.846536892,0.332414450,0.488472632
4783,478.300000,0.706843964,0.101659631,-0.017453423,0.394234856,0.846535516,0.332249736,0.488478431
4784,478.400000,0.706844355,0.101711606,-0.017453420,0.394192813,0.846534139,0.332085022,0.488484231
4785,478.500000,0.706844745,0.101763581,-0.017453416,0.394150769,0.846532763,0.331920308,0.488490031
4786,478.600000,0.706845136,0.101815557,-0.017453412,0.394108725,0.846531387,0.331755594,0.488495831
4787,478.700000,0.706845526,0.101867532,-0.017453409,0.394066681,0.846530010,0.331590879,0.488501631
4788,478.800000,0.706845917,0.101919507,-0.017453405,0.394024638,0.846528634,0.331426165,0.488507431
4789,478.900000,0.706846307,0.101971482,-0.017453402,0.393982594,0.846527258,0.331261451,0.488513230
4790,479.000000,0.706846698,0.102023458,-0.017453398,0.393940550,0.846525881,0.331096737,0.488519030
4791,479.100000,0.706847088,0.102075433,-0.017453395,0.393898506,0.846524505,0.330932023,0.488524830
4792,479.200000,0.706847479,0.102127408,-0.017453391,0.393856463,0.846523129,0.330767309,0.488530630
4793,479.300000,0.706847869,0.102179383,-0.017453388,0.393814419,0.846521752,0.330602595,0.488536430
4794,479.400000,0.706848260,0.102231358,-0.017453384,0.393772375,0.846520376,0.330437881,0.488542230
4795,479.500000,0.706848651,0.102283334,-0.017453381,0.393730331,0.846519000,0.330273167,0.488548029
4796,479.600000,0.706849041,0.102335309,-0.017453377,0.393688288,0.846517623,0.330108453,0.488553829
4797,479.700000,0.706849432,0.102387284,-0.017453374,0.393646244,0.846516247,0.329943739,0.488559629
4798,479.800000,0.706849822,0.102439259,-0.017453370,0.393604200,0.846514871,0.329779025,0.488565429
4799,479.900000,0.706850213,0.102491235,-0.017453367,0.393562156,0.846513494,0.329614311,0.488571229
4800,480.000000,0.706850603,0.102543210,-0.017453363,0.393520113,0.846512118,0.329449597,0.488577029
4801,480.100000,0.706850788,0.102661634,-0.017453362,0.393494551,0.846511459,0.329341021,0.488579794
4802,480.200000,0.706850946,0.102788670,-0.017453360,0.393471126,0.846510893,0.329239721,0.488582167
4803,480.300000,0.706851105,0.102915706,-0.017453359,0.393447701,0.846510328,0.329138421,0.488584540
4804,480.400000,0.706851263,0.103042742,-0.017453357,0.393424276,0.846509762,0.329037121,0.488586913
4805,480.500000,0.706851421,0.103169778,-0.017453356,0.393400851,0.846509196,0.328935821,0.488589285
4806,480.600000,0.706851580,0.103296814,-0.017453354,0.393377425,0.846508631,0.328834520,0.488591658
4807,480.700000,0.706851738,0.103423850,-0.017453353,0.393354000,0.846508065,0.328733220,0.488594031
4808,480.800000,0.706851896,0.103550886,-0.017453352,0.393330575,0.846507499,0.328631920,0.488596403
4809,480.900000,0.706852055,0.103677922,-0.017453350,0.393307150,0.846506933,0.328530620,0.488598776
4810,481.000000,0.706852213,0.103804958,-0.017453349,0.393283725,0.846506368,0.328429320,0.488601149
4811,481.100000,0.706852371,0.103931994,-0.017453347,0.393260299,0.846505802,0.328328020,0.488603521
4812,481.200000,0.706852530,0.104059030,-0.017453346,0.393236874,0.846505236,0.328226720,0.488605894
4813,481.300000,0.706852688,0.104186066,-0.017453344,0.393213449,0.846504670,0.328125420,0.488608267
4814,481.400000,0.706852846,0.104313102,-0.017453343,0.393190024,0.846504105,0.328024120,0.488610639
4815,481.500000,0.706853004,0.104440138,-0.017453341,0.393166599,0.846503539,0.327922819,0.488613012
4816,481.600000,0.706853163,0.104567174,-0.017453340,0.393143174,0.846502973,0.327821519,0.488615385
4817,481.700000,0.706853321,0.104694210,-0.017453338,0.393119748,0.846502407,0.327720219,0.488617757
4818,481.800000,0.706853479,0.104821246,-0.017453337,0.393096323,0.846501842,0.327618919,0.488620130
4819,481.900000,0.706853638,0.104948282,-0.017453336,0.393072898,0.846501276,0.327517619,0.488622503
4820,482.000000,0.706853796,0.105075318,-0.017453334,0.393049473,0.846500710,0.327416319,0.488624875
4821,482.100000,0.706853954,0.105202354,-0.017453333,0.393026048,0.846500145,0.327315019,0.488627248
4822,482.200000,0.706854113,0.105329390,-0.017453331,0.393002622,0.846499579,0.327213719,0.488629621
4823,482.300000,0.706854271,0.105456426,-0.017453330,0.392979197,0.846499013,0.327112418,0.488631993
4824,482.400000,0.706854429,0.105583462,-0.017453328,0.392955772,0.846498447,0.327011118,0.488634366
4825,482.500000,0.706854588,0.105710498,-0.017453327,0.392932347,0.846497882,0.326909818,0.488636739
4826,482.600000,0.706854746,0.105837535,-0.017453325,0.392908922,0.846497316,0.326808518,0.488639112
4827,482.700000,0.706854904,0.105964571,-0.017453324,0.392885496,0.846496750,0.326707218,0.488641484
4828,482.800000,0.706855062,0.106091607,-0.017453323,0.392862071,0.846496184,0.326605918,0.488643857
4829,482.900000,0.706855162,0.106203551,-0.017453322,0.392755146,0.846512827,0.326543953,0.488634038
4830,483.000000,0.706855229,0.106307343,-0.017453321,0.392603121,0.846538764,0.326503234,0.488617634
4831,483.100000,0.706855297,0.106411136,-0.017453320,0.392451096,0.846564701,0.326462515,0.488601229
4832,483.200000,0.706855365,0.106514929,-0.017453320,0.392299071,0.846590639,0.326421796,0.488584825
4833,483.300000,0.706855432,0.106618721,-0.017453319,0.392147045,0.846616576,0.326381077,0.488568421
4834,483.400000,0.706855500,0.106722514,-0.017453319,0.391995020,0.846642513,0.326340357,0.488552017
4835,483.500000,0.706855567,0.106826307,-0.017453318,0.391842995,0.846668450,0.326299638,0.488535613
4836,483.600000,0.706855635,0.106930099,-0.017453317,0.391690970,0.846694387,0.326258919,0.488519209
4837,483.700000,0.706855702,0.107033892,-0.017453317,0.391538945,0.846720325,0.326218200,0.488502805
4838,483.800000,0.706855770,0.107137684,-0.017453316,0.391386920,0.846746262,0.326177481,0.488486400
4839,483.900000,0.706855838,0.107241477,-0.017453316,0.391234895,0.846772199,0.326136762,0.488469996
4840,484.000000,0.706855905,0.107345270,-0.017453315,0.391082870,0.846798136,0.326096043,0.488453592
4841,484.100000,0.706855973,0.107449062,-0.017453314,0.390930844,0.846824073,0.326055324,0.488437188
4842,484.200000,0.706856040,0.107552855,-0.017453314,0.390778819,0.846850011,0.326014604,0.488420784
4843,484.300000,0.706856108,0.107656648,-0.017453313,0.390626794,0.846875948,0.325973885,0.488404380
4844,484.400000,0.706856175,0.107760440,-0.017453313,0.390474769,0.846901885,0.325933166,0.488387976
4845,484.500000,0.706856243,0.107864233,-0.017453312,0.390322744,0.846927822,0.325892447,0.488371571
4846,484.600000,0.706856311,0.107968026,-0.017453311,0.390170719,0.846953759,0.325851728,0.488355167
4847,484.700000,0.706856378,0.108071818,-0.017453311,0.390018694,0.846979697,0.325811009,0.488338763
4848,484.800000,0.706856446,0.108175611,-0.017453310,0.389866668,0.847005634,0.325770290,0.488322359
4849,484.900000,0.706856513,0.108279404,-0.017453310,0.389714643,0.847031571,0.325729571,0.488305955
4850,485.000000,0.706856581,0.108383196,-0.017453309,0.389562618,0.847057508,0.325688851,0.488289551
4851,485.100000,0.706856648,0.108486989,-0.017453308,0.389410593,0.847083445,0.325648132,0.488273147
4852,485.200000,0.706856716,0.108590782,-0.017453308,0.389258568,0.847109383,0.325607413,0.488256742
4853,485.300000,0.706856784,0.108694574,-0.017453307,0.389106543,0.847135320,0.325566694,0.488240338
4854,485.400000,0.706856851,0.108798367,-0.017453307,0.388954518,0.847161257,0.325525975,0.488223934
4855,485.500000,0.706856919,0.108902159,-0.017453306,0.388802492,0.847187194,0.325485256,0.488207530
4856,485.600000,0.706856986,0.109005952,-0.017453305,0.388650467,0.847213131,0.325444537,0.488191126
4857,485.700000,0.706857037,0.109125782,-0.017453305,0.388521637,0.847236937,0.325413832,0.488170918
4858,485.800000,0.706857065,0.109268376,-0.017453305,0.388425730,0.847257717,0.325397343,0.488145312
4859,485.900000,0.706857092,0.109410970,-0.017453304,0.388329822,0.847278497,0.325380853,0.488119707
4860,486.000000,0.706857120,0.109553564,-0.017453304,0.388233914,0.847299278,0.325364363,0.488094101
4861,486.100000,0.706857147,0.109696157,-0.017453304,0.388138006,0.847320058,0.325347874,0.488068495
4862,486.200000,0.706857174,0.109838751,-0.017453304,0.388042099,0.847340838,0.325331384,0.488042889
4863,486.300000,0.706857202,0.109981345,-0.017453303,0.387946191,0.847361618,0.325314894,0.488017283
4864,486.400000,0.706857229,0.110123938,-0.017453303,0.387850283,0.847382398,0.325298405,0.487991678
4865,486.500000,0.706857257,0.110266532,-0.017453303,0.387754375,0.847403178,0.325281915,0.487966072
4866,486.600000,0.706857284,0.110409126,-0.017453303,0.387658468,0.847423959,0.325265425,0.487940466
4867,486.700000,0.706857311,0.110551719,-0.017453302,0.387562560,0.847444739,0.325248936,0.487914860
4868,486.800000,0.706857339,0.110694313,-0.017453302,0.387466652,0.847465519,0.325232446,0.487889254
4869,486.900000,0.706857366,0.110836907,-0.017453302,0.387370744,0.847486299,0.325215956,0.487863649
4870,487.000000,0.706857394,0.110979500,-0.017453302,0.387274837,0.847507079,0.325199466,0.487838043
4871,487.100000,0.706857421,0.111122094,-0.017453301,0.387178929,0.847527859,0.325182977,0.487812437
4872,487.200000,0.706857449,0.111264688,-0.017453301,0.387083021,0.847548640,0.325166487,0.487786831
4873,487.300000,0.706857476,0.111407282,-0.017453301,0.386987113,0.847569420,0.325149997,0.487761225
4874,487.400000,0.706857503,0.111549875,-0.017453301,0.386891206,0.847590200,0.325133508,0.487735619
4875,487.500000,0.706857531,0.111692469,-0.017453300,0.386795298,0.847610980,0.325117018,0.487710014
4876,487.600000,0.706857558,0.111835063,-0.017453300,0.386699390,0.847631760,0.325100528,0.487684408
4877,487.700000,0.706857586,0.111977656,-0.017453300,0.386603482,0.847652540,0.325084039,0.487658802
4878,487.800000,0.706857613,0.112120250,-0.017453300,0.386507575,0.847673320,0.325067549,0.487633196
4879,487.900000,0.706857640,0.112262844,-0.017453299,0.386411667,0.847694101,0.325051059,0.487607590
4880,488.000000,0.706857668,0.112405437,-0.017453299,0.386315759,0.847714881,0.325034570,0.487581985
4881,488.100000,0.706857695,0.112548031,-0.017453299,0.386219852,0.847735661,0.325018080,0.487556379
4882,488.200000,0.706857723,0.112690625,-0.017453299,0.386123944,0.847756441,0.325001590,0.487530773
4883,488.300000,0.706857750,0.112833218,-0.017453298,0.386028036,0.847777221,0.324985101,0.487505167
4884,488.400000,0.706857777,0.112975812,-0.017453298,0.385932128,0.847798001,0.324968611,0.487479561
4885,488.500000,0.706857802,0.113112044,-0.017453298,0.385846279,0.847816621,0.324953852,0.487456617
4886,488.600000,0.706857812,0.113218772,-0.017453298,0.385807082,0.847825219,0.324947118,0.487446016
4887,488.700000,0.706857823,0.113325499,-0.017453298,0.385767885,0.847833817,0.324940384,0.487435414
4888,488.800000,0.706857834,0.113432226,-0.017453298,0.385728687,0.847842415,0.324933650,0.487424813
4889,488.900000,0.706857844,0.113538953,-0.017453297,0.385689490,0.847851013,0.324926916,0.487414212
4890,489.000000,0.706857855,0.113645680,-0.017453297,0.385650293,0.847859610,0.324920182,0.487403611
4891,489.100000,0.706857865,0.113752407,-0.017453297,0.385611096,0.847868208,0.324913448,0.487393010
4892,489.200000,0.706857876,0.113859134,-0.017453297,0.385571899,0.847876806,0.324906714,0.487382409
4893,489.300000,0.706857887,0.113965861,-0.017453297,0.385532702,0.847885404,0.324899980,0.487371807
4894,489.400000,0.706857897,0.114072589,-0.017453297,0.385493505,0.847894002,0.324893246,0.487361206
4895,489.500000,0.706857908,0.114179316,-0.017453297,0.385454308,0.847902600,0.324886512,0.487350605
4896,489.600000,0.706857918,0.114286043,-0.017453296,0.385415110,0.847911198,0.324879778,0.487340004
4897,489.700000,0.706857929,0.114392770,-0.017453296,0.385375913,0.847919796,0.324873045,0.487329403
4898,489.800000,0.706857940,0.114499497,-0.017453296,0.385336716,0.847928394,0.324866311,0.487318802
4899,489.900000,0.706857950,0.114606224,-0.017453296,0.385297519,0.847936992,0.324859577,0.487308201
4900,490.000000,0.706857961,0.114712951,-0.017453296,0.385258322,0.847945589,0.324852843,0.487297599
4901,490.100000,0.706857971,0.114819679,-0.017453296,0.385219125,0.847954187,0.324846109,0.487286998
4902,490.200000,0.706857982,0.114926406,-0.017453296,0.385179928,0.847962785,0.324839375,0.487276397
4903,490.300000,0.706857992,0.115033133,-0.017453295,0.385140731,0.847971383,0.324832641,0.487265796
4904,490.400000,0.706858003,0.115139860,-0.017453295,0.385101533,0.847979981,0.324825907,0.487255195
4905,490.500000,0.706858014,0.115246587,-0.017453295,0.385062336,0.847988579,0.324819173,0.487244594
4906,490.600000,0.706858024,0.115353314,-0.017453295,0.385023139,0.847997177,0.324812439,0.487233992
4907,490.700000,0.706858035,0.115460041,-0.017453295,0.384983942,0.848005775,0.324805705,0.487223391
4908,490.800000,0.706858045,0.115566768,-0.017453295,0.384944745,0.848014373,0.324798971,0.487212790
4909,490.900000,0.706858056,0.115673496,-0.017453295,0.384905548,0.848022971,0.324792237,0.487202189
4910,491.000000,0.706858067,0.115780223,-0.017453294,0.384866351,0.848031568,0.324785503,0.487191588
4911,491.100000,0.706858077,0.115886950,-0.017453294,0.384827153,0.848040166,0.324778770,0.487180987
4912,491.200000,0.706858088,0.115993677,-0.017453294,0.384787956,0.848048764,0.324772036,0.487170385
4913,491.300000,0.706858098,0.116100404,-0.017453294,0.384748759,0.848057362,0.324765302,0.487159784
4914,491.400000,0.706858105,0.116188830,-0.017453294,0.384738376,0.848061224,0.324762294,0.487155022
4915,491.500000,0.706858111,0.116276117,-0.017453294,0.384729787,0.848064792,0.324759518,0.487150622
4916,491.600000,0.706858118,0.116363404,-0.017453294,0.384721197,0.848068359,0.324756742,0.487146223
4917,491.700000,0.706858124,0.116450691,-0.017453294,0.384712608,0.848071927,0.324753966,0.487141824
4918,491.800000,0.706858130,0.116537978,-0.017453294,0.384704018,0.848075494,0.324751190,0.487137425
4919,491.900000,0.706858136,0.116625265,-0.017453294,0.384695429,0.848079062,0.324748414,0.487133026
4920,492.000000,0.706858143,0.116712552,-0.017453294,0.384686839,0.848082629,0.324745638,0.487128626
4921,492.100000,0.706858149,0.116799839,-0.017453294,0.384678250,0.848086197,0.324742863,0.487124227
4922,492.200000,0.706858155,0.116887125,-0.017453294,0.384669660,0.848089764,0.324740087,0.487119828
4923,492.300000,0.706858162,0.116974412,-0.017453294,0.384661071,0.848093332,0.324737311,0.487115429
4924,492.400000,0.706858168,0.117061699,-0.017453294,0.384652482,0.848096899,0.324734535,0.487111029
4925,492.500000,0.706858174,0.117148986,-0.017453294,0.384643892,0.848100467,0.324731759,0.487106630
4926,492.600000,0.706858181,0.117236273,-0.017453294,0.384635303,0.848104035,0.324728983,0.487102231
4927,492.700000,0.706858187,0.117323560,-0.017453294,0.384626713,0.848107602,0.324726207,0.487097832
4928,492.800000,0.706858193,0.117410847,-0.017453294,0.384618124,0.848111170,0.324723431,0.487093433
4929,492.900000,0.706858199,0.117498134,-0.017453294,0.384609534,0.848114737,0.324720655,0.487089033
4930,493.000000,0.706858206,0.117585421,-0.017453294,0.384600945,0.848118305,0.324717880,0.487084634
4931,493.100000,0.706858212,0.117672708,-0.017453294,0.384592356,0.848121872,0.324715104,0.487080235
4932,493.200000,0.706858218,0.117759994,-0.017453294,0.384583766,0.848125440,0.324712328,0.487075836
4933,493.300000,0.706858225,0.117847281,-0.017453294,0.384575177,0.848129007,0.324709552,0.487071437
4934,493.400000,0.706858231,0.117934568,-0.017453294,0.384566587,0.848132575,0.324706776,0.487067037
4935,493.500000,0.706858237,0.118021855,-0.017453294,0.384557998,0.848136142,0.324704000,0.487062638
4936,493.600000,0.706858244,0.118109142,-0.017453294,0.384549408,0.848139710,0.324701224,0.487058239
4937,493.700000,0.706858250,0.118196429,-0.017453294,0.384540819,0.848143277,0.324698448,0.487053840
4938,493.800000,0.706858256,0.118283716,-0.017453294,0.384532230,0.848146845,0.324695672,0.487049441
4939,493.900000,0.706858263,0.118371003,-0.017453294,0.384523640,0.848150412,0.324692896,0.487045041
4940,494.000000,0.706858269,0.118458290,-0.017453294,0.384515051,0.848153980,0.324690121,0.487040642
4941,494.100000,0.706858275,0.118545576,-0.017453294,0.384506461,0.848157547,0.324687345,0.487036243
4942,494.200000,0.706858278,0.118639848,-0.017453294,0.384477073,0.848134437,0.324685659,0.487033564
4943,494.300000,0.706858281,0.118737037,-0.017453294,0.384438998,0.848100187,0.324684428,0.487031604
4944,494.400000,0.706858283,0.118834225,-0.017453294,0.384400924,0.848065937,0.324683198,0.487029644
4945,494.500000,0.706858285,0.118931414,-0.017453294,0.384362850,0.848031687,0.324681967,0.487027684
4946,494.600000,0.706858287,0.119028602,-0.017453294,0.384324776,0.847997437,0.324680736,0.487025724
4947,494.700000,0.706858289,0.119125791,-0.017453294,0.384286702,0.847963187,0.324679506,0.487023764
4948,494.800000,0.706858291,0.119222980,-0.017453294,0.384248628,0.847928936,0.324678275,0.487021804
4949,494.900000,0.706858293,0.119320168,-0.017453293,0.384210554,0.847894686,0.324677044,0.487019844
4950,495.000000,0.706858295,0.119417357,-0.017453293,0.384172480,0.847860436,0.324675814,0.487017884
4951,495.100000,0.706858298,0.119514545,-0.017453293,0.384134406,0.847826186,0.324674583,0.487015924
4952,495.200000,0.706858300,0.119611734,-0.017453293,0.384096332,0.847791936,0.324673352,0.487013964
4953,495.300000,0.706858302,0.119708922,-0.017453293,0.384058258,0.847757686,0.324672122,0.487012004
4954,495.400000,0.706858304,0.119806111,-0.017453293,0.384020183,0.847723436,0.324670891,0.487010044
4955,495.500000,0.706858306,0.119903299,-0.017453293,0.383982109,0.847689186,0.324669660,0.487008084
4956,495.600000,0.706858308,0.120000488,-0.017453293,0.383944035,0.847654936,0.324668430,0.487006124
4957,495.700000,0.706858310,0.120097677,-0.017453293,0.383905961,0.847620686,0.324667199,0.487004164
4958,495.800000,0.706858312,0.120194865,-0.017453293,0.383867887,0.847586435,0.324665968,0.487002204
4959,495.900000,0.706858315,0.120292054,-0.017453293,0.383829813,0.847552185,0.324664738,0.487000244
4960,496.000000,0.706858317,0.120389242,-0.017453293,0.383791739,0.847517935,0.324663507,0.486998284
4961,496.100000,0.706858319,0.120486431,-0.017453293,0.383753665,0.847483685,0.324662276,0.486996324
4962,496.200000,0.706858321,0.120583619,-0.017453293,0.383715591,0.847449435,0.324661046,0.486994364
4963,496.300000,0.706858323,0.120680808,-0.017453292,0.383677517,0.847415185,0.324659815,0.486992404
4964,496.400000,0.706858325,0.120777996,-0.017453292,0.383639442,0.847380935,0.324658584,0.486990444
4965,496.500000,0.706858327,0.120875185,-0.017453292,0.383601368,0.847346685,0.324657354,0.486988484
4966,496.600000,0.706858329,0.120972373,-0.017453292,0.383563294,0.847312435,0.324656123,0.486986524
4967,496.700000,0.706858332,0.121069562,-0.017453292,0.383525220,0.847278184,0.324654892,0.486984564
4968,496.800000,0.706858334,0.121166751,-0.017453292,0.383487146,0.847243934,0.324653662,0.486982604
4969,496.900000,0.706858336,0.121263939,-0.017453292,0.383449072,0.847209684,0.324652431,0.486980644
4970,497.000000,0.706858337,0.121370475,-0.017453292,0.383403100,0.847184641,0.324651578,0.486979286
4971,497.100000,0.706858337,0.121487574,-0.017453292,0.383348201,0.847170004,0.324651153,0.486978608
4972,497.200000,0.706858337,0.121604673,-0.017453292,0.383293303,0.847155367,0.324650728,0.486977931
4973,497.300000,0.706858337,0.121721772,-0.017453292,0.383238405,0.847140729,0.324650302,0.486977253
4974,497.400000,0.706858337,0.121838871,-0.017453292,0.383183506,0.847126092,0.324649877,0.486976575
4975,497.500000,0.706858337,0.121955970,-0.017453292,0.383128608,0.847111455,0.324649451,0.486975898
4976,497.600000,0.706858337,0.122073069,-0.017453292,0.383073709,0.847096817,0.324649026,0.486975220
4977,497.700000,0.706858337,0.122190168,-0.017453292,0.383018811,0.847082180,0.324648601,0.486974543
4978,497.800000,0.706858337,0.122307267,-0.017453292,0.382963913,0.847067543,0.324648175,0.486973865
4979,497.900000,0.706858337,0.122424366,-0.017453292,0.382909014,0.847052906,0.324647750,0.486973187
4980,498.000000,0.706858337,0.122541465,-0.017453292,0.382854116,0.847038268,0.324647325,0.486972510
4981,498.100000,0.706858337,0.122658563,-0.017453292,0.382799217,0.847023631,0.324646899,0.486971832
4982,498.200000,0.706858337,0.122775662,-0.017453292,0.382744319,0.847008994,0.324646474,0.486971155
4983,498.300000,0.706858337,0.122892761,-0.017453292,0.382689421,0.846994356,0.324646048,0.486970477
4984,498.400000,0.706858337,0.123009860,-0.017453292,0.382634522,0.846979719,0.324645623,0.486969799
4985,498.500000,0.706858337,0.123126959,-0.017453292,0.382579624,0.846965082,0.324645198,0.486969122
4986,498.600000,0.706858337,0.123244058,-0.017453292,0.382524726,0.846950444,0.324644772,0.486968444
4987,498.700000,0.706858337,0.123361157,-0.017453292,0.382469827,0.846935807,0.324644347,0.486967767
4988,498.800000,0.706858337,0.123478256,-0.017453292,0.382414929,0.846921170,0.324643921,0.486967089
4989,498.900000,0.706858337,0.123595355,-0.017453292,0.382360030,0.846906532,0.324643496,0.486966411
4990,499.000000,0.706858337,0.123712454,-0.017453292,0.382305132,0.846891895,0.324643071,0.486965734
4991,499.100000,0.706858337,0.123829553,-0.017453292,0.382250234,0.846877258,0.324642645,0.486965056
4992,499.200000,0.706858337,0.123946652,-0.017453292,0.382195335,0.846862620,0.324642220,0.486964378
4993,499.300000,0.706858337,0.124063751,-0.017453292,0.382140437,0.846847983,0.324641795,0.486963701
4994,499.400000,0.706858337,0.124180850,-0.017453292,0.382085538,0.846833346,0.324641369,0.486963023
4995,499.500000,0.706858337,0.124297949,-0.017453292,0.382030640,0.846818708,0.324640944,0.486962346
4996,499.600000,0.706858337,0.124415048,-0.017453292,0.381975742,0.846804071,0.324640518,0.486961668
4997,499.700000,0.706858337,0.124532147,-0.017453292,0.381920843,0.846789434,0.324640093,0.486960990
4998,499.800000,0.706858337,0.124643356,-0.017453292,0.381861948,0.846776791,0.324641233,0.486954289
4999,499.900000,0.706858337,0.124735228,-0.017453292,0.381789934,0.846770694,0.324647511,0.486927811
5000,500.000000,0.706858337,0.124827101,-0.017453292,0.381717919,0.846764598,0.324653789,0.486901334
5001,500.100000,0.706858337,0.124918973,-0.017453292,0.381645904,0.846758501,0.324660067,0.486874856
5002,500.200000,0.706858337,0.125010846,-0.017453292,0.381573889,0.846752405,0.324666345,0.486848378
5003,500.300000,0.706858337,0.125102718,-0.017453292,0.381501874,0.846746309,0.324672623,0.486821901
5004,500.400000,0.706858337,0.125194590,-0.017453292,0.381429859,0.846740212,0.324678901,0.486795423
5005,500.500000,0.706858337,0.125286463,-0.017453292,0.381357844,0.846734116,0.324685179,0.486768946
5006,500.600000,0.706858337,0.125378335,-0.017453292,0.381285829,0.846728019,0.324691457,0.486742468
5007,500.700000,0.706858337,0.125470207,-0.017453292,0.381213814,0.846721923,0.324697735,0.486715990
5008,500.800000,0.706858337,0.125562080,-0.017453292,0.381141799,0.846715826,0.324704013,0.486689513
5009,500.900000,0.706858337,0.125653952,-0.017453292,0.381069784,0.846709730,0.324710291,0.486663035
5010,501.000000,0.706858337,0.125745825,-0.017453292,0.380997769,0.846703634,0.324716569,0.486636558
5011,501.100000,0.706858337,0.125837697,-0.017453292,0.380925754,0.846697537,0.324722847,0.486610080
5012,501.200000,0.706858337,0.125929569,-0.017453292,0.380853739,0.846691441,0.324729125,0.486583602
5013,501.300000,0.706858337,0.126021442,-0.017453292,0.380781724,0.846685344,0.324735403,0.486557125
5014,501.400000,0.706858337,0.126113314,-0.017453292,0.380709709,0.846679248,0.324741681,0.486530647
5015,501.500000,0.706858337,0.126205187,-0.017453292,0.380637694,0.846673152,0.324747959,0.486504169
5016,501.600000,0.706858337,0.126297059,-0.017453292,0.380565679,0.846667055,0.324754237,0.486477692
5017,501.700000,0.706858337,0.126388931,-0.017453292,0.380493664,0.846660959,0.324760515,0.486451214
5018,501.800000,0.706858337,0.126480804,-0.017453292,0.380421649,0.846654862,0.324766793,0.486424737
5019,501.900000,0.706858337,0.126572676,-0.017453292,0.380349634,0.846648766,0.324773071,0.486398259
5020,502.000000,0.706858337,0.126664549,-0.017453292,0.380277619,0.846642670,0.324779349,0.486371781
5021,502.100000,0.706858337,0.126756421,-0.017453292,0.380205605,0.846636573,0.324785626,0.486345304
5022,502.200000,0.706858337,0.126848293,-0.017453292,0.380133590,0.846630477,0.324791904,0.486318826
5023,502.300000,0.706858337,0.126940166,-0.017453292,0.380061575,0.846624380,0.324798182,0.486292349
5024,502.400000,0.706858337,0.127032038,-0.017453292,0.379989560,0.846618284,0.324804460,0.486265871
5025,502.500000,0.706858337,0.127123911,-0.017453292,0.379917545,0.846612188,0.324810738,0.486239393
5026,502.600000,0.706858337,0.127215783,-0.017453292,0.379845530,0.846606091,0.324817016,0.486212916
5027,502.700000,0.706858337,0.127345008,-0.017453292,0.379642271,0.846603566,0.324809787,0.486191930
5028,502.800000,0.706858337,0.127474325,-0.017453292,0.379438686,0.846601050,0.324802525,0.486170957
5029,502.900000,0.706858337,0.127603643,-0.017453292,0.379235101,0.846598533,0.324795262,0.486149985
5030,503.000000,0.706858337,0.127732961,-0.017453292,0.379031516,0.846596017,0.324787999,0.486129013
5031,503.100000,0.706858337,0.127862279,-0.017453292,0.378827931,0.846593501,0.324780736,0.486108041
5032,503.200000,0.706858337,0.127991596,-0.017453292,0.378624346,0.846590985,0.324773474,0.486087068
5033,503.300000,0.706858337,0.128120914,-0.017453292,0.378420761,0.846588468,0.324766211,0.486066096
5034,503.400000,0.706858337,0.128250232,-0.017453292,0.378217176,0.846585952,0.324758948,0.486045124
5035,503.500000,0.706858337,0.128379549,-0.017453292,0.378013591,0.846583436,0.324751686,0.486024151
5036,503.600000,0.706858337,0.128508867,-0.017453292,0.377810006,0.846580920,0.324744423,0.486003179
5037,503.700000,0.706858337,0.128638185,-0.017453292,0.377606421,0.846578403,0.324737160,0.485982207
5038,503.800000,0.706858337,0.128767503,-0.017453292,0.377402836,0.846575887,0.324729897,0.485961235
5039,503.900000,0.706858337,0.128896820,-0.017453292,0.377199251,0.846573371,0.324722635,0.485940262
5040,504.000000,0.706858337,0.129026138,-0.017453292,0.376995666,0.846570855,0.324715372,0.485919290
5041,504.100000,0.706858337,0.129155456,-0.017453292,0.376792081,0.846568338,0.324708109,0.485898318
5042,504.200000,0.706858337,0.129284773,-0.017453292,0.376588496,0.846565822,0.324700846,0.485877345
5043,504.300000,0.706858337,0.129414091,-0.017453292,0.376384911,0.846563306,0.324693584,0.485856373
5044,504.400000,0.706858337,0.129543409,-0.017453292,0.376181326,0.846560790,0.324686321,0.485835401
5045,504.500000,0.706858337,0.129672727,-0.017453292,0.375977741,0.846558273,0.324679058,0.485814429
5046,504.600000,0.706858337,0.129802044,-0.017453292,0.375774155,0.846555757,0.324671796,0.485793456
5047,504.700000,0.706858337,0.129931362,-0.017453292,0.375570570,0.846553241,0.324664533,0.485772484
5048,504.800000,0.706858337,0.130060680,-0.017453292,0.375366985,0.846550725,0.324657270,0.485751512
5049,504.900000,0.706858337,0.130189997,-0.017453292,0.375163400,0.846548208,0.324650007,0.485730539
5050,505.000000,0.706858337,0.130319315,-0.017453292,0.374959815,0.846545692,0.324642745,0.485709567
5051,505.100000,0.706858337,0.130448633,-0.017453292,0.374756230,0.846543176,0.324635482,0.485688595
5052,505.200000,0.706858337,0.130577951,-0.017453292,0.374552645,0.846540660,0.324628219,0.485667622
5053,505.300000,0.706858337,0.130707268,-0.017453292,0.374349060,0.846538143,0.324620957,0.485646650
5054,505.400000,0.706858337,0.130836586,-0.017453292,0.374145475,0.846535627,0.324613694,0.485625678
5055,505.500000,0.706858337,0.130923589,-0.017453292,0.373973043,0.846495557,0.324579729,0.485598795
5056,505.600000,0.706858337,0.130997342,-0.017453292,0.373810365,0.846443730,0.324537403,0.485570062
5057,505.700000,0.706858337,0.131071095,-0.017453292,0.373647687,0.846391902,0.324495078,0.485541329
5058,505.800000,0.706858337,0.131144849,-0.017453292,0.373485009,0.846340074,0.324452752,0.485512596
5059,505.900000,0.706858337,0.131218602,-0.017453292,0.373322331,0.846288246,0.324410427,0.485483863
5060,506.000000,0.706858337,0.131292355,-0.017453292,0.373159653,0.846236418,0.324368101,0.485455130
5061,506.100000,0.706858337,0.131366109,-0.017453292,0.372996975,0.846184590,0.324325776,0.485426396
5062,506.200000,0.706858337,0.131439862,-0.017453292,0.372834297,0.846132762,0.324283450,0.485397663
5063,506.300000,0.706858337,0.131513615,-0.017453292,0.372671618,0.846080934,0.324241125,0.485368930
5064,506.400000,0.706858337,0.131587369,-0.017453292,0.372508940,0.846029106,0.324198799,0.485340197
5065,506.500000,0.706858337,0.131661122,-0.017453292,0.372346262,0.845977278,0.324156474,0.485311464
5066,506.600000,0.706858337,0.131734875,-0.017453292,0.372183584,0.845925450,0.324114148,0.485282731
5067,506.700000,0.706858337,0.131808629,-0.017453292,0.372020906,0.845873622,0.324071822,0.485253998
5068,506.800000,0.706858337,0.131882382,-0.017453292,0.371858228,0.845821794,0.324029497,0.485225265
5069,506.900000,0.706858337,0.131956136,-0.017453292,0.371695550,0.845769966,0.323987171,0.485196531
5070,507.000000,0.706858337,0.132029889,-0.017453292,0.371532872,0.845718138,0.323944846,0.485167798
5071,507.100000,0.706858337,0.132103642,-0.017453292,0.371370194,0.845666310,0.323902520,0.485139065
5072,507.200000,0.706858337,0.132177396,-0.017453292,0.371207516,0.845614482,0.323860195,0.485110332
5073,507.300000,0.706858337,0.132251149,-0.017453292,0.371044838,0.845562654,0.323817869,0.485081599
5074,507.400000,0.706858337,0.132324902,-0.017453292,0.370882160,0.845510826,0.323775544,0.485052866
5075,507.500000,0.706858337,0.132398656,-0.017453292,0.370719482,0.845458998,0.323733218,0.485024133
5076,507.600000,0.706858337,0.132472409,-0.017453292,0.370556804,0.845407170,0.323690892,0.484995399
5077,507.700000,0.706858337,0.132546162,-0.017453292,0.370394126,0.845355342,0.323648567,0.484966666
5078,507.800000,0.706858337,0.132619916,-0.017453292,0.370231448,0.845303514,0.323606241,0.484937933
5079,507.900000,0.706858337,0.132693669,-0.017453292,0.370068770,0.845251686,0.323563916,0.484909200
5080,508.000000,0.706858337,0.132767422,-0.017453292,0.369906092,0.845199858,0.323521590,0.484880467
5081,508.100000,0.706858337,0.132841176,-0.017453292,0.369743414,0.845148030,0.323479265,0.484851734
5082,508.200000,0.706858337,0.132914929,-0.017453292,0.369580736,0.845096202,0.323436939,0.484823001
5083,508.300000,0.706861379,0.132965732,-0.017453292,0.369458825,0.845048889,0.323326612,0.484803715
5084,508.400000,0.706867167,0.132995819,-0.017453292,0.369373712,0.845005650,0.323154902,0.484792956
5085,508.500000,0.706872956,0.133025906,-0.017453292,0.369288600,0.844962412,0.322983192,0.484782198
5086,508.600000,0.706878744,0.133055992,-0.017453292,0.369203488,0.844919173,0.322811483,0.484771439
5087,508.700000,0.706884532,0.133086079,-0.017453292,0.369118375,0.844875935,0.322639773,0.484760681
5088,508.800000,0.706890320,0.133116166,-0.017453292,0.369033263,0.844832696,0.322468063,0.484749922
5089,508.900000,0.706896108,0.133146253,-0.017453292,0.368948151,0.844789457,0.322296353,0.484739164
5090,509.000000,0.706901897,0.133176340,-0.017453292,0.368863038,0.844746219,0.322124644,0.484728405
5091,509.100000,0.706907685,0.133206426,-0.017453292,0.368777926,0.844702980,0.321952934,0.484717647
5092,509.200000,0.706913473,0.133236513,-0.017453292,0.368692813,0.844659742,0.321781224,0.484706889
5093,509.300000,0.706919261,0.133266600,-0.017453292,0.368607701,0.844616503,0.321609514,0.484696130
5094,509.400000,0.706925050,0.133296687,-0.017453292,0.368522589,0.844573265,0.321437805,0.484685372
5095,509.500000,0.706930838,0.133326774,-0.017453292,0.368437476,0.844530026,0.321266095,0.484674613
5096,509.600000,0.706936626,0.133356860,-0.017453292,0.368352364,0.844486788,0.321094385,0.484663855
5097,509.700000,0.706942414,0.133386947,-0.017453292,0.368267252,0.844443549,0.320922675,0.484653096
5098,509.800000,0.706948202,0.133417034,-0.017453292,0.368182139,0.844400311,0.320750966,0.484642338
5099,509.900000,0.706953991,0.133447121,-0.017453292,0.368097027,0.844357072,0.320579256,0.484631580
5100,510.000000,0.706959779,0.133477208,-0.017453292,0.368011915,0.844313834,0.320407546,0.484620821
5101,510.100000,0.706965567,0.133507294,-0.017453292,0.367926802,0.844270595,0.320235836,0.484610063
5102,510.200000,0.706971355,0.133537381,-0.017453292,0.367841690,0.844227356,0.320064127,0.484599304
5103,510.300000,0.706977144,0.133567468,-0.017453292,0.367756577,0.844184118,0.319892417,0.484588546
5104,510.400000,0.706982932,0.133597555,-0.017453292,0.367671465,0.844140879,0.319720707,0.484577787
5105,510.500000,0.706988720,0.133627642,-0.017453292,0.367586353,0.844097641,0.319548998,0.484567029
5106,510.600000,0.706994508,0.133657728,-0.017453292,0.367501240,0.844054402,0.319377288,0.484556270
5107,510.700000,0.707000296,0.133687815,-0.017453292,0.367416128,0.844011164,0.319205578,0.484545512
5108,510.800000,0.707006085,0.133717902,-0.017453292,0.367331016,0.843967925,0.319033868,0.484534754
5109,510.900000,0.707011873,0.133747989,-0.017453292,0.367245903,0.843924687,0.318862159,0.484523995
5110,511.000000,0.707017661,0.133778076,-0.017453292,0.367160791,0.843881448,0.318690449,0.484513237
5111,511.100000,0.707025289,0.133803005,-0.017453292,0.367087623,0.843845585,0.318484973,0.484508098
5112,511.200000,0.707037429,0.133815284,-0.017453292,0.367043755,0.843827813,0.318196670,0.484516745
5113,511.300000,0.707049569,0.133827563,-0.017453292,0.366999886,0.843810041,0.317908367,0.484525391
5114,511.400000,0.707061709,0.133839842,-0.017453292,0.366956017,0.843792269,0.317620065,0.484534037
5115,511.500000,0.707073849,0.133852120,-0.017453292,0.366912149,0.843774497,0.317331762,0.484542684
5116,511.600000,0.707085989,0.133864399,-0.017453292,0.366868280,0.843756725,0.317043459,0.484551330
5117,511.700000,0.707098129,0.133876678,-0.017453292,0.366824411,0.843738953,0.316755157,0.484559977
5118,511.800000,0.707110269,0.133888957,-0.017453292,0.366780543,0.843721180,0.316466854,0.484568623
5119,511.900000,0.707122409,0.133901236,-0.017453292,0.366736674,0.843703408,0.316178552,0.484577269
5120,512.000000,0.707134549,0.133913515,-0.017453292,0.366692805,0.843685636,0.315890249,0.484585916
5121,512.100000,0.707146689,0.133925794,-0.017453292,0.366648937,0.843667864,0.315601946,0.484594562
5122,512.200000,0.707158829,0.133938072,-0.017453292,0.366605068,0.843650092,0.315313644,0.484603209
5123,512.300000,0.707170969,0.133950351,-0.017453292,0.366561199,0.843632320,0.315025341,0.484611855
5124,512.400000,0.707183110,0.133962630,-0.017453292,0.366517331,0.843614548,0.314737038,0.484620502
5125,512.500000,0.707195250,0.133974909,-0.017453292,0.366473462,0.843596776,0.314448736,0.484629148
5126,512.600000,0.707207390,0.133987188,-0.017453292,0.366429593,0.843579004,0.314160433,0.484637794
5127,512.700000,0.707219530,0.133999467,-0.017453292,0.366385725,0.843561232,0.313872130,0.484646441
5128,512.800000,0.707231670,0.134011745,-0.017453292,0.366341856,0.843543460,0.313583828,0.484655087
5129,512.900000,0.707243810,0.134024024,-0.017453292,0.366297987,0.843525688,0.313295525,0.484663734
5130,513.000000,0.707255950,0.134036303,-0.017453292,0.366254119,0.843507915,0.313007223,0.484672380
5131,513.100000,0.707268090,0.134048582,-0.017453292,0.366210250,0.843490143,0.312718920,0.484681026
5132,513.200000,0.707280230,0.134060861,-0.017453292,0.366166381,0.843472371,0.312430617,0.484689673
5133,513.300000,0.707292370,0.134073140,-0.017453292,0.366122513,0.843454599,0.312142315,0.484698319
5134,513.400000,0.707304510,0.134085418,-0.017453292,0.366078644,0.843436827,0.311854012,0.484706966
5135,513.500000,0.707316650,0.134097697,-0.017453292,0.366034775,0.843419055,0.311565709,0.484715612
5136,513.600000,0.707328790,0.134109976,-0.017453292,0.365990907,0.843401283,0.311277407,0.484724259
5137,513.700000,0.707340930,0.134122255,-0.017453292,0.365947038,0.843383511,0.310989104,0.484732905
5138,513.800000,0.707353070,0.134134534,-0.017453292,0.365903169,0.843365739,0.310700802,0.484741551
5139,513.900000,0.707365066,0.134146080,-0.017453292,0.365862229,0.843348524,0.310419151,0.484750237
5140,514.000000,0.707374517,0.134144693,-0.017453292,0.365872942,0.843341151,0.310254859,0.484759608
5141,514.100000,0.707383967,0.134143306,-0.017453292,0.365883655,0.843333777,0.310090567,0.484768980
5142,514.200000,0.707393418,0.134141919,-0.017453292,0.365894368,0.843326404,0.309926276,0.484778351
5143,514.300000,0.707402869,0.134140532,-0.017453292,0.365905081,0.843319030,0.309761984,0.484787723
5144,514.400000,0.707412320,0.134139145,-0.017453292,0.365915794,0.843311657,0.309597692,0.484797094
5145,514.500000,0.707421770,0.134137758,-0.017453292,0.365926507,0.843304283,0.309433400,0.484806466
5146,514.600000,0.707431221,0.134136371,-0.017453292,0.365937220,0.843296910,0.309269108,0.484815838
5147,514.700000,0.707440672,0.134134985,-0.017453292,0.365947933,0.843289536,0.309104816,0.484825209
5148,514.800000,0.707450122,0.134133598,-0.017453292,0.365958646,0.843282163,0.308940524,0.484834581
5149,514.900000,0.707459573,0.134132211,-0.017453292,0.365969359,0.843274789,0.308776232,0.484843952
5150,515.000000,0.707469024,0.134130824,-0.017453292,0.365980072,0.843267416,0.308611941,0.484853324
5151,515.100000,0.707478474,0.134129437,-0.017453292,0.365990786,0.843260042,0.308447649,0.484862695
5152,515.200000,0.707487925,0.134128050,-0.017453292,0.366001499,0.843252668,0.308283357,0.484872067
5153,515.300000,0.707497376,0.134126663,-0.017453292,0.366012212,0.843245295,0.308119065,0.484881439
5154,515.400000,0.707506827,0.134125276,-0.017453292,0.366022925,0.843237921,0.307954773,0.484890810
5155,515.500000,0.707516277,0.134123889,-0.017453292,0.366033638,0.843230548,0.307790481,0.484900182
5156,515.600000,0.707525728,0.134122503,-0.017453292,0.366044351,0.843223174,0.307626189,0.484909553
5157,515.700000,0.707535179,0.134121116,-0.017453292,0.366055064,0.843215801,0.307461898,0.484918925
5158,515.800000,0.707544629,0.134119729,-0.017453292,0.366065777,0.843208427,0.307297606,0.484928296
5159,515.900000,0.707554080,0.134118342,-0.017453292,0.366076490,0.843201054,0.307133314,0.484937668
5160,516.000000,0.707563531,0.134116955,-0.017453292,0.366087203,0.843193680,0.306969022,0.484947039
5161,516.100000,0.707572982,0.134115568,-0.017453292,0.366097916,0.843186307,0.306804730,0.484956411
5162,516.200000,0.707582432,0.134114181,-0.017453292,0.366108629,0.843178933,0.306640438,0.484965783
5163,516.300000,0.707591883,0.134112794,-0.017453292,0.366119342,0.843171560,0.306476146,0.484975154
5164,516.400000,0.707601334,0.134111408,-0.017453292,0.366130055,0.843164186,0.306311855,0.484984526
5165,516.500000,0.707610784,0.134110021,-0.017453292,0.366140769,0.843156812,0.306147563,0.484993897
5166,516.600000,0.707620235,0.134108634,-0.017453292,0.366151482,0.843149439,0.305983271,0.485003269
5167,516.700000,0.707629686,0.134107247,-0.017453292,0.366162195,0.843142065,0.305818979,0.485012640
5168,516.800000,0.707644503,0.134082218,-0.017436601,0.366170175,0.843138234,0.305707510,0.485017520
5169,516.900000,0.707660517,0.134051917,-0.017416188,0.366177545,0.843135192,0.305607819,0.485021398
5170,517.000000,0.707676530,0.134021616,-0.017395775,0.366184915,0.843132150,0.305508129,0.485025275
5171,517.100000,0.707692544,0.133991314,-0.017375361,0.366192286,0.843129108,0.305408438,0.485029153
5172,517.200000,0.707708558,0.133961013,-0.017354948,0.366199656,0.843126066,0.305308747,0.485033031
5173,517.300000,0.707724571,0.133930712,-0.017334535,0.366207026,0.843123024,0.305209057,0.485036909
5174,517.400000,0.707740585,0.133900411,-0.017314122,0.366214397,0.843119983,0.305109366,0.485040787
5175,517.500000,0.707756598,0.133870110,-0.017293709,0.366221767,0.843116941,0.305009676,0.485044665
5176,517.600000,0.707772612,0.133839809,-0.017273296,0.366229137,0.843113899,0.304909985,0.485048542
5177,517.700000,0.707788626,0.133809508,-0.017252883,0.366236508,0.843110857,0.304810295,0.485052420
5178,517.800000,0.707804639,0.133779207,-0.017232470,0.366243878,0.843107815,0.304710604,0.485056298
5179,517.900000,0.707820653,0.133748906,-0.017212057,0.366251248,0.843104773,0.304610913,0.485060176
5180,518.000000,0.707836667,0.133718605,-0.017191643,0.366258619,0.843101731,0.304511223,0.485064054
5181,518.100000,0.707852680,0.133688304,-0.017171230,0.366265989,0.843098690,0.304411532,0.485067931
5182,518.200000,0.707868694,0.133658003,-0.017150817,0.366273359,0.843095648,0.304311842,0.485071809
5183,518.300000,0.707884708,0.133627702,-0.017130404,0.366280730,0.843092606,0.304212151,0.485075687
5184,518.400000,0.707900721,0.133597401,-0.017109991,0.366288100,0.843089564,0.304112461,0.485079565
5185,518.500000,0.707916735,0.133567100,-0.017089578,0.366295470,0.843086522,0.304012770,0.485083443
5186,518.600000,0.707932749,0.133536798,-0.017069165,0.366302841,0.843083480,0.303913079,0.485087321
5187,518.700000,0.707948762,0.133506497,-0.017048752,0.366310211,0.843080438,0.303813389,0.485091198
5188,518.800000,0.707964776,0.133476196,-0.017028339,0.366317582,0.843077396,0.303713698,0.485095076
5189,518.900000,0.707980790,0.133445895,-0.017007925,0.366324952,0.843074355,0.303614008,0.485098954
5190,519.000000,0.707996803,0.133415594,-0.016987512,0.366332322,0.843071313,0.303514317,0.485102832
5191,519.100000,0.708012817,0.133385293,-0.016967099,0.366339693,0.843068271,0.303414627,0.485106710
5192,519.200000,0.708028831,0.133354992,-0.016946686,0.366347063,0.843065229,0.303314936,0.485110587
5193,519.300000,0.708044844,0.133324691,-0.016926273,0.366354433,0.843062187,0.303215245,0.485114465
5194,519.400000,0.708060858,0.133294390,-0.016905860,0.366361804,0.843059145,0.303115555,0.485118343
5195,519.500000,0.708076872,0.133264089,-0.016885447,0.366369174,0.843056103,0.303015864,0.485122221
5196,519.600000,0.708090310,0.133230749,-0.016867888,0.366374161,0.843054043,0.302915010,0.485124849
5197,519.700000,0.708101897,0.133195224,-0.016852382,0.366377434,0.843052687,0.302813320,0.485126578
5198,519.800000,0.708113484,0.133159699,-0.016836875,0.366380707,0.843051332,0.302711629,0.485128306
5199,519.900000,0.708125071,0.133124173,-0.016821369,0.366383980,0.843049977,0.302609938,0.485130035
5200,520.000000,0.708136658,0.133088648,-0.016805862,0.366387253,0.843048622,0.302508248,0.485131764
5201,520.100000,0.708148245,0.133053123,-0.016790356,0.366390526,0.843047267,0.302406557,0.485133493
5202,520.200000,0.708159832,0.133017598,-0.016774850,0.366393799,0.843045911,0.302304866,0.485135222
5203,520.300000,0.708171419,0.132982073,-0.016759343,0.366397072,0.843044556,0.302203176,0.485136951
5204,520.400000,0.708183006,0.132946548,-0.016743837,0.366400345,0.843043201,0.302101485,0.485138680
5205,520.500000,0.708194593,0.132911023,-0.016728331,0.366403618,0.843041846,0.301999794,0.485140408
5206,520.600000,0.708206180,0.132875497,-0.016712824,0.366406891,0.843040490,0.301898104,0.485142137
5207,520.700000,0.708217767,0.132839972,-0.016697318,0.366410164,0.843039135,0.301796413,0.485143866
5208,520.800000,0.708229354,0.132804447,-0.016681812,0.366413437,0.843037780,0.301694722,0.485145595
5209,520.900000,0.708240941,0.132768922,-0.016666305,0.366416710,0.843036425,0.301593032,0.485147324
5210,521.000000,0.708252528,0.132733397,-0.016650799,0.366419983,0.843035070,0.301491341,0.485149053
5211,521.100000,0.708264115,0.132697872,-0.016635293,0.366423256,0.843033714,0.301389650,0.485150782
5212,521.200000,0.708275702,0.132662347,-0.016619786,0.366426529,0.843032359,0.301287960,0.485152510
5213,521.300000,0.708287289,0.132626821,-0.016604280,0.366429802,0.843031004,0.301186269,0.485154239
5214,521.400000,0.708298876,0.132591296,-0.016588773,0.366433075,0.843029649,0.301084579,0.485155968
5215,521.500000,0.708310463,0.132555771,-0.016573267,0.366436348,0.843028293,0.300982888,0.485157697
5216,521.600000,0.708322050,0.132520246,-0.016557761,0.366439621,0.843026938,0.300881197,0.485159426
5217,521.700000,0.708333637,0.132484721,-0.016542254,0.366442894,0.843025583,0.300779507,0.485161155
5218,521.800000,0.708345224,0.132449196,-0.016526748,0.366446167,0.843024228,0.300677816,0.485162884
5219,521.900000,0.708356811,0.132413670,-0.016511242,0.366449440,0.843022873,0.300576125,0.485164612
5220,522.000000,0.708368398,0.132378145,-0.016495735,0.366452714,0.843021517,0.300474435,0.485166341
5221,522.100000,0.708379985,0.132342620,-0.016480229,0.366455987,0.843020162,0.300372744,0.485168070
5222,522.200000,0.708391572,0.132307095,-0.016464723,0.366459260,0.843018807,0.300271053,0.485169799
5223,522.300000,0.708403159,0.132271570,-0.016449216,0.366462533,0.843017452,0.300169363,0.485171528
5224,522.400000,0.708412123,0.132229578,-0.016433829,0.366465064,0.843017689,0.300090909,0.485172866
5225,522.500000,0.708416123,0.132175350,-0.016418666,0.366466192,0.843020940,0.300056429,0.485173464
5226,522.600000,0.708420124,0.132121121,-0.016403504,0.366467321,0.843024191,0.300021949,0.485174063
5227,522.700000,0.708424124,0.132066892,-0.016388341,0.366468449,0.843027441,0.299987468,0.485174661
5228,522.800000,0.708428124,0.132012664,-0.016373179,0.366469577,0.843030692,0.299952988,0.485175260
5229,522.900000,0.708432124,0.131958435,-0.016358016,0.366470706,0.843033943,0.299918508,0.485175858
5230,523.000000,0.708436125,0.131904206,-0.016342854,0.366471834,0.843037194,0.299884028,0.485176457
5231,523.100000,0.708440125,0.131849978,-0.016327691,0.366472962,0.843040445,0.299849548,0.485177055
5232,523.200000,0.708444125,0.131795749,-0.016312528,0.366474091,0.843043696,0.299815067,0.485177654
5233,523.300000,0.708448125,0.131741521,-0.016297366,0.366475219,0.843046947,0.299780587,0.485178252
5234,523.400000,0.708452126,0.131687292,-0.016282203,0.366476347,0.843050197,0.299746107,0.485178850
5235,523.500000,0.708456126,0.131633063,-0.016267041,0.366477476,0.843053448,0.299711627,0.485179449
5236,523.600000,0.708460126,0.131578835,-0.016251878,0.366478604,0.843056699,0.299677147,0.485180047
5237,523.700000,0.708464126,0.131524606,-0.016236716,0.366479732,0.843059950,0.299642666,0.485180646
5238,523.800000,0.708468127,0.131470377,-0.016221553,0.366480860,0.843063201,0.299608186,0.485181244
5239,523.900000,0.708472127,0.131416149,-0.016206391,0.366481989,0.843066452,0.299573706,0.485181843
5240,524.000000,0.708476127,0.131361920,-0.016191228,0.366483117,0.843069703,0.299539226,0.485182441
5241,524.100000,0.708480127,0.131307692,-0.016176066,0.366484245,0.843072953,0.299504746,0.485183040
5242,524.200000,0.708484128,0.131253463,-0.016160903,0.366485374,0.843076204,0.299470265,0.485183638
5243,524.300000,0.708488128,0.131199234,-0.016145741,0.366486502,0.843079455,0.299435785,0.485184237
5244,524.400000,0.708492128,0.131145006,-0.016130578,0.366487630,0.843082706,0.299401305,0.485184835
5245,524.500000,0.708496128,0.131090777,-0.016115415,0.366488759,0.843085957,0.299366825,0.485185433
5246,524.600000,0.708500129,0.131036548,-0.016100253,0.366489887,0.843089208,0.299332344,0.485186032
5247,524.700000,0.708504129,0.130982320,-0.016085090,0.366491015,0.843092459,0.299297864,0.485186630
5248,524.800000,0.708508129,0.130928091,-0.016069928,0.366492144,0.843095709,0.299263384,0.485187229
5249,524.900000,0.708512129,0.130873862,-0.016054765,0.366493272,0.843098960,0.299228904,0.485187827
5250,525.000000,0.708516130,0.130819634,-0.016039603,0.366494400,0.843102211,0.299194424,0.485188426
5251,525.100000,0.708520130,0.130765405,-0.016024440,0.366495529,0.843105462,0.299159943,0.485189024
5252,525.200000,0.708531856,0.130713560,-0.016010251,0.366496585,0.843108605,0.299127697,0.485189584
5253,525.300000,0.708606237,0.130681047,-0.016003961,0.366497054,0.843110870,0.299113563,0.485189832
5254,525.400000,0.708680618,0.130648533,-0.015997670,0.366497524,0.843113135,0.299099429,0.485190080
5255,525.500000,0.708755000,0.130616020,-0.015991379,0.366497994,0.843115400,0.299085295,0.485190328
5256,525.600000,0.708829381,0.130583507,-0.015985089,0.366498463,0.843117665,0.299071161,0.485190576
5257,525.700000,0.708903762,0.130550993,-0.015978798,0.366498933,0.843119930,0.299057027,0.485190824
5258,525.800000,0.708978144,0.130518480,-0.015972507,0.366499403,0.843122195,0.299042893,0.485191073
5259,525.900000,0.709052525,0.130485967,-0.015966217,0.366499872,0.843124460,0.299028760,0.485191321
5260,526.000000,0.709126906,0.130453453,-0.015959926,0.366500342,0.843126725,0.299014626,0.485191569
5261,526.100000,0.709201288,0.130420940,-0.015953635,0.366500812,0.843128990,0.299000492,0.485191817
5262,526.200000,0.709275669,0.130388427,-0.015947345,0.366501281,0.843131255,0.298986358,0.485192065
5263,526.300000,0.709350050,0.130355913,-0.015941054,0.366501751,0.843133520,0.298972224,0.485192313
5264,526.400000,0.709424432,0.130323400,-0.015934763,0.366502221,0.843135785,0.298958090,0.485192561
5265,526.500000,0.709498813,0.130290887,-0.015928472,0.366502690,0.843138050,0.298943957,0.485192809
5266,526.600000,0.709573194,0.130258373,-0.015922182,0.366503160,0.843140315,0.298929823,0.485193057
5267,526.700000,0.709647575,0.130225860,-0.015915891,0.366503630,0.843142580,0.298915689,0.485193305
5268,526.800000,0.709721957,0.130193347,-0.015909600,0.366504100,0.843144845,0.298901555,0.485193553
5269,526.900000,0.709796338,0.130160833,-0.015903310,0.366504569,0.843147111,0.298887421,0.485193801
5270,527.000000,0.709870719,0.130128320,-0.015897019,0.366505039,0.843149376,0.298873287,0.485194049
5271,527.100000,0.709945101,0.130095806,-0.015890728,0.366505509,0.843151641,0.298859153,0.485194297
5272,527.200000,0.710019482,0.130063293,-0.015884438,0.366505978,0.843153906,0.298845020,0.485194545
5273,527.300000,0.710093863,0.130030780,-0.015878147,0.366506448,0.843156171,0.298830886,0.485194793
5274,527.400000,0.710168245,0.129998266,-0.015871856,0.366506918,0.843158436,0.298816752,0.485195041
5275,527.500000,0.710242626,0.129965753,-0.015865565,0.366507387,0.843160701,0.298802618,0.485195289
5276,527.600000,0.710317007,0.129933240,-0.015859275,0.366507857,0.843162966,0.298788484,0.485195537
5277,527.700000,0.710391389,0.129900726,-0.015852984,0.366508327,0.843165231,0.298774350,0.485195786
5278,527.800000,0.710465770,0.129868213,-0.015846693,0.366508796,0.843167496,0.298760216,0.485196034
5279,527.900000,0.710540151,0.129835700,-0.015840403,0.366509266,0.843169761,0.298746083,0.485196282
5280,528.000000,0.710614533,0.129803186,-0.015834112,0.366509736,0.843172026,0.298731949,0.485196530
5281,528.100000,0.710676873,0.129772190,-0.015831046,0.366509964,0.843169082,0.298725097,0.485196650
5282,528.200000,0.710737474,0.129741413,-0.015828445,0.366510157,0.843165386,0.298719297,0.485196753
5283,528.300000,0.710798075,0.129710636,-0.015825845,0.366510350,0.843161690,0.298713497,0.485196855
5284,528.400000,0.710858676,0.129679859,-0.015823244,0.366510543,0.843157993,0.298707698,0.485196957
5285,528.500000,0.710919277,0.129649082,-0.015820643,0.366510736,0.843154297,0.298701898,0.485197060
5286,528.600000,0.710979878,0.129618305,-0.015818043,0.366510930,0.843150601,0.298696098,0.485197162
5287,528.700000,0.711040479,0.129587528,-0.015815442,0.366511123,0.843146905,0.298690298,0.485197265
5288,528.800000,0.711101081,0.129556750,-0.015812842,0.366511316,0.843143208,0.298684498,0.485197367
5289,528.900000,0.711161682,0.129525973,-0.015810241,0.366511509,0.843139512,0.298678698,0.485197469
5290,529.000000,0.711222283,0.129495196,-0.015807641,0.366511702,0.843135816,0.298672899,0.485197572
5291,529.100000,0.711282884,0.129464419,-0.015805040,0.366511895,0.843132119,0.298667099,0.485197674
5292,529.200000,0.711343485,0.129433642,-0.015802440,0.366512089,0.843128423,0.298661299,0.485197776
5293,529.300000,0.711404086,0.129402865,-0.015799839,0.366512282,0.843124727,0.298655499,0.485197879
5294,529.400000,0.711464687,0.129372088,-0.015797239,0.366512475,0.843121031,0.298649699,0.485197981
5295,529.500000,0.711525288,0.129341311,-0.015794638,0.366512668,0.843117334,0.298643899,0.485198083
5296,529.600000,0.711585889,0.129310534,-0.015792037,0.366512861,0.843113638,0.298638100,0.485198186
5297,529.700000,0.711646490,0.129279757,-0.015789437,0.366513054,0.843109942,0.298632300,0.485198288
5298,529.800000,0.711707091,0.129248980,-0.015786836,0.366513247,0.843106245,0.298626500,0.485198390
5299,529.900000,0.711767692,0.129218202,-0.015784236,0.366513441,0.843102549,0.298620700,0.485198493
5300,530.000000,0.711828293,0.129187425,-0.015781635,0.366513634,0.843098853,0.298614900,0.485198595
5301,530.100000,0.711888894,0.129156648,-0.015779035,0.366513827,0.843095157,0.298609100,0.485198697
5302,530.200000,0.711949496,0.129125871,-0.015776434,0.366514020,0.843091460,0.298603301,0.485198800
5303,530.300000,0.712010097,0.129095094,-0.015773834,0.366514213,0.843087764,0.298597501,0.485198902
5304,530.400000,0.712070698,0.129064317,-0.015771233,0.366514406,0.843084068,0.298591701,0.485199005
5305,530.500000,0.712131299,0.129033540,-0.015768632,0.366514600,0.843080372,0.298585901,0.485199107
5306,530.600000,0.712191900,0.129002763,-0.015766032,0.366514793,0.843076675,0.298580101,0.485199209
5307,530.700000,0.712252501,0.128971986,-0.015763431,0.366514986,0.843072979,0.298574301,0.485199312
5308,530.800000,0.712313102,0.128941209,-0.015760831,0.366515179,0.843069283,0.298568502,0.485199414
5309,530.900000,0.712355019,0.128909895,-0.015759202,0.366515301,0.843078314,0.298564877,0.485199479
5310,531.000000,0.712386326,0.128878276,-0.015758125,0.366515382,0.843094573,0.298562487,0.485199522
5311,531.100000,0.712417634,0.128846657,-0.015757049,0.366515463,0.843110831,0.298560098,0.485199565
5312,531.200000,0.712448941,0.128815038,-0.015755972,0.366515545,0.843127090,0.298557708,0.485199608
5313,531.300000,0.712480249,0.128783419,-0.015754895,0.366515626,0.843143348,0.298555319,0.485199652
5314,531.400000,0.712511556,0.128751801,-0.015753818,0.366515707,0.843159607,0.298552929,0.485199695
5315,531.500000,0.712542864,0.128720182,-0.015752742,0.366515789,0.843175865,0.298550539,0.485199738
5316,531.600000,0.712574171,0.128688563,-0.015751665,0.366515870,0.843192124,0.298548150,0.485199782
5317,531.700000,0.712605479,0.128656944,-0.015750588,0.366515951,0.843208382,0.298545760,0.485199825
5318,531.800000,0.712636786,0.128625325,-0.015749511,0.366516032,0.843224641,0.298543371,0.485199868
5319,531.900000,0.712668094,0.128593706,-0.015748434,0.366516114,0.843240899,0.298540981,0.485199911
5320,532.000000,0.712699401,0.128562088,-0.015747358,0.366516195,0.843257158,0.298538592,0.485199955
5321,532.100000,0.712730709,0.128530469,-0.015746281,0.366516276,0.843273416,0.298536202,0.485199998
5322,532.200000,0.712762016,0.128498850,-0.015745204,0.366516357,0.843289675,0.298533812,0.485200041
5323,532.300000,0.712793323,0.128467231,-0.015744127,0.366516439,0.843305933,0.298531423,0.485200084
5324,532.400000,0.712824631,0.128435612,-0.015743050,0.366516520,0.843322192,0.298529033,0.485200128
5325,532.500000,0.712855938,0.128403994,-0.015741974,0.366516601,0.843338450,0.298526644,0.485200171
5326,532.600000,0.712887246,0.128372375,-0.015740897,0.366516683,0.843354709,0.298524254,0.485200214
5327,532.700000,0.712918553,0.128340756,-0.015739820,0.366516764,0.843370967,0.298521864,0.485200258
5328,532.800000,0.712949861,0.128309137,-0.015738743,0.366516845,0.843387226,0.298519475,0.485200301
5329,532.900000,0.712981168,0.128277518,-0.015737667,0.366516926,0.843403484,0.298517085,0.485200344
5330,533.000000,0.713012476,0.128245899,-0.015736590,0.366517008,0.843419743,0.298514696,0.485200387
5331,533.100000,0.713043783,0.128214281,-0.015735513,0.366517089,0.843436002,0.298512306,0.485200431
5332,533.200000,0.713075091,0.128182662,-0.015734436,0.366517170,0.843452260,0.298509917,0.485200474
5333,533.300000,0.713106398,0.128151043,-0.015733359,0.366517252,0.843468519,0.298507527,0.485200517
5334,533.400000,0.713137706,0.128119424,-0.015732283,0.366517333,0.843484777,0.298505137,0.485200561
5335,533.500000,0.713169013,0.128087805,-0.015731206,0.366517414,0.843501036,0.298502748,0.485200604
5336,533.600000,0.713200321,0.128056187,-0.015730129,0.366517495,0.843517294,0.298500358,0.485200647
5337,533.700000,0.713224240,0.128027105,-0.015729305,0.366530931,0.843525269,0.298483939,0.485200680
5338,533.800000,0.713237163,0.128001801,-0.015728858,0.366564242,0.843520914,0.298446636,0.485200698
5339,533.900000,0.713250087,0.127976498,-0.015728411,0.366597554,0.843516559,0.298409334,0.485200716
5340,534.000000,0.713263010,0.127951194,-0.015727964,0.366630866,0.843512204,0.298372031,0.485200734
5341,534.100000,0.713275933,0.127925890,-0.015727517,0.366664178,0.843507849,0.298334728,0.485200752
5342,534.200000,0.713288856,0.127900586,-0.015727070,0.366697490,0.843503495,0.298297426,0.485200770
5343,534.300000,0.713301779,0.127875282,-0.015726623,0.366730801,0.843499140,0.298260123,0.485200788
5344,534.400000,0.713314703,0.127849978,-0.015726176,0.366764113,0.843494785,0.298222821,0.485200806
5345,534.500000,0.713327626,0.127824674,-0.015725730,0.366797425,0.843490430,0.298185518,0.485200824
5346,534.600000,0.713340549,0.127799370,-0.015725283,0.366830737,0.843486075,0.298148216,0.485200842
5347,534.700000,0.713353472,0.127774066,-0.015724836,0.366864049,0.843481720,0.298110913,0.485200860
5348,534.800000,0.713366395,0.127748762,-0.015724389,0.366897360,0.843477365,0.298073610,0.485200878
5349,534.900000,0.713379319,0.127723458,-0.015723942,0.366930672,0.843473011,0.298036308,0.485200896
5350,535.000000,0.713392242,0.127698154,-0.015723495,0.366963984,0.843468656,0.297999005,0.485200914
5351,535.100000,0.713405165,0.127672850,-0.015723048,0.366997296,0.843464301,0.297961703,0.485200932
5352,535.200000,0.713418088,0.127647546,-0.015722601,0.367030608,0.843459946,0.297924400,0.485200950
5353,535.300000,0.713431011,0.127622243,-0.015722154,0.367063919,0.843455591,0.297887098,0.485200968
5354,535.400000,0.713443935,0.127596939,-0.015721707,0.367097231,0.843451236,0.297849795,0.485200985
5355,535.500000,0.713456858,0.127571635,-0.015721260,0.367130543,0.843446881,0.297812493,0.485201003
5356,535.600000,0.713469781,0.127546331,-0.015720813,0.367163855,0.843442526,0.297775190,0.485201021
5357,535.700000,0.713482704,0.127521027,-0.015720366,0.367197167,0.843438172,0.297737887,0.485201039
5358,535.800000,0.713495627,0.127495723,-0.015719919,0.367230478,0.843433817,0.297700585,0.485201057
5359,535.900000,0.713508551,0.127470419,-0.015719472,0.367263790,0.843429462,0.297663282,0.485201075
5360,536.000000,0.713521474,0.127445115,-0.015719025,0.367297102,0.843425107,0.297625980,0.485201093
5361,536.100000,0.713534397,0.127419811,-0.015718578,0.367330414,0.843420752,0.297588677,0.485201111
5362,536.200000,0.713547320,0.127394507,-0.015718131,0.367363726,0.843416397,0.297551375,0.485201129
5363,536.300000,0.713560243,0.127369203,-0.015717684,0.367397037,0.843412042,0.297514072,0.485201147
5364,536.400000,0.713573167,0.127343899,-0.015717237,0.367430349,0.843407687,0.297476769,0.485201165
5365,536.500000,0.713584825,0.127317086,-0.015716833,0.367460905,0.843403198,0.297443112,0.485205514
5366,536.600000,0.713590123,0.127282681,-0.015716649,0.367477603,0.843398030,0.297427786,0.485231641
5367,536.700000,0.713595422,0.127248276,-0.015716465,0.367494300,0.843392862,0.297412459,0.485257769
5368,536.800000,0.713600720,0.127213871,-0.015716281,0.367510998,0.843387695,0.297397133,0.485283896
5369,536.900000,0.713606019,0.127179467,-0.015716097,0.367527695,0.843382527,0.297381806,0.485310023
5370,537.000000,0.713611317,0.127145062,-0.015715913,0.367544393,0.843377360,0.297366480,0.485336150
5371,537.100000,0.713616616,0.127110657,-0.015715729,0.367561091,0.843372192,0.297351153,0.485362277
5372,537.200000,0.713621914,0.127076252,-0.015715545,0.367577788,0.843367024,0.297335827,0.485388405
5373,537.300000,0.713627213,0.127041848,-0.015715360,0.367594486,0.843361857,0.297320500,0.485414532
5374,537.400000,0.713632511,0.127007443,-0.015715176,0.367611183,0.843356689,0.297305174,0.485440659
5375,537.500000,0.713637810,0.126973038,-0.015714992,0.367627881,0.843351521,0.297289847,0.485466786
5376,537.600000,0.713643108,0.126938634,-0.015714808,0.367644579,0.843346354,0.297274520,0.485492914
5377,537.700000,0.713648407,0.126904229,-0.015714624,0.367661276,0.843341186,0.297259194,0.485519041
5378,537.800000,0.713653705,0.126869824,-0.015714440,0.367677974,0.843336019,0.297243867,0.485545168
5379,537.900000,0.713659004,0.126835419,-0.015714256,0.367694671,0.843330851,0.297228541,0.485571295
5380,538.000000,0.713664302,0.126801015,-0.015714072,0.367711369,0.843325683,0.297213214,0.485597422
5381,538.100000,0.713669601,0.126766610,-0.015713887,0.367728067,0.843320516,0.297197888,0.485623550
5382,538.200000,0.713674899,0.126732205,-0.015713703,0.367744764,0.843315348,0.297182561,0.485649677
5383,538.300000,0.713680198,0.126697800,-0.015713519,0.367761462,0.843310180,0.297167235,0.485675804
5384,538.400000,0.713685496,0.126663396,-0.015713335,0.367778159,0.843305013,0.297151908,0.485701931
5385,538.500000,0.713690795,0.126628991,-0.015713151,0.367794857,0.843299845,0.297136581,0.485728058
5386,538.600000,0.713696093,0.126594586,-0.015712967,0.367811555,0.843294678,0.297121255,0.485754186
5387,538.700000,0.713701392,0.126560181,-0.015712783,0.367828252,0.843289510,0.297105928,0.485780313
5388,538.800000,0.713706690,0.126525777,-0.015712599,0.367844950,0.843284342,0.297090602,0.485806440
5389,538.900000,0.713711989,0.126491372,-0.015712414,0.367861647,0.843279175,0.297075275,0.485832567
5390,539.000000,0.713717287,0.126456967,-0.015712230,0.367878345,0.843274007,0.297059949,0.485858694
5391,539.100000,0.713722586,0.126422563,-0.015712046,0.367895043,0.843268839,0.297044622,0.485884822
5392,539.200000,0.713727884,0.126388158,-0.015711862,0.367911740,0.843263672,0.297029296,0.485910949
5393,539.300000,0.713733183,0.126353753,-0.015711678,0.367928438,0.843258504,0.297013969,0.485937076
5394,539.400000,0.713735603,0.126338046,-0.015711594,0.367902390,0.843253046,0.296986354,0.485958377
5395,539.500000,0.713737807,0.126323749,-0.015711517,0.367873120,0.843247566,0.296957813,0.485979315
5396,539.600000,0.713740011,0.126309452,-0.015711440,0.367843851,0.843242086,0.296929272,0.486000252
5397,539.700000,0.713742215,0.126295154,-0.015711363,0.367814582,0.843236606,0.296900731,0.486021189
5398,539.800000,0.713744419,0.126280857,-0.015711286,0.367785312,0.843231126,0.296872190,0.486042127
5399,539.900000,0.713746622,0.126266559,-0.015711210,0.367756043,0.843225646,0.296843649,0.486063064
5400,540.000000,0.713748826,0.126252262,-0.015711133,0.367726774,0.843220166,0.296815108,0.486084002
5401,540.100000,0.713751030,0.126237964,-0.015711056,0.367697504,0.843214686,0.296786567,0.486104939
5402,540.200000,0.713753234,0.126223667,-0.015710979,0.367668235,0.843209206,0.296758026,0.486125876
5403,540.300000,0.713755438,0.126209369,-0.015710903,0.367638965,0.843203726,0.296729485,0.486146814
5404,540.400000,0.713757642,0.126195072,-0.015710826,0.367609696,0.843198246,0.296700944,0.486167751
5405,540.500000,0.713759845,0.126180774,-0.015710749,0.367580427,0.843192766,0.296672403,0.486188689
5406,540.600000,0.713762049,0.126166477,-0.015710672,0.367551157,0.843187286,0.296643862,0.486209626
5407,540.700000,0.713764253,0.126152179,-0.015710595,0.367521888,0.843181806,0.296615321,0.486230563
5408,540.800000,0.713766457,0.126137882,-0.015710519,0.367492619,0.843176326,0.296586779,0.486251501
5409,540.900000,0.713768661,0.126123584,-0.015710442,0.367463349,0.843170846,0.296558238,0.486272438
5410,541.000000,0.713770865,0.126109287,-0.015710365,0.367434080,0.843165366,0.296529697,0.486293376
5411,541.100000,0.713773068,0.126094989,-0.015710288,0.367404811,0.843159886,0.296501156,0.486314313
5412,541.200000,0.713775272,0.126080692,-0.015710212,0.367375541,0.843154406,0.296472615,0.486335250
5413,541.300000,0.713777476,0.126066395,-0.015710135,0.367346272,0.843148926,0.296444074,0.486356188
5414,541.400000,0.713779680,0.126052097,-0.015710058,0.367317002,0.843143446,0.296415533,0.486377125
5415,541.500000,0.713781884,0.126037800,-0.015709981,0.367287733,0.843137966,0.296386992,0.486398063
5416,541.600000,0.713784087,0.126023502,-0.015709904,0.367258464,0.843132486,0.296358451,0.486419000
5417,541.700000,0.713786291,0.126009205,-0.015709828,0.367229194,0.843127006,0.296329910,0.486439938
5418,541.800000,0.713788495,0.125994907,-0.015709751,0.367199925,0.843121526,0.296301369,0.486460875
5419,541.900000,0.713790699,0.125980610,-0.015709674,0.367170656,0.843116046,0.296272828,0.486481812
5420,542.000000,0.713792903,0.125966312,-0.015709597,0.367141386,0.843110566,0.296244287,0.486502750
5421,542.100000,0.713795107,0.125952015,-0.015709520,0.367112117,0.843105086,0.296215746,0.486523687
5422,542.200000,0.713796414,0.125943540,-0.015709475,0.367094735,0.843101831,0.296209839,0.486532068
5423,542.300000,0.713797326,0.125937632,-0.015709443,0.367082596,0.843099558,0.296213914,0.486534912
5424,542.400000,0.713798238,0.125931725,-0.015709411,0.367070457,0.843097284,0.296217989,0.486537755
5425,542.500000,0.713799150,0.125925817,-0.015709379,0.367058318,0.843095011,0.296222065,0.486540599
5426,542.600000,0.713800062,0.125919910,-0.015709347,0.367046179,0.843092737,0.296226140,0.486543442
5427,542.700000,0.713800973,0.125914002,-0.015709316,0.367034040,0.843090464,0.296230215,0.486546286
5428,542.800000,0.713801885,0.125908095,-0.015709284,0.367021901,0.843088190,0.296234290,0.486549129
5429,542.900000,0.713802797,0.125902187,-0.015709252,0.367009762,0.843085917,0.296238365,0.486551972
5430,543.000000,0.713803709,0.125896280,-0.015709220,0.366997623,0.843083643,0.296242441,0.486554816
5431,543.100000,0.713804621,0.125890372,-0.015709188,0.366985484,0.843081370,0.296246516,0.486557659
5432,543.200000,0.713805533,0.125884465,-0.015709156,0.366973345,0.843079096,0.296250591,0.486560503
5433,543.300000,0.713806445,0.125878557,-0.015709124,0.366961206,0.843076823,0.296254666,0.486563346
5434,543.400000,0.713807357,0.125872650,-0.015709092,0.366949067,0.843074550,0.296258741,0.486566190
5435,543.500000,0.713808269,0.125866742,-0.015709061,0.366936928,0.843072276,0.296262816,0.486569033
5436,543.600000,0.713809181,0.125860835,-0.015709029,0.366924789,0.843070003,0.296266892,0.486571877
5437,543.700000,0.713810093,0.125854928,-0.015708997,0.366912650,0.843067729,0.296270967,0.486574720
5438,543.800000,0.713811005,0.125849020,-0.015708965,0.366900511,0.843065456,0.296275042,0.486577564
5439,543.900000,0.713811917,0.125843113,-0.015708933,0.366888372,0.843063182,0.296279117,0.486580407
5440,544.000000,0.713812828,0.125837205,-0.015708901,0.366876233,0.843060909,0.296283192,0.486583251
5441,544.100000,0.713813740,0.125831298,-0.015708869,0.366864094,0.843058635,0.296287268,0.486586094
5442,544.200000,0.713814652,0.125825390,-0.015708837,0.366851955,0.843056362,0.296291343,0.486588938
5443,544.300000,0.713815564,0.125819483,-0.015708806,0.366839816,0.843054088,0.296295418,0.486591781
5444,544.400000,0.713816476,0.125813575,-0.015708774,0.366827677,0.843051815,0.296299493,0.486594624
5445,544.500000,0.713817388,0.125807668,-0.015708742,0.366815538,0.843049541,0.296303568,0.486597468
5446,544.600000,0.713818300,0.125801760,-0.015708710,0.366803399,0.843047268,0.296307644,0.486600311
5447,544.700000,0.713819212,0.125795853,-0.015708678,0.366791261,0.843044994,0.296311719,0.486603155
5448,544.800000,0.713820124,0.125789945,-0.015708646,0.366779122,0.843042721,0.296315794,0.486605998
5449,544.900000,0.713821036,0.125784038,-0.015708614,0.366766983,0.843040447,0.296319869,0.486608842
5450,545.000000,0.713821703,0.125779717,-0.015708591,0.366746033,0.843038784,0.296312154,0.486613595
5451,545.100000,0.713822081,0.125777275,-0.015708578,0.366714656,0.843037842,0.296290484,0.486620609
5452,545.200000,0.713822459,0.125774833,-0.015708565,0.366683279,0.843036901,0.296268814,0.486627622
5453,545.300000,0.713822837,0.125772390,-0.015708551,0.366651901,0.843035959,0.296247144,0.486634636
5454,545.400000,0.713823215,0.125769948,-0.015708538,0.366620524,0.843035018,0.296225474,0.486641650
5455,545.500000,0.713823592,0.125767506,-0.015708525,0.366589147,0.843034076,0.296203804,0.486648663
5456,545.600000,0.713823970,0.125765063,-0.015708512,0.366557770,0.843033135,0.296182134,0.486655677
5457,545.700000,0.713824348,0.125762621,-0.015708499,0.366526393,0.843032193,0.296160464,0.486662690
5458,545.800000,0.713824726,0.125760178,-0.015708486,0.366495016,0.843031252,0.296138794,0.486669704
5459,545.900000,0.713825104,0.125757736,-0.015708472,0.366463639,0.843030310,0.296117124,0.486676718
5460,546.000000,0.713825482,0.125755294,-0.015708459,0.366432261,0.843029369,0.296095454,0.486683731
5461,546.100000,0.713825860,0.125752851,-0.015708446,0.366400884,0.843028427,0.296073784,0.486690745
5462,546.200000,0.713826238,0.125750409,-0.015708433,0.366369507,0.843027486,0.296052114,0.486697758
5463,546.300000,0.713826616,0.125747966,-0.015708420,0.366338130,0.843026544,0.296030444,0.486704772
5464,546.400000,0.713826993,0.125745524,-0.015708407,0.366306753,0.843025603,0.296008774,0.486711786
5465,546.500000,0.713827371,0.125743082,-0.015708393,0.366275376,0.843024661,0.295987104,0.486718799
5466,546.600000,0.713827749,0.125740639,-0.015708380,0.366243999,0.843023720,0.295965434,0.486725813
5467,546.700000,0.713828127,0.125738197,-0.015708367,0.366212621,0.843022778,0.295943764,0.486732826
5468,546.800000,0.713828505,0.125735755,-0.015708354,0.366181244,0.843021837,0.295922094,0.486739840
5469,546.900000,0.713828883,0.125733312,-0.015708341,0.366149867,0.843020895,0.295900425,0.486746854
5470,547.000000,0.713829261,0.125730870,-0.015708327,0.366118490,0.843019954,0.295878755,0.486753867
5471,547.100000,0.713829639,0.125728427,-0.015708314,0.366087113,0.843019012,0.295857085,0.486760881
5472,547.200000,0.713830017,0.125725985,-0.015708301,0.366055736,0.843018071,0.295835415,0.486767894
5473,547.300000,0.713830394,0.125723543,-0.015708288,0.366024359,0.843017129,0.295813745,0.486774908
5474,547.400000,0.713830772,0.125721100,-0.015708275,0.365992981,0.843016188,0.295792075,0.486781922
5475,547.500000,0.713831150,0.125718658,-0.015708262,0.365961604,0.843015246,0.295770405,0.486788935
5476,547.600000,0.713831528,0.125716216,-0.015708248,0.365930227,0.843014305,0.295748735,0.486795949
5477,547.700000,0.713831906,0.125713773,-0.015708235,0.365898850,0.843013363,0.295727065,0.486802963
5478,547.800000,0.713832235,0.125711650,-0.015710188,0.365848810,0.843012545,0.295699940,0.486809060
5479,547.900000,0.713832391,0.125710645,-0.015719031,0.365733373,0.843012156,0.295653700,0.486811948
5480,548.000000,0.713832547,0.125709640,-0.015727873,0.365617936,0.843011768,0.295607459,0.486814836
5481,548.100000,0.713832703,0.125708635,-0.015736716,0.365502499,0.843011380,0.295561219,0.486817723
5482,548.200000,0.713832859,0.125707631,-0.015745558,0.365387062,0.843010991,0.295514979,0.486820611
5483,548.300000,0.713833016,0.125706626,-0.015754401,0.365271625,0.843010603,0.295468738,0.486823499
5484,548.400000,0.713833172,0.125705621,-0.015763243,0.365156187,0.843010214,0.295422498,0.486826387
5485,548.500000,0.713833328,0.125704616,-0.015772086,0.365040750,0.843009826,0.295376258,0.486829275
5486,548.600000,0.713833484,0.125703611,-0.015780928,0.364925313,0.843009438,0.295330018,0.486832162
5487,548.700000,0.713833640,0.125702607,-0.015789770,0.364809876,0.843009049,0.295283777,0.486835050
5488,548.800000,0.713833797,0.125701602,-0.015798613,0.364694439,0.843008661,0.295237537,0.486837938
5489,548.900000,0.713833953,0.125700597,-0.015807455,0.364579002,0.843008272,0.295191297,0.486840826
5490,549.000000,0.713834109,0.125699592,-0.015816298,0.364463564,0.843007884,0.295145056,0.486843713
5491,549.100000,0.713834265,0.125698587,-0.015825140,0.364348127,0.843007495,0.295098816,0.486846601
5492,549.200000,0.713834421,0.125697582,-0.015833983,0.364232690,0.843007107,0.295052576,0.486849489
5493,549.300000,0.713834577,0.125696578,-0.015842825,0.364117253,0.843006719,0.295006335,0.486852377
5494,549.400000,0.713834734,0.125695573,-0.015851668,0.364001816,0.843006330,0.294960095,0.486855264
5495,549.500000,0.713834890,0.125694568,-0.015860510,0.363886379,0.843005942,0.294913855,0.486858152
5496,549.600000,0.713835046,0.125693563,-0.015869353,0.363770942,0.843005553,0.294867614,0.486861040
5497,549.700000,0.713835202,0.125692558,-0.015878195,0.363655504,0.843005165,0.294821374,0.486863928
5498,549.800000,0.713835358,0.125691554,-0.015887038,0.363540067,0.843004777,0.294775134,0.486866816
5499,549.900000,0.713835515,0.125690549,-0.015895880,0.363424630,0.843004388,0.294728893,0.486869703
5500,550.000000,0.713835671,0.125689544,-0.015904723,0.363309193,0.843004000,0.294682653,0.486872591
5501,550.100000,0.713835827,0.125688539,-0.015913565,0.363193756,0.843003611,0.294636413,0.486875479
5502,550.200000,0.713835983,0.125687534,-0.015922408,0.363078319,0.843003223,0.294590173,0.486878367
5503,550.300000,0.713836139,0.125686529,-0.015931250,0.362962881,0.843002835,0.294543932,0.486881254
5504,550.400000,0.713836295,0.125685525,-0.015940093,0.362847444,0.843002446,0.294497692,0.486884142
5505,550.500000,0.713836452,0.125684520,-0.015948935,0.362732007,0.843002058,0.294451452,0.486887030
5506,550.600000,0.713836608,0.125683515,-0.015957778,0.362616570,0.843001669,0.294405211,0.486889918
5507,550.700000,0.713836672,0.125683095,-0.015979226,0.362443119,0.843001508,0.294222443,0.486891125
5508,550.800000,0.713836736,0.125682683,-0.016000853,0.362268846,0.843001350,0.294037743,0.486892308
5509,550.900000,0.713836799,0.125682272,-0.016022480,0.362094574,0.843001191,0.293853042,0.486893491
5510,551.000000,0.713836862,0.125681860,-0.016044107,0.361920301,0.843001033,0.293668342,0.486894674
5511,551.100000,0.713836926,0.125681449,-0.016065733,0.361746029,0.843000874,0.293483641,0.486895858
5512,551.200000,0.713836989,0.125681037,-0.016087360,0.361571757,0.843000716,0.293298940,0.486897041
5513,551.300000,0.713837052,0.125680625,-0.016108987,0.361397484,0.843000558,0.293114240,0.486898224
5514,551.400000,0.713837116,0.125680214,-0.016130614,0.361223212,0.843000399,0.292929539,0.486899407
5515,551.500000,0.713837179,0.125679802,-0.016152241,0.361048939,0.843000241,0.292744839,0.486900590
5516,551.600000,0.713837242,0.125679390,-0.016173868,0.360874667,0.843000083,0.292560138,0.486901774
5517,551.700000,0.713837306,0.125678979,-0.016195495,0.360700395,0.842999924,0.292375438,0.486902957
5518,551.800000,0.713837369,0.125678567,-0.016217121,0.360526122,0.842999766,0.292190737,0.486904140
5519,551.900000,0.713837432,0.125678155,-0.016238748,0.360351850,0.842999608,0.292006037,0.486905323
5520,552.000000,0.713837496,0.125677744,-0.016260375,0.360177577,0.842999449,0.291821336,0.486906506
5521,552.100000,0.713837559,0.125677332,-0.016282002,0.360003305,0.842999291,0.291636636,0.486907690
5522,552.200000,0.713837622,0.125676921,-0.016303629,0.359829033,0.842999133,0.291451935,0.486908873
5523,552.300000,0.713837686,0.125676509,-0.016325256,0.359654760,0.842998974,0.291267235,0.486910056
5524,552.400000,0.713837749,0.125676097,-0.016346882,0.359480488,0.842998816,0.291082534,0.486911239
5525,552.500000,0.713837812,0.125675686,-0.016368509,0.359306216,0.842998658,0.290897834,0.486912422
5526,552.600000,0.713837876,0.125675274,-0.016390136,0.359131943,0.842998499,0.290713133,0.486913606
5527,552.700000,0.713837939,0.125674862,-0.016411763,0.358957671,0.842998341,0.290528433,0.486914789
5528,552.800000,0.713838002,0.125674451,-0.016433390,0.358783398,0.842998183,0.290343732,0.486915972
5529,552.900000,0.713838066,0.125674039,-0.016455017,0.358609126,0.842998024,0.290159032,0.486917155
5530,553.000000,0.713838129,0.125673627,-0.016476644,0.358434854,0.842997866,0.289974331,0.486918338
5531,553.100000,0.713838192,0.125673216,-0.016498270,0.358260581,0.842997708,0.289789631,0.486919522
5532,553.200000,0.713838256,0.125672804,-0.016519897,0.358086309,0.842997549,0.289604930,0.486920705
5533,553.300000,0.713838319,0.125672393,-0.016541524,0.357912036,0.842997391,0.289420230,0.486921888
5534,553.400000,0.713838382,0.125671981,-0.016563151,0.357737764,0.842997233,0.289235529,0.486923071
5535,553.500000,0.713838420,0.125671741,-0.016578249,0.357598607,0.842997139,0.289097798,0.486923760
5536,553.600000,0.713838450,0.125671559,-0.016591173,0.357471152,0.842997067,0.288975716,0.486924283
5537,553.700000,0.713838479,0.125671377,-0.016604096,0.357343696,0.842996996,0.288853635,0.486924807
5538,553.800000,0.713838509,0.125671195,-0.016617019,0.357216240,0.842996924,0.288731554,0.486925330
5539,553.900000,0.713838538,0.125671013,-0.016629942,0.357088784,0.842996852,0.288609472,0.486925854
5540,554.000000,0.713838568,0.125670831,-0.016642865,0.356961328,0.842996780,0.288487391,0.486926377
5541,554.100000,0.713838598,0.125670649,-0.016655788,0.356833872,0.842996709,0.288365310,0.486926901
5542,554.200000,0.713838627,0.125670467,-0.016668711,0.356706417,0.842996637,0.288243228,0.486927424
5543,554.300000,0.713838657,0.125670285,-0.016681635,0.356578961,0.842996565,0.288121147,0.486927948
5544,554.400000,0.713838686,0.125670103,-0.016694558,0.356451505,0.842996493,0.287999066,0.486928471
5545,554.500000,0.713838716,0.125669921,-0.016707481,0.356324049,0.842996422,0.287876984,0.486928995
5546,554.600000,0.713838745,0.125669739,-0.016720404,0.356196593,0.842996350,0.287754903,0.486929518
5547,554.700000,0.713838775,0.125669557,-0.016733327,0.356069137,0.842996278,0.287632822,0.486930042
5548,554.800000,0.713838805,0.125669375,-0.016746250,0.355941682,0.842996206,0.287510740,0.486930565
5549,554.900000,0.713838834,0.125669193,-0.016759174,0.355814226,0.842996135,0.287388659,0.486931089
5550,555.000000,0.713838864,0.125669011,-0.016772097,0.355686770,0.842996063,0.287266578,0.486931612
5551,555.100000,0.713838893,0.125668829,-0.016785020,0.355559314,0.842995991,0.287144496,0.486932136
5552,555.200000,0.713838923,0.125668647,-0.016797943,0.355431858,0.842995919,0.287022415,0.486932659
5553,555.300000,0.713838952,0.125668465,-0.016810866,0.355304402,0.842995848,0.286900334,0.486933183
5554,555.400000,0.713838982,0.125668283,-0.016823789,0.355176947,0.842995776,0.286778252,0.486933706
5555,555.500000,0.713839012,0.125668101,-0.016836713,0.355049491,0.842995704,0.286656171,0.486934230
5556,555.600000,0.713839041,0.125667919,-0.016849636,0.354922035,0.842995632,0.286534090,0.486934754
5557,555.700000,0.713839071,0.125667737,-0.016862559,0.354794579,0.842995561,0.286412008,0.486935277
5558,555.800000,0.713839100,0.125667555,-0.016875482,0.354667123,0.842995489,0.286289927,0.486935801
5559,555.900000,0.713839130,0.125667373,-0.016888405,0.354539667,0.842995417,0.286167846,0.486936324
5560,556.000000,0.713839159,0.125667191,-0.016901328,0.354412212,0.842995345,0.286045764,0.486936848
5561,556.100000,0.713839189,0.125667008,-0.016914252,0.354284756,0.842995274,0.285923683,0.486937371
5562,556.200000,0.713839219,0.125666826,-0.016927175,0.354157300,0.842995202,0.285801602,0.486937895
5563,556.300000,0.713839237,0.125666706,-0.016923637,0.354041265,0.842995155,0.285712761,0.486935267
5564,556.400000,0.713839246,0.125666643,-0.016904541,0.353936025,0.842995132,0.285655337,0.486929660
5565,556.500000,0.713839254,0.125666580,-0.016885445,0.353830785,0.842995109,0.285597913,0.486924053
5566,556.600000,0.713839263,0.125666517,-0.016866350,0.353725545,0.842995085,0.285540489,0.486918447
5567,556.700000,0.713839271,0.125666454,-0.016847254,0.353620304,0.842995062,0.285483065,0.486912840
5568,556.800000,0.713839279,0.125666392,-0.016828158,0.353515064,0.842995039,0.285425640,0.486907233
5569,556.900000,0.713839288,0.125666329,-0.016809062,0.353409824,0.842995016,0.285368216,0.486901626
5570,557.000000,0.713839296,0.125666266,-0.016789967,0.353304584,0.842994992,0.285310792,0.486896020
5571,557.100000,0.713839305,0.125666203,-0.016770871,0.353199343,0.842994969,0.285253368,0.486890413
5572,557.200000,0.713839313,0.125666140,-0.016751775,0.353094103,0.842994946,0.285195944,0.486884806
5573,557.300000,0.713839322,0.125666077,-0.016732679,0.352988863,0.842994923,0.285138520,0.486879200
5574,557.400000,0.713839330,0.125666015,-0.016713584,0.352883623,0.842994899,0.285081096,0.486873593
5575,557.500000,0.713839338,0.125665952,-0.016694488,0.352778382,0.842994876,0.285023672,0.486867986
5576,557.600000,0.713839347,0.125665889,-0.016675392,0.352673142,0.842994853,0.284966248,0.486862380
5577,557.700000,0.713839355,0.125665826,-0.016656296,0.352567902,0.842994830,0.284908824,0.486856773
5578,557.800000,0.713839364,0.125665763,-0.016637201,0.352462662,0.842994807,0.284851399,0.486851166
5579,557.900000,0.713839372,0.125665700,-0.016618105,0.352357422,0.842994783,0.284793975,0.486845560
5580,558.000000,0.713839381,0.125665638,-0.016599009,0.352252181,0.842994760,0.284736551,0.486839953
5581,558.100000,0.713839389,0.125665575,-0.016579913,0.352146941,0.842994737,0.284679127,0.486834346
5582,558.200000,0.713839397,0.125665512,-0.016560818,0.352041701,0.842994714,0.284621703,0.486828740
5583,558.300000,0.713839406,0.125665449,-0.016541722,0.351936461,0.842994690,0.284564279,0.486823133
5584,558.400000,0.713839414,0.125665386,-0.016522626,0.351831220,0.842994667,0.284506855,0.486817526
5585,558.500000,0.713839423,0.125665323,-0.016503530,0.351725980,0.842994644,0.284449431,0.486811920
5586,558.600000,0.713839431,0.125665261,-0.016484435,0.351620740,0.842994621,0.284392007,0.486806313
5587,558.700000,0.713839440,0.125665198,-0.016465339,0.351515500,0.842994597,0.284334583,0.486800706
5588,558.800000,0.713839448,0.125665135,-0.016446243,0.351410259,0.842994574,0.284277158,0.486795100
5589,558.900000,0.713839456,0.125665072,-0.016427147,0.351305019,0.842994551,0.284219734,0.486789493
5590,559.000000,0.713839465,0.125665009,-0.016408052,0.351199779,0.842994528,0.284162310,0.486783886
5591,559.100000,0.713839472,0.125664957,-0.016396294,0.351084006,0.842994508,0.284112869,0.486778814
5592,559.200000,0.713839476,0.125664930,-0.016403581,0.350940895,0.842994498,0.284084144,0.486775129
5593,559.300000,0.713839481,0.125664904,-0.016410869,0.350797784,0.842994487,0.284055419,0.486771445
5594,559.400000,0.713839485,0.125664878,-0.016418156,0.350654674,0.842994476,0.284026694,0.486767760
5595,559.500000,0.713839489,0.125664851,-0.016425443,0.350511563,0.842994466,0.283997970,0.486764076
5596,559.600000,0.713839493,0.125664825,-0.016432731,0.350368452,0.842994455,0.283969245,0.486760391
5597,559.700000,0.713839498,0.125664798,-0.016440018,0.350225342,0.842994445,0.283940520,0.486756706
5598,559.800000,0.713839502,0.125664772,-0.016447305,0.350082231,0.842994434,0.283911796,0.486753022
5599,559.900000,0.713839506,0.125664746,-0.016454593,0.349939121,0.842994424,0.283883071,0.486749337
5600,560.000000,0.713839510,0.125664719,-0.016461880,0.349796010,0.842994413,0.283854346,0.486745652
5601,560.100000,0.713839515,0.125664693,-0.016469168,0.349652899,0.842994403,0.283825621,0.486741968
5602,560.200000,0.713839519,0.125664666,-0.016476455,0.349509789,0.842994392,0.283796897,0.486738283
5603,560.300000,0.713839523,0.125664640,-0.016483742,0.349366678,0.842994381,0.283768172,0.486734598
5604,560.400000,0.713839527,0.125664614,-0.016491030,0.349223568,0.842994371,0.283739447,0.486730914
5605,560.500000,0.713839532,0.125664587,-0.016498317,0.349080457,0.842994360,0.283710723,0.486727229
5606,560.600000,0.713839536,0.125664561,-0.016505604,0.348937346,0.842994350,0.283681998,0.486723544
5607,560.700000,0.713839540,0.125664535,-0.016512892,0.348794236,0.842994339,0.283653273,0.486719860
5608,560.800000,0.713839544,0.125664508,-0.016520179,0.348651125,0.842994329,0.283624549,0.486716175
5609,560.900000,0.713839549,0.125664482,-0.016527467,0.348508014,0.842994318,0.283595824,0.486712490
5610,561.000000,0.713839553,0.125664455,-0.016534754,0.348364904,0.842994308,0.283567099,0.486708806
5611,561.100000,0.713839557,0.125664429,-0.016542041,0.348221793,0.842994297,0.283538374,0.486705121
5612,561.200000,0.713839561,0.125664403,-0.016549329,0.348078683,0.842994286,0.283509650,0.486701436
5613,561.300000,0.713839566,0.125664376,-0.016556616,0.347935572,0.842994276,0.283480925,0.486697752
5614,561.400000,0.713839570,0.125664350,-0.016563903,0.347792461,0.842994265,0.283452200,0.486694067
5615,561.500000,0.713839574,0.125664323,-0.016571191,0.347649351,0.842994255,0.283423476,0.486690382
5616,561.600000,0.713839578,0.125664297,-0.016578478,0.347506240,0.842994244,0.283394751,0.486686698
5617,561.700000,0.713839583,0.125664271,-0.016585766,0.347363129,0.842994234,0.283366026,0.486683013
5618,561.800000,0.713839587,0.125664244,-0.016593053,0.347220019,0.842994223,0.283337301,0.486679328
5619,561.900000,0.713839591,0.125664219,-0.016600266,0.347074393,0.842994213,0.283309536,0.486674804
5620,562.000000,0.713839593,0.125664208,-0.016605792,0.346871641,0.842994209,0.283303552,0.486651211
5621,562.100000,0.713839595,0.125664197,-0.016611318,0.346668889,0.842994204,0.283297569,0.486627618
5622,562.200000,0.713839597,0.125664187,-0.016616844,0.346466136,0.842994200,0.283291585,0.486604025
5623,562.300000,0.713839599,0.125664176,-0.016622371,0.346263384,0.842994196,0.283285602,0.486580432
5624,562.400000,0.713839602,0.125664166,-0.016627897,0.346060632,0.842994192,0.283279618,0.486556839
5625,562.500000,0.713839604,0.125664155,-0.016633423,0.345857880,0.842994188,0.283273635,0.486533246
5626,562.600000,0.713839606,0.125664145,-0.016638949,0.345655127,0.842994183,0.283267651,0.486509653
5627,562.700000,0.713839608,0.125664134,-0.016644475,0.345452375,0.842994179,0.283261668,0.486486060
5628,562.800000,0.713839610,0.125664124,-0.016650001,0.345249623,0.842994175,0.283255684,0.486462467
5629,562.900000,0.713839612,0.125664113,-0.016655527,0.345046870,0.842994171,0.283249701,0.486438874
5630,563.000000,0.713839614,0.125664102,-0.016661054,0.344844118,0.842994166,0.283243717,0.486415281
5631,563.100000,0.713839616,0.125664092,-0.016666580,0.344641366,0.842994162,0.283237734,0.486391688
5632,563.200000,0.713839618,0.125664081,-0.016672106,0.344438614,0.842994158,0.283231750,0.486368095
5633,563.300000,0.713839620,0.125664071,-0.016677632,0.344235861,0.842994154,0.283225767,0.486344502
5634,563.400000,0.713839622,0.125664060,-0.016683158,0.344033109,0.842994150,0.283219783,0.486320909
5635,563.500000,0.713839625,0.125664050,-0.016688684,0.343830357,0.842994145,0.283213800,0.486297316
5636,563.600000,0.713839627,0.125664039,-0.016694210,0.343627605,0.842994141,0.283207816,0.486273723
5637,563.700000,0.713839629,0.125664029,-0.016699737,0.343424852,0.842994137,0.283201833,0.486250130
5638,563.800000,0.713839631,0.125664018,-0.016705263,0.343222100,0.842994133,0.283195849,0.486226537
5639,563.900000,0.713839633,0.125664007,-0.016710789,0.343019348,0.842994129,0.283189866,0.486202944
5640,564.000000,0.713839635,0.125663997,-0.016716315,0.342816595,0.842994124,0.283183882,0.486179351
5641,564.100000,0.713839637,0.125663986,-0.016721841,0.342613843,0.842994120,0.283177899,0.486155758
5642,564.200000,0.713839639,0.125663976,-0.016727367,0.342411091,0.842994116,0.283171915,0.486132165
5643,564.300000,0.713839641,0.125663965,-0.016732893,0.342208339,0.842994112,0.283165932,0.486108572
5644,564.400000,0.713839643,0.125663955,-0.016738420,0.342005586,0.842994107,0.283159948,0.486084979
5645,564.500000,0.713839645,0.125663944,-0.016743946,0.341802834,0.842994103,0.283153965,0.486061386
5646,564.600000,0.713839648,0.125663934,-0.016749472,0.341600082,0.842994099,0.283147981,0.486037793
5647,564.700000,0.713839650,0.125663923,-0.016754998,0.341397329,0.842994095,0.283141998,0.486014200
5648,564.800000,0.713839650,0.125690754,-0.016767754,0.341281597,0.842994092,0.283134166,0.485996078
5649,564.900000,0.713839650,0.125724036,-0.016782248,0.341186782,0.842994090,0.283125890,0.485979270
5650,565.000000,0.713839650,0.125757319,-0.016796742,0.341091968,0.842994088,0.283117614,0.485962463
5651,565.100000,0.713839650,0.125790602,-0.016811235,0.340997154,0.842994086,0.283109338,0.485945656
5652,565.200000,0.713839650,0.125823885,-0.016825729,0.340902340,0.842994084,0.283101062,0.485928848
5653,565.300000,0.713839650,0.125857168,-0.016840223,0.340807525,0.842994082,0.283092786,0.485912041
5654,565.400000,0.713839650,0.125890450,-0.016854717,0.340712711,0.842994080,0.283084510,0.485895234
5655,565.500000,0.713839650,0.125923733,-0.016869211,0.340617897,0.842994077,0.283076234,0.485878426
5656,565.600000,0.713839650,0.125957016,-0.016883704,0.340523083,0.842994075,0.283067958,0.485861619
5657,565.700000,0.713839650,0.125990299,-0.016898198,0.340428268,0.842994073,0.283059682,0.485844811
5658,565.800000,0.713839650,0.126023582,-0.016912692,0.340333454,0.842994071,0.283051406,0.485828004
5659,565.900000,0.713839650,0.126056864,-0.016927186,0.340238640,0.842994069,0.283043130,0.485811197
5660,566.000000,0.713839650,0.126090147,-0.016941680,0.340143825,0.842994067,0.283034854,0.485794389
5661,566.100000,0.713839650,0.126123430,-0.016956174,0.340049011,0.842994065,0.283026578,0.485777582
5662,566.200000,0.713839650,0.126156713,-0.016970667,0.339954197,0.842994063,0.283018302,0.485760774
5663,566.300000,0.713839650,0.126189996,-0.016985161,0.339859383,0.842994060,0.283010026,0.485743967
5664,566.400000,0.713839650,0.126223278,-0.016999655,0.339764568,0.842994058,0.283001750,0.485727160
5665,566.500000,0.713839650,0.126256561,-0.017014149,0.339669754,0.842994056,0.282993474,0.485710352
5666,566.600000,0.713839650,0.126289844,-0.017028643,0.339574940,0.842994054,0.282985198,0.485693545
5667,566.700000,0.713839650,0.126323127,-0.017043136,0.339480126,0.842994052,0.282976923,0.485676737
5668,566.800000,0.713839650,0.126356409,-0.017057630,0.339385311,0.842994050,0.282968647,0.485659930
5669,566.900000,0.713839650,0.126389692,-0.017072124,0.339290497,0.842994048,0.282960371,0.485643123
5670,567.000000,0.713839650,0.126422975,-0.017086618,0.339195683,0.842994046,0.282952095,0.485626315
5671,567.100000,0.713839650,0.126456258,-0.017101112,0.339100868,0.842994043,0.282943819,0.485609508
5672,567.200000,0.713839650,0.126489541,-0.017115606,0.339006054,0.842994041,0.282935543,0.485592700
5673,567.300000,0.713839650,0.126522823,-0.017130099,0.338911240,0.842994039,0.282927267,0.485575893
5674,567.400000,0.713839650,0.126556106,-0.017144593,0.338816426,0.842994037,0.282918991,0.485559086
5675,567.500000,0.713839650,0.126589389,-0.017159087,0.338721611,0.842994035,0.282910715,0.485542278
5676,567.600000,0.713839651,0.126613224,-0.017168722,0.338659015,0.842994034,0.282895304,0.485531109
5677,567.700000,0.713839653,0.126629939,-0.017174695,0.338620702,0.842994034,0.282874515,0.485524188
5678,567.800000,0.713839655,0.126646654,-0.017180668,0.338582388,0.842994034,0.282853727,0.485517267
5679,567.900000,0.713839658,0.126663369,-0.017186641,0.338544074,0.842994034,0.282832938,0.485510346
5680,568.000000,0.713839660,0.126680084,-0.017192614,0.338505761,0.842994034,0.282812149,0.485503426
5681,568.100000,0.713839662,0.126696799,-0.017198587,0.338467447,0.842994034,0.282791361,0.485496505
5682,568.200000,0.713839664,0.126713514,-0.017204560,0.338429133,0.842994034,0.282770572,0.485489584
5683,568.300000,0.713839666,0.126730229,-0.017210533,0.338390820,0.842994034,0.282749784,0.485482664
5684,568.400000,0.713839668,0.126746944,-0.017216506,0.338352506,0.842994034,0.282728995,0.485475743
5685,568.500000,0.713839670,0.126763659,-0.017222480,0.338314192,0.842994034,0.282708206,0.485468822
5686,568.600000,0.713839672,0.126780374,-0.017228453,0.338275879,0.842994034,0.282687418,0.485461901
5687,568.700000,0.713839675,0.126797089,-0.017234426,0.338237565,0.842994034,0.282666629,0.485454981
5688,568.800000,0.713839677,0.126813804,-0.017240399,0.338199251,0.842994034,0.282645841,0.485448060
5689,568.900000,0.713839679,0.126830519,-0.017246372,0.338160937,0.842994034,0.282625052,0.485441139
5690,569.000000,0.713839681,0.126847234,-0.017252345,0.338122624,0.842994034,0.282604263,0.485434219
5691,569.100000,0.713839683,0.126863949,-0.017258318,0.338084310,0.842994034,0.282583475,0.485427298
5692,569.200000,0.713839685,0.126880664,-0.017264291,0.338045996,0.842994034,0.282562686,0.485420377
5693,569.300000,0.713839687,0.126897379,-0.017270264,0.338007683,0.842994034,0.282541898,0.485413457
5694,569.400000,0.713839689,0.126914094,-0.017276237,0.337969369,0.842994034,0.282521109,0.485406536
5695,569.500000,0.713839692,0.126930809,-0.017282210,0.337931055,0.842994034,0.282500320,0.485399615
5696,569.600000,0.713839694,0.126947524,-0.017288183,0.337892742,0.842994034,0.282479532,0.485392694
5697,569.700000,0.713839696,0.126964239,-0.017294156,0.337854428,0.842994034,0.282458743,0.485385774
5698,569.800000,0.713839698,0.126980954,-0.017300129,0.337816114,0.842994034,0.282437955,0.485378853
5699,569.900000,0.713839700,0.126997669,-0.017306102,0.337777801,0.842994034,0.282417166,0.485371932
5700,570.000000,0.713839702,0.127014384,-0.017312075,0.337739487,0.842994034,0.282396378,0.485365012
5701,570.100000,0.713839704,0.127031099,-0.017318048,0.337701173,0.842994034,0.282375589,0.485358091
5702,570.200000,0.713839706,0.127047814,-0.017324021,0.337662860,0.842994034,0.282354800,0.485351170
5703,570.300000,0.713839709,0.127064529,-0.017329995,0.337624546,0.842994034,0.282334012,0.485344249
5704,570.400000,0.713839710,0.127077972,-0.017334799,0.337593803,0.842994034,0.282308817,0.485338683
5705,570.500000,0.713839710,0.127084899,-0.017337277,0.337578137,0.842994034,0.282274848,0.485335814
5706,570.600000,0.713839710,0.127091825,-0.017339754,0.337562472,0.842994034,0.282240879,0.485332945
5707,570.700000,0.713839710,0.127098752,-0.017342232,0.337546807,0.842994034,0.282206909,0.485330077
5708,570.800000,0.713839710,0.127105679,-0.017344710,0.337531141,0.842994034,0.282172940,0.485327208
5709,570.900000,0.713839710,0.127112605,-0.017347187,0.337515476,0.842994034,0.282138971,0.485324339
5710,571.000000,0.713839710,0.127119532,-0.017349665,0.337499811,0.842994034,0.282105001,0.485321470
5711,571.100000,0.713839710,0.127126458,-0.017352143,0.337484145,0.842994034,0.282071032,0.485318602
5712,571.200000,0.713839710,0.127133385,-0.017354620,0.337468480,0.842994034,0.282037062,0.485315733
5713,571.300000,0.713839710,0.127140311,-0.017357098,0.337452815,0.842994034,0.282003093,0.485312864
5714,571.400000,0.713839710,0.127147238,-0.017359576,0.337437149,0.842994034,0.281969124,0.485309995
5715,571.500000,0.713839710,0.127154164,-0.017362053,0.337421484,0.842994034,0.281935154,0.485307126
5716,571.600000,0.713839710,0.127161091,-0.017364531,0.337405819,0.842994034,0.281901185,0.485304258
5717,571.700000,0.713839710,0.127168017,-0.017367009,0.337390153,0.842994034,0.281867216,0.485301389
5718,571.800000,0.713839710,0.127174944,-0.017369486,0.337374488,0.842994034,0.281833246,0.485298520
5719,571.900000,0.713839710,0.127181871,-0.017371964,0.337358823,0.842994034,0.281799277,0.485295651
5720,572.000000,0.713839710,0.127188797,-0.017374442,0.337343157,0.842994034,0.281765307,0.485292782
5721,572.100000,0.713839710,0.127195724,-0.017376919,0.337327492,0.842994034,0.281731338,0.485289914
5722,572.200000,0.713839710,0.127202650,-0.017379397,0.337311827,0.842994034,0.281697369,0.485287045
5723,572.300000,0.713839710,0.127209577,-0.017381875,0.337296161,0.842994034,0.281663399,0.485284176
5724,572.400000,0.713839710,0.127216503,-0.017384352,0.337280496,0.842994034,0.281629430,0.485281307
5725,572.500000,0.713839710,0.127223430,-0.017386830,0.337264831,0.842994034,0.281595461,0.485278439
5726,572.600000,0.713839710,0.127230356,-0.017389308,0.337249165,0.842994034,0.281561491,0.485275570
5727,572.700000,0.713839710,0.127237283,-0.017391785,0.337233500,0.842994034,0.281527522,0.485272701
5728,572.800000,0.713839710,0.127244210,-0.017394263,0.337217835,0.842994034,0.281493553,0.485269832
5729,572.900000,0.713839710,0.127251136,-0.017396741,0.337202169,0.842994034,0.281459583,0.485266963
5730,573.000000,0.713839710,0.127258063,-0.017399218,0.337186504,0.842994034,0.281425614,0.485264095
5731,573.100000,0.713839710,0.127264989,-0.017401696,0.337170839,0.842994034,0.281391644,0.485261226
5732,573.200000,0.713838509,0.127273227,-0.017404031,0.337156083,0.842994034,0.281332871,0.485258523
5733,573.300000,0.713826291,0.127293495,-0.017405054,0.337149672,0.842994034,0.281046557,0.485257338
5734,573.400000,0.713814073,0.127313763,-0.017406078,0.337143261,0.842994034,0.280760243,0.485256154
5735,573.500000,0.713801855,0.127334030,-0.017407101,0.337136850,0.842994034,0.280473929,0.485254970
5736,573.600000,0.713789636,0.127354298,-0.017408125,0.337130439,0.842994034,0.280187615,0.485253786
5737,573.700000,0.713777418,0.127374566,-0.017409149,0.337124028,0.842994034,0.279901301,0.485252601
5738,573.800000,0.713765200,0.127394834,-0.017410172,0.337117617,0.842994034,0.279614987,0.485251417
5739,573.900000,0.713752982,0.127415101,-0.017411196,0.337111206,0.842994034,0.279328673,0.485250233
5740,574.000000,0.713740764,0.127435369,-0.017412220,0.337104795,0.842994034,0.279042358,0.485249049
5741,574.100000,0.713728545,0.127455637,-0.017413243,0.337098384,0.842994034,0.278756044,0.485247864
5742,574.200000,0.713716327,0.127475904,-0.017414267,0.337091973,0.842994034,0.278469730,0.485246680
5743,574.300000,0.713704109,0.127496172,-0.017415290,0.337085563,0.842994034,0.278183416,0.485245496
5744,574.400000,0.713691891,0.127516440,-0.017416314,0.337079152,0.842994034,0.277897102,0.485244312
5745,574.500000,0.713679673,0.127536708,-0.017417338,0.337072741,0.842994034,0.277610788,0.485243128
5746,574.600000,0.713667455,0.127556975,-0.017418361,0.337066330,0.842994034,0.277324474,0.485241943
5747,574.700000,0.713655236,0.127577243,-0.017419385,0.337059919,0.842994034,0.277038159,0.485240759
5748,574.800000,0.713643018,0.127597511,-0.017420409,0.337053508,0.842994034,0.276751845,0.485239575
5749,574.900000,0.713630800,0.127617779,-0.017421432,0.337047097,0.842994034,0.276465531,0.485238391
5750,575.000000,0.713618582,0.127638046,-0.017422456,0.337040686,0.842994034,0.276179217,0.485237206
5751,575.100000,0.713606364,0.127658314,-0.017423479,0.337034275,0.842994034,0.275892903,0.485236022
5752,575.200000,0.713594146,0.127678582,-0.017424503,0.337027864,0.842994034,0.275606589,0.485234838
5753,575.300000,0.713581927,0.127698849,-0.017425527,0.337021453,0.842994034,0.275320275,0.485233654
5754,575.400000,0.713569709,0.127719117,-0.017426550,0.337015042,0.842994034,0.275033961,0.485232469
5755,575.500000,0.713557491,0.127739385,-0.017427574,0.337008631,0.842994034,0.274747646,0.485231285
5756,575.600000,0.713545273,0.127759653,-0.017428598,0.337002220,0.842994034,0.274461332,0.485230101
5757,575.700000,0.713533055,0.127779920,-0.017429621,0.336995809,0.842994034,0.274175018,0.485228917
5758,575.800000,0.713520837,0.127800188,-0.017430645,0.336989399,0.842994034,0.273888704,0.485227733
5759,575.900000,0.713508618,0.127820456,-0.017431668,0.336982988,0.842994034,0.273602390,0.485226548
5760,576.000000,0.713496400,0.127840724,-0.017432692,0.336976577,0.842994034,0.273316076,0.485225364
5761,576.100000,0.713469612,0.127867028,-0.017433199,0.336954313,0.842994034,0.272980049,0.485227327
5762,576.200000,0.713440498,0.127894295,-0.017433624,0.336929519,0.842994034,0.272636085,0.485229793
5763,576.300000,0.713411384,0.127921563,-0.017434049,0.336904725,0.842994034,0.272292120,0.485232258
5764,576.400000,0.713382270,0.127948830,-0.017434474,0.336879931,0.842994034,0.271948156,0.485234724
5765,576.500000,0.713353155,0.127976098,-0.017434899,0.336855137,0.842994034,0.271604192,0.485237189
5766,576.600000,0.713324041,0.128003366,-0.017435324,0.336830343,0.842994034,0.271260228,0.485239655
5767,576.700000,0.713294927,0.128030633,-0.017435749,0.336805548,0.842994034,0.270916264,0.485242121
5768,576.800000,0.713265813,0.128057901,-0.017436174,0.336780754,0.842994034,0.270572300,0.485244586
5769,576.900000,0.713236699,0.128085169,-0.017436599,0.336755960,0.842994034,0.270228336,0.485247052
5770,577.000000,0.713207585,0.128112436,-0.017437024,0.336731166,0.842994034,0.269884372,0.485249517
5771,577.100000,0.713178470,0.128139704,-0.017437449,0.336706372,0.842994034,0.269540408,0.485251983
5772,577.200000,0.713149356,0.128166971,-0.017437874,0.336681578,0.842994034,0.269196443,0.485254448
5773,577.300000,0.713120242,0.128194239,-0.017438299,0.336656784,0.842994034,0.268852479,0.485256914
5774,577.400000,0.713091128,0.128221507,-0.017438724,0.336631989,0.842994034,0.268508515,0.485259380
5775,577.500000,0.713062014,0.128248774,-0.017439149,0.336607195,0.842994034,0.268164551,0.485261845
5776,577.600000,0.713032900,0.128276042,-0.017439574,0.336582401,0.842994034,0.267820587,0.485264311
5777,577.700000,0.713003785,0.128303310,-0.017439999,0.336557607,0.842994034,0.267476623,0.485266776
5778,577.800000,0.712974671,0.128330577,-0.017440424,0.336532813,0.842994034,0.267132659,0.485269242
5779,577.900000,0.712945557,0.128357845,-0.017440849,0.336508019,0.842994034,0.266788695,0.485271708
5780,578.000000,0.712916443,0.128385113,-0.017441274,0.336483224,0.842994034,0.266444731,0.485274173
5781,578.100000,0.712887329,0.128412380,-0.017441699,0.336458430,0.842994034,0.266100766,0.485276639
5782,578.200000,0.712858214,0.128439648,-0.017442123,0.336433636,0.842994034,0.265756802,0.485279104
5783,578.300000,0.712829100,0.128466915,-0.017442548,0.336408842,0.842994034,0.265412838,0.485281570
5784,578.400000,0.712799986,0.128494183,-0.017442973,0.336384048,0.842994034,0.265068874,0.485284035
5785,578.500000,0.712770872,0.128521451,-0.017443398,0.336359254,0.842994034,0.264724910,0.485286501
5786,578.600000,0.712741758,0.128548718,-0.017443823,0.336334460,0.842994034,0.264380946,0.485288967
5787,578.700000,0.712712644,0.128575986,-0.017444248,0.336309665,0.842994034,0.264036982,0.485291432
5788,578.800000,0.712683529,0.128603254,-0.017444673,0.336284871,0.842994034,0.263693018,0.485293898
5789,578.900000,0.712665093,0.128620513,-0.017467745,0.336148293,0.842994034,0.263399642,0.485301897
5790,579.000000,0.712653027,0.128631802,-0.017504326,0.335945031,0.842994034,0.263136445,0.485313197
5791,579.100000,0.712640961,0.128643090,-0.017540907,0.335741769,0.842994034,0.262873248,0.485324497
5792,579.200000,0.712628895,0.128654379,-0.017577489,0.335538507,0.842994034,0.262610051,0.485335796
5793,579.300000,0.712616829,0.128665668,-0.017614070,0.335335245,0.842994034,0.262346854,0.485347096
5794,579.400000,0.712604762,0.128676957,-0.017650651,0.335131983,0.842994034,0.262083657,0.485358396
5795,579.500000,0.712592696,0.128688246,-0.017687233,0.334928721,0.842994034,0.261820460,0.485369696
5796,579.600000,0.712580630,0.128699535,-0.017723814,0.334725459,0.842994034,0.261557262,0.485380996
5797,579.700000,0.712568564,0.128710823,-0.017760395,0.334522196,0.842994034,0.261294065,0.485392296
5798,579.800000,0.712556498,0.128722112,-0.017796976,0.334318934,0.842994034,0.261030868,0.485403596
5799,579.900000,0.712544432,0.128733401,-0.017833558,0.334115672,0.842994034,0.260767671,0.485414896
5800,580.000000,0.712532365,0.128744690,-0.017870139,0.333912410,0.842994034,0.260504474,0.485426196
5801,580.100000,0.712520299,0.128755979,-0.017906720,0.333709148,0.842994034,0.260241277,0.485437496
5802,580.200000,0.712508233,0.128767268,-0.017943302,0.333505886,0.842994034,0.259978080,0.485448796
5803,580.300000,0.712496167,0.128778556,-0.017979883,0.333302624,0.842994034,0.259714882,0.485460096
5804,580.400000,0.712484101,0.128789845,-0.018016464,0.333099362,0.842994034,0.259451685,0.485471395
5805,580.500000,0.712472035,0.128801134,-0.018053045,0.332896100,0.842994034,0.259188488,0.485482695
5806,580.600000,0.712459968,0.128812423,-0.018089627,0.332692838,0.842994034,0.258925291,0.485493995
5807,580.700000,0.712447902,0.128823712,-0.018126208,0.332489576,0.842994034,0.258662094,0.485505295
5808,580.800000,0.712435836,0.128835001,-0.018162789,0.332286314,0.842994034,0.258398897,0.485516595
5809,580.900000,0.712423770,0.128846289,-0.018199371,0.332083052,0.842994034,0.258135700,0.485527895
5810,581.000000,0.712411704,0.128857578,-0.018235952,0.331879790,0.842994034,0.257872503,0.485539195
5811,581.100000,0.712399638,0.128868867,-0.018272533,0.331676528,0.842994034,0.257609305,0.485550495
5812,581.200000,0.712387571,0.128880156,-0.018309114,0.331473266,0.842994034,0.257346108,0.485561795
5813,581.300000,0.712375505,0.128891445,-0.018345696,0.331270004,0.842994034,0.257082911,0.485573095
5814,581.400000,0.712363439,0.128902734,-0.018382277,0.331066742,0.842994034,0.256819714,0.485584395
5815,581.500000,0.712351373,0.128914022,-0.018418858,0.330863480,0.842994034,0.256556517,0.485595694
5816,581.600000,0.712339307,0.128925311,-0.018455440,0.330660217,0.842994034,0.256293320,0.485606994
5817,581.700000,0.712318233,0.128934005,-0.018485884,0.330416548,0.842994034,0.256055130,0.485618035
5818,581.800000,0.712283094,0.128938645,-0.018506746,0.330109780,0.842994034,0.255855990,0.485628670
5819,581.900000,0.712247956,0.128943285,-0.018527608,0.329803012,0.842994034,0.255656851,0.485639305
5820,582.000000,0.712212817,0.128947926,-0.018548470,0.329496244,0.842994034,0.255457712,0.485649940
5821,582.100000,0.712177678,0.128952566,-0.018569331,0.329189476,0.842994034,0.255258572,0.485660575
5822,582.200000,0.712142539,0.128957207,-0.018590193,0.328882707,0.842994034,0.255059433,0.485671209
5823,582.300000,0.712107400,0.128961847,-0.018611055,0.328575939,0.842994034,0.254860293,0.485681844
5824,582.400000,0.712072261,0.128966487,-0.018631917,0.328269171,0.842994034,0.254661154,0.485692479
5825,582.500000,0.712037123,0.128971128,-0.018652779,0.327962403,0.842994034,0.254462015,0.485703114
5826,582.600000,0.712001984,0.128975768,-0.018673641,0.327655635,0.842994034,0.254262875,0.485713749
5827,582.700000,0.711966845,0.128980408,-0.018694502,0.327348867,0.842994034,0.254063736,0.485724384
5828,582.800000,0.711931706,0.128985049,-0.018715364,0.327042098,0.842994034,0.253864596,0.485735019
5829,582.900000,0.711896567,0.128989689,-0.018736226,0.326735330,0.842994034,0.253665457,0.485745654
5830,583.000000,0.711861428,0.128994330,-0.018757088,0.326428562,0.842994034,0.253466318,0.485756289
5831,583.100000,0.711826290,0.128998970,-0.018777950,0.326121794,0.842994034,0.253267178,0.485766924
5832,583.200000,0.711791151,0.129003610,-0.018798812,0.325815026,0.842994034,0.253068039,0.485777559
5833,583.300000,0.711756012,0.129008251,-0.018819673,0.325508258,0.842994034,0.252868899,0.485788194
5834,583.400000,0.711720873,0.129012891,-0.018840535,0.325201490,0.842994034,0.252669760,0.485798829
5835,583.500000,0.711685734,0.129017532,-0.018861397,0.324894721,0.842994034,0.252470621,0.485809464
5836,583.600000,0.711650595,0.129022172,-0.018882259,0.324587953,0.842994034,0.252271481,0.485820099
5837,583.700000,0.711615457,0.129026812,-0.018903121,0.324281185,0.842994034,0.252072342,0.485830734
5838,583.800000,0.711580318,0.129031453,-0.018923983,0.323974417,0.842994034,0.251873202,0.485841369
5839,583.900000,0.711545179,0.129036093,-0.018944844,0.323667649,0.842994034,0.251674063,0.485852004
5840,584.000000,0.711510040,0.129040734,-0.018965706,0.323360881,0.842994034,0.251474924,0.485862638
5841,584.100000,0.711474901,0.129045374,-0.018986568,0.323054113,0.842994034,0.251275784,0.485873273
5842,584.200000,0.711439762,0.129050014,-0.019007430,0.322747344,0.842994034,0.251076645,0.485883908
5843,584.300000,0.711404624,0.129054655,-0.019028292,0.322440576,0.842994034,0.250877505,0.485894543
5844,584.400000,0.711369485,0.129059295,-0.019049154,0.322133808,0.842994034,0.250678366,0.485905178
5845,584.500000,0.711336580,0.129063512,-0.019076925,0.321854929,0.842994034,0.250482060,0.485912395
5846,584.600000,0.711315907,0.129065412,-0.019142534,0.321728767,0.842994034,0.250301269,0.485900893
5847,584.700000,0.711295235,0.129067311,-0.019208143,0.321602605,0.842994034,0.250120479,0.485889392
5848,584.800000,0.711274562,0.129069210,-0.019273752,0.321476443,0.842994034,0.249939688,0.485877890
5849,584.900000,0.711253890,0.129071110,-0.019339361,0.321350281,0.842994034,0.249758898,0.485866389
5850,585.000000,0.711233217,0.129073009,-0.019404970,0.321224119,0.842994034,0.249578107,0.485854887
5851,585.100000,0.711212545,0.129074908,-0.019470579,0.321097958,0.842994034,0.249397317,0.485843386
5852,585.200000,0.711191872,0.129076807,-0.019536188,0.320971796,0.842994034,0.249216526,0.485831884
5853,585.300000,0.711171200,0.129078707,-0.019601797,0.320845634,0.842994034,0.249035736,0.485820383
5854,585.400000,0.711150527,0.129080606,-0.019667406,0.320719472,0.842994034,0.248854945,0.485808881
5855,585.500000,0.711129854,0.129082505,-0.019733015,0.320593310,0.842994034,0.248674155,0.485797380
5856,585.600000,0.711109182,0.129084405,-0.019798624,0.320467149,0.842994034,0.248493364,0.485785878
5857,585.700000,0.711088509,0.129086304,-0.019864233,0.320340987,0.842994034,0.248312574,0.485774377
5858,585.800000,0.711067837,0.129088203,-0.019929842,0.320214825,0.842994034,0.248131783,0.485762875
5859,585.900000,0.711047164,0.129090103,-0.019995451,0.320088663,0.842994034,0.247950993,0.485751374
5860,586.000000,0.711026492,0.129092002,-0.020061060,0.319962501,0.842994034,0.247770202,0.485739872
5861,586.100000,0.711005819,0.129093901,-0.020126669,0.319836340,0.842994034,0.247589412,0.485728371
5862,586.200000,0.710985147,0.129095801,-0.020192278,0.319710178,0.842994034,0.247408621,0.485716869
5863,586.300000,0.710964474,0.129097700,-0.020257887,0.319584016,0.842994034,0.247227831,0.485705368
5864,586.400000,0.710943802,0.129099599,-0.020323496,0.319457854,0.842994034,0.247047040,0.485693866
5865,586.500000,0.710923129,0.129101499,-0.020389105,0.319331692,0.842994034,0.246866250,0.485682365
5866,586.600000,0.710902457,0.129103398,-0.020454714,0.319205530,0.842994034,0.246685459,0.485670863
5867,586.700000,0.710881784,0.129105297,-0.020520323,0.319079369,0.842994034,0.246504669,0.485659362
5868,586.800000,0.710861112,0.129107197,-0.020585932,0.318953207,0.842994034,0.246323878,0.485647860
5869,586.900000,0.710840439,0.129109096,-0.020651541,0.318827045,0.842994034,0.246143088,0.485636359
5870,587.000000,0.710819766,0.129110995,-0.020717149,0.318700883,0.842994034,0.245962297,0.485624857
5871,587.100000,0.710799094,0.129112894,-0.020782758,0.318574721,0.842994034,0.245781507,0.485613356
5872,587.200000,0.710778421,0.129114794,-0.020848367,0.318448560,0.842994034,0.245600716,0.485601854
5873,587.300000,0.710757749,0.129116693,-0.020913976,0.318322398,0.842994034,0.245419926,0.485590353
5874,587.400000,0.710744037,0.129144638,-0.020932865,0.318265797,0.842994034,0.245283547,0.485584772
5875,587.500000,0.710730942,0.129174895,-0.020947606,0.318215373,0.842994034,0.245151112,0.485579716
5876,587.600000,0.710717848,0.129205152,-0.020962347,0.318164949,0.842994034,0.245018677,0.485574660
5877,587.700000,0.710704754,0.129235409,-0.020977087,0.318114524,0.842994034,0.244886242,0.485569604
5878,587.800000,0.710691660,0.129265667,-0.020991828,0.318064100,0.842994034,0.244753807,0.485564549
5879,587.900000,0.710678566,0.129295924,-0.021006568,0.318013676,0.842994034,0.244621372,0.485559493
5880,588.000000,0.710665472,0.129326181,-0.021021309,0.317963252,0.842994034,0.244488937,0.485554437
5881,588.100000,0.710652377,0.129356439,-0.021036050,0.317912827,0.842994034,0.244356502,0.485549382
5882,588.200000,0.710639283,0.129386696,-0.021050790,0.317862403,0.842994034,0.244224067,0.485544326
5883,588.300000,0.710626189,0.129416953,-0.021065531,0.317811979,0.842994034,0.244091632,0.485539270
5884,588.400000,0.710613095,0.129447210,-0.021080271,0.317761555,0.842994034,0.243959197,0.485534214
5885,588.500000,0.710600001,0.129477468,-0.021095012,0.317711130,0.842994034,0.243826762,0.485529159
5886,588.600000,0.710586906,0.129507725,-0.021109753,0.317660706,0.842994034,0.243694327,0.485524103
5887,588.700000,0.710573812,0.129537982,-0.021124493,0.317610282,0.842994034,0.243561892,0.485519047
5888,588.800000,0.710560718,0.129568239,-0.021139234,0.317559858,0.842994034,0.243429457,0.485513992
5889,588.900000,0.710547624,0.129598497,-0.021153974,0.317509434,0.842994034,0.243297022,0.485508936
5890,589.000000,0.710534530,0.129628754,-0.021168715,0.317459009,0.842994034,0.243164587,0.485503880
5891,589.100000,0.710521436,0.129659011,-0.021183456,0.317408585,0.842994034,0.243032152,0.485498824
5892,589.200000,0.710508341,0.129689268,-0.021198196,0.317358161,0.842994034,0.242899717,0.485493769
5893,589.300000,0.710495247,0.129719526,-0.021212937,0.317307737,0.842994034,0.242767282,0.485488713
5894,589.400000,0.710482153,0.129749783,-0.021227677,0.317257312,0.842994034,0.242634847,0.485483657
5895,589.500000,0.710469059,0.129780040,-0.021242418,0.317206888,0.842994034,0.242502412,0.485478602
5896,589.600000,0.710455965,0.129810297,-0.021257159,0.317156464,0.842994034,0.242369977,0.485473546
5897,589.700000,0.710442870,0.129840555,-0.021271899,0.317106040,0.842994034,0.242237542,0.485468490
5898,589.800000,0.710429776,0.129870812,-0.021286640,0.317055615,0.842994034,0.242105107,0.485463434
5899,589.900000,0.710416682,0.129901069,-0.021301380,0.317005191,0.842994034,0.241972672,0.485458379
5900,590.000000,0.710403588,0.129931326,-0.021316121,0.316954767,0.842994034,0.241840237,0.485453323
5901,590.100000,0.710390494,0.129961584,-0.021330862,0.316904343,0.842994034,0.241707802,0.485448267
5902,590.200000,0.710380323,0.129985297,-0.021329594,0.316873311,0.842991194,0.241608488,0.485442942
5903,590.300000,0.710371512,0.130005965,-0.021320879,0.316851301,0.842987034,0.241524584,0.485437492
5904,590.400000,0.710362700,0.130026633,-0.021312165,0.316829291,0.842982873,0.241440679,0.485432041
5905,590.500000,0.710353889,0.130047302,-0.021303450,0.316807282,0.842978712,0.241356775,0.485426591
5906,590.600000,0.710345078,0.130067970,-0.021294735,0.316785272,0.842974552,0.241272871,0.485421140
5907,590.700000,0.710336267,0.130088638,-0.021286020,0.316763262,0.842970391,0.241188966,0.485415690
5908,590.800000,0.710327456,0.130109306,-0.021277305,0.316741252,0.842966231,0.241105062,0.485410239
5909,590.900000,0.710318645,0.130129975,-0.021268590,0.316719242,0.842962070,0.241021158,0.485404789
5910,591.000000,0.710309834,0.130150643,-0.021259876,0.316697233,0.842957909,0.240937253,0.485399339
5911,591.100000,0.710301023,0.130171311,-0.021251161,0.316675223,0.842953749,0.240853349,0.485393888
5912,591.200000,0.710292212,0.130191979,-0.021242446,0.316653213,0.842949588,0.240769444,0.485388438
5913,591.300000,0.710283400,0.130212648,-0.021233731,0.316631203,0.842945427,0.240685540,0.485382987
5914,591.400000,0.710274589,0.130233316,-0.021225016,0.316609194,0.842941267,0.240601636,0.485377537
5915,591.500000,0.710265778,0.130253984,-0.021216301,0.316587184,0.842937106,0.240517731,0.485372086
5916,591.600000,0.710256967,0.130274653,-0.021207587,0.316565174,0.842932945,0.240433827,0.485366636
5917,591.700000,0.710248156,0.130295321,-0.021198872,0.316543164,0.842928785,0.240349923,0.485361185
5918,591.800000,0.710239345,0.130315989,-0.021190157,0.316521155,0.842924624,0.240266018,0.485355735
5919,591.900000,0.710230534,0.130336657,-0.021181442,0.316499145,0.842920463,0.240182114,0.485350284
5920,592.000000,0.710221723,0.130357326,-0.021172727,0.316477135,0.842916303,0.240098210,0.485344834
5921,592.100000,0.710212912,0.130377994,-0.021164012,0.316455125,0.842912142,0.240014305,0.485339383
5922,592.200000,0.710204101,0.130398662,-0.021155297,0.316433116,0.842907981,0.239930401,0.485333933
5923,592.300000,0.710195289,0.130419331,-0.021146583,0.316411106,0.842903821,0.239846496,0.485328483
5924,592.400000,0.710186478,0.130439999,-0.021137868,0.316389096,0.842899660,0.239762592,0.485323032
5925,592.500000,0.710177667,0.130460667,-0.021129153,0.316367086,0.842895499,0.239678688,0.485317582
5926,592.600000,0.710168856,0.130481335,-0.021120438,0.316345076,0.842891339,0.239594783,0.485312131
5927,592.700000,0.710160045,0.130502004,-0.021111723,0.316323067,0.842887178,0.239510879,0.485306681
5928,592.800000,0.710151234,0.130522672,-0.021103008,0.316301057,0.842883018,0.239426975,0.485301230
5929,592.900000,0.710142423,0.130543340,-0.021094294,0.316279047,0.842878857,0.239343070,0.485295780
5930,593.000000,0.710138166,0.130572843,-0.021078322,0.316206646,0.842830601,0.239231061,0.485299653
5931,593.100000,0.710139555,0.130613297,-0.021053356,0.316071780,0.842727686,0.239084212,0.485315084
5932,593.200000,0.710140944,0.130653752,-0.021028389,0.315936913,0.842624771,0.238937364,0.485330515
5933,593.300000,0.710142333,0.130694206,-0.021003423,0.315802047,0.842521856,0.238790515,0.485345946
5934,593.400000,0.710143722,0.130734660,-0.020978456,0.315667181,0.842418941,0.238643666,0.485361377
5935,593.500000,0.710145111,0.130775114,-0.020953490,0.315532314,0.842316026,0.238496818,0.485376808
5936,593.600000,0.710146500,0.130815568,-0.020928524,0.315397448,0.842213111,0.238349969,0.485392239
5937,593.700000,0.710147889,0.130856023,-0.020903557,0.315262581,0.842110196,0.238203121,0.485407670
5938,593.800000,0.710149278,0.130896477,-0.020878591,0.315127715,0.842007281,0.238056272,0.485423101
5939,593.900000,0.710150667,0.130936931,-0.020853624,0.314992849,0.841904366,0.237909423,0.485438532
5940,594.000000,0.710152056,0.130977385,-0.020828658,0.314857982,0.841801451,0.237762575,0.485453963
5941,594.100000,0.710153445,0.131017840,-0.020803691,0.314723116,0.841698536,0.237615726,0.485469394
5942,594.200000,0.710154834,0.131058294,-0.020778725,0.314588250,0.841595621,0.237468878,0.485484825
5943,594.300000,0.710156223,0.131098748,-0.020753758,0.314453383,0.841492706,0.237322029,0.485500256
5944,594.400000,0.710157612,0.131139202,-0.020728792,0.314318517,0.841389791,0.237175181,0.485515687
5945,594.500000,0.710159001,0.131179656,-0.020703825,0.314183651,0.841286876,0.237028332,0.485531118
5946,594.600000,0.710160390,0.131220111,-0.020678859,0.314048784,0.841183961,0.236881483,0.485546549
5947,594.700000,0.710161779,0.131260565,-0.020653893,0.313913918,0.841081046,0.236734635,0.485561980
5948,594.800000,0.710163168,0.131301019,-0.020628926,0.313779052,0.840978131,0.236587786,0.485577411
5949,594.900000,0.710164557,0.131341473,-0.020603960,0.313644185,0.840875216,0.236440938,0.485592842
5950,595.000000,0.710165946,0.131381928,-0.020578993,0.313509319,0.840772301,0.236294089,0.485608273
5951,595.100000,0.710167335,0.131422382,-0.020554027,0.313374453,0.840669386,0.236147240,0.485623704
5952,595.200000,0.710168724,0.131462836,-0.020529060,0.313239586,0.840566470,0.236000392,0.485639135
5953,595.300000,0.710170113,0.131503290,-0.020504094,0.313104720,0.840463555,0.235853543,0.485654566
5954,595.400000,0.710171502,0.131543744,-0.020479127,0.312969854,0.840360640,0.235706695,0.485669997
5955,595.500000,0.710172891,0.131584199,-0.020454161,0.312834987,0.840257725,0.235559846,0.485685428
5956,595.600000,0.710174280,0.131624653,-0.020429194,0.312700121,0.840154810,0.235412998,0.485700859
5957,595.700000,0.710175669,0.131665107,-0.020404228,0.312565255,0.840051895,0.235266149,0.485716290
5958,595.800000,0.710177518,0.131707492,-0.020379340,0.312435545,0.839920767,0.235111764,0.485733791
5959,595.900000,0.710181087,0.131757119,-0.020354749,0.312325169,0.839683849,0.234929118,0.485759056
5960,596.000000,0.710184657,0.131806746,-0.020330157,0.312214794,0.839446931,0.234746473,0.485784321
5961,596.100000,0.710188226,0.131856373,-0.020305565,0.312104419,0.839210013,0.234563827,0.485809586
5962,596.200000,0.710191796,0.131906000,-0.020280973,0.311994044,0.838973095,0.234381182,0.485834851
5963,596.300000,0.710195366,0.131955626,-0.020256381,0.311883669,0.838736177,0.234198536,0.485860116
5964,596.400000,0.710198935,0.132005253,-0.020231789,0.311773294,0.838499259,0.234015891,0.485885381
5965,596.500000,0.710202505,0.132054880,-0.020207197,0.311662919,0.838262341,0.233833245,0.485910646
5966,596.600000,0.710206074,0.132104507,-0.020182606,0.311552544,0.838025424,0.233650600,0.485935911
5967,596.700000,0.710209644,0.132154133,-0.020158014,0.311442169,0.837788506,0.233467954,0.485961175
5968,596.800000,0.710213214,0.132203760,-0.020133422,0.311331794,0.837551588,0.233285309,0.485986440
5969,596.900000,0.710216783,0.132253387,-0.020108830,0.311221418,0.837314670,0.233102663,0.486011705
5970,597.000000,0.710220353,0.132303014,-0.020084238,0.311111043,0.837077752,0.232920018,0.486036970
5971,597.100000,0.710223922,0.132352640,-0.020059646,0.311000668,0.836840834,0.232737372,0.486062235
5972,597.200000,0.710227492,0.132402267,-0.020035054,0.310890293,0.836603916,0.232554727,0.486087500
5973,597.300000,0.710231061,0.132451894,-0.020010463,0.310779918,0.836366998,0.232372081,0.486112765
5974,597.400000,0.710234631,0.132501521,-0.019985871,0.310669543,0.836130080,0.232189436,0.486138030
5975,597.500000,0.710238201,0.132551148,-0.019961279,0.310559168,0.835893162,0.232006790,0.486163295
5976,597.600000,0.710241770,0.132600774,-0.019936687,0.310448793,0.835656244,0.231824145,0.486188560
5977,597.700000,0.710245340,0.132650401,-0.019912095,0.310338418,0.835419326,0.231641499,0.486213824
5978,597.800000,0.710248909,0.132700028,-0.019887503,0.310228042,0.835182408,0.231458853,0.486239089
5979,597.900000,0.710252479,0.132749655,-0.019862911,0.310117667,0.834945490,0.231276208,0.486264354
5980,598.000000,0.710256049,0.132799281,-0.019838319,0.310007292,0.834708572,0.231093562,0.486289619
5981,598.100000,0.710259618,0.132848908,-0.019813728,0.309896917,0.834471654,0.230910917,0.486314884
5982,598.200000,0.710263188,0.132898535,-0.019789136,0.309786542,0.834234736,0.230728271,0.486340149
5983,598.300000,0.710266757,0.132948162,-0.019764544,0.309676167,0.833997818,0.230545626,0.486365414
5984,598.400000,0.710270327,0.132997789,-0.019739952,0.309565792,0.833760900,0.230362980,0.486390679
5985,598.500000,0.710273897,0.133047415,-0.019715360,0.309455417,0.833523982,0.230180335,0.486415944
5986,598.600000,0.710277466,0.133097042,-0.019690768,0.309345042,0.833287064,0.229997689,0.486441209
5987,598.700000,0.710278997,0.133124437,-0.019680220,0.309204257,0.833125953,0.229799583,0.486452046
5988,598.800000,0.710280475,0.133151252,-0.019670039,0.309062679,0.832966819,0.229601073,0.486462507
5989,598.900000,0.710281952,0.133178067,-0.019659857,0.308921101,0.832807685,0.229402563,0.486472967
5990,599.000000,0.710283430,0.133204882,-0.019649676,0.308779523,0.832648551,0.229204054,0.486483428
5991,599.100000,0.710284908,0.133231696,-0.019639494,0.308637945,0.832489418,0.229005544,0.486493889
5992,599.200000,0.710286386,0.133258511,-0.019629313,0.308496367,0.832330284,0.228807034,0.486504350
5993,599.300000,0.710287863,0.133285326,-0.019619131,0.308354789,0.832171150,0.228608524,0.486514810
5994,599.400000,0.710289341,0.133312141,-0.019608949,0.308213211,0.832012016,0.228410015,0.486525271
5995,599.500000,0.710290819,0.133338956,-0.019598768,0.308071632,0.831852883,0.228211505,0.486535732
5996,599.600000,0.710292296,0.133365771,-0.019588586,0.307930054,0.831693749,0.228012995,0.486546193
5997,599.700000,0.710293774,0.133392585,-0.019578405,0.307788476,0.831534615,0.227814485,0.486556653
5998,599.800000,0.710295252,0.133419400,-0.019568223,0.307646898,0.831375481,0.227615975,0.486567114
5999,599.900000,0.710296729,0.133446215,-0.019558042,0.307505320,0.831216348,0.227417466,0.486577575
6000,600.000000,0.710298207,0.133473030,-0.019547860,0.307363742,0.831057214,0.227218956,0.486588036
6001,600.100000,0.710299685,0.133499845,-0.019537679,0.307222164,0.830898080,0.227020446,0.486598497
6002,600.200000,0.710301162,0.133526660,-0.019527497,0.307080586,0.830738946,0.226821936,0.486608957
6003,600.300000,0.710302640,0.133553474,-0.019517316,0.306939008,0.830579813,0.226623427,0.486619418
6004,600.400000,0.710304118,0.133580289,-0.019507134,0.306797430,0.830420679,0.226424917,0.486629879
6005,600.500000,0.710305596,0.133607104,-0.019496952,0.306655852,0.830261545,0.226226407,0.486640340
6006,600.600000,0.710307073,0.133633919,-0.019486771,0.306514274,0.830102411,0.226027897,0.486650800
6007,600.700000,0.710308551,0.133660734,-0.019476589,0.306372696,0.829943278,0.225829387,0.486661261
6008,600.800000,0.710310029,0.133687549,-0.019466408,0.306231118,0.829784144,0.225630878,0.486671722
6009,600.900000,0.710311506,0.133714363,-0.019456226,0.306089540,0.829625010,0.225432368,0.486682183
6010,601.000000,0.710312984,0.133741178,-0.019446045,0.305947961,0.829465876,0.225233858,0.486692643
6011,601.100000,0.710314462,0.133767993,-0.019435863,0.305806383,0.829306742,0.225035348,0.486703104
6012,601.200000,0.710315939,0.133794808,-0.019425682,0.305664805,0.829147609,0.224836839,0.486713565
6013,601.300000,0.710317417,0.133821623,-0.019415500,0.305523227,0.828988475,0.224638329,0.486724026
6014,601.400000,0.710318895,0.133848438,-0.019405318,0.305381649,0.828829341,0.224439819,0.486734487
6015,601.500000,0.710319735,0.133867056,-0.019399540,0.305292218,0.828737652,0.224287718,0.486740424
6016,601.600000,0.710320349,0.133882775,-0.019395319,0.305221241,0.828669831,0.224152042,0.486744761
6017,601.700000,0.710320963,0.133898493,-0.019391098,0.305150265,0.828602011,0.224016365,0.486749098
6018,601.800000,0.710321578,0.133914211,-0.019386877,0.305079289,0.828534190,0.223880689,0.486753435
6019,601.900000,0.710322192,0.133929929,-0.019382657,0.305008312,0.828466370,0.223745012,0.486757772
6020,602.000000,0.710322806,0.133945647,-0.019378436,0.304937336,0.828398549,0.223609336,0.486762109
6021,602.100000,0.710323420,0.133961365,-0.019374215,0.304866359,0.828330728,0.223473660,0.486766446
6022,602.200000,0.710324035,0.133977083,-0.019369995,0.304795383,0.828262908,0.223337983,0.486770783
6023,602.300000,0.710324649,0.133992801,-0.019365774,0.304724407,0.828195087,0.223202307,0.486775120
6024,602.400000,0.710325263,0.134008519,-0.019361553,0.304653430,0.828127267,0.223066630,0.486779457
6025,602.500000,0.710325878,0.134024238,-0.019357332,0.304582454,0.828059446,0.222930954,0.486783794
6026,602.600000,0.710326492,0.134039956,-0.019353112,0.304511477,0.827991626,0.222795278,0.486788131
6027,602.700000,0.710327106,0.134055674,-0.019348891,0.304440501,0.827923805,0.222659601,0.486792468
6028,602.800000,0.710327720,0.134071392,-0.019344670,0.304369525,0.827855985,0.222523925,0.486796805
6029,602.900000,0.710328335,0.134087110,-0.019340450,0.304298548,0.827788164,0.222388248,0.486801142
6030,603.000000,0.710328949,0.134102828,-0.019336229,0.304227572,0.827720344,0.222252572,0.486805479
6031,603.100000,0.710329563,0.134118546,-0.019332008,0.304156596,0.827652523,0.222116895,0.486809815
6032,603.200000,0.710330178,0.134134264,-0.019327787,0.304085619,0.827584703,0.221981219,0.486814152
6033,603.300000,0.710330792,0.134149982,-0.019323567,0.304014643,0.827516882,0.221845543,0.486818489
6034,603.400000,0.710331406,0.134165700,-0.019319346,0.303943666,0.827449062,0.221709866,0.486822826
6035,603.500000,0.710332020,0.134181419,-0.019315125,0.303872690,0.827381241,0.221574190,0.486827163
6036,603.600000,0.710332635,0.134197137,-0.019310905,0.303801714,0.827313421,0.221438513,0.486831500
6037,603.700000,0.710333249,0.134212855,-0.019306684,0.303730737,0.827245600,0.221302837,0.486835837
6038,603.800000,0.710333863,0.134228573,-0.019302463,0.303659761,0.827177780,0.221167161,0.486840174
6039,603.900000,0.710334478,0.134244291,-0.019298242,0.303588784,0.827109959,0.221031484,0.486844511
6040,604.000000,0.710335092,0.134260009,-0.019294022,0.303517808,0.827042139,0.220895808,0.486848848
6041,604.100000,0.710335706,0.134275727,-0.019289801,0.303446832,0.826974318,0.220760131,0.486853185
6042,604.200000,0.710336320,0.134291445,-0.019285580,0.303375855,0.826906498,0.220624455,0.486857522
6043,604.300000,0.710336755,0.134316075,-0.019282597,0.303324220,0.826858799,0.220503657,0.486860587
6044,604.400000,0.710337013,0.134349522,-0.019280839,0.303291725,0.826831010,0.220397583,0.486862393
6045,604.500000,0.710337270,0.134382970,-0.019279081,0.303259229,0.826803221,0.220291508,0.486864199
6046,604.600000,0.710337528,0.134416417,-0.019277322,0.303226733,0.826775433,0.220185434,0.486866004
6047,604.700000,0.710337785,0.134449865,-0.019275564,0.303194237,0.826747644,0.220079359,0.486867810
6048,604.800000,0.710338043,0.134483312,-0.019273806,0.303161741,0.826719856,0.219973285,0.486869616
6049,604.900000,0.710338300,0.134516759,-0.019272047,0.303129245,0.826692067,0.219867210,0.486871422
6050,605.000000,0.710338558,0.134550207,-0.019270289,0.303096749,0.826664279,0.219761135,0.486873228
6051,605.100000,0.710338815,0.134583654,-0.019268531,0.303064253,0.826636490,0.219655061,0.486875034
6052,605.200000,0.710339073,0.134617102,-0.019266773,0.303031757,0.826608702,0.219548986,0.486876840
6053,605.300000,0.710339331,0.134650549,-0.019265014,0.302999261,0.826580913,0.219442912,0.486878646
6054,605.400000,0.710339588,0.134683997,-0.019263256,0.302966765,0.826553125,0.219336837,0.486880452
6055,605.500000,0.710339846,0.134717444,-0.019261498,0.302934269,0.826525336,0.219230763,0.486882258
6056,605.600000,0.710340103,0.134750892,-0.019259739,0.302901773,0.826497548,0.219124688,0.486884064
6057,605.700000,0.710340361,0.134784339,-0.019257981,0.302869277,0.826469759,0.219018614,0.486885870
6058,605.800000,0.710340618,0.134817786,-0.019256223,0.302836782,0.826441971,0.218912539,0.486887676
6059,605.900000,0.710340876,0.134851234,-0.019254465,0.302804286,0.826414182,0.218806464,0.486889481
6060,606.000000,0.710341133,0.134884681,-0.019252706,0.302771790,0.826386394,0.218700390,0.486891287
6061,606.100000,0.710341391,0.134918129,-0.019250948,0.302739294,0.826358605,0.218594315,0.486893093
6062,606.200000,0.710341648,0.134951576,-0.019249190,0.302706798,0.826330817,0.218488241,0.486894899
6063,606.300000,0.710341906,0.134985024,-0.019247431,0.302674302,0.826303028,0.218382166,0.486896705
6064,606.400000,0.710342163,0.135018471,-0.019245673,0.302641806,0.826275239,0.218276092,0.486898511
6065,606.500000,0.710342421,0.135051919,-0.019243915,0.302609310,0.826247451,0.218170017,0.486900317
6066,606.600000,0.710342678,0.135085366,-0.019242157,0.302576814,0.826219662,0.218063942,0.486902123
6067,606.700000,0.710342936,0.135118813,-0.019240398,0.302544318,0.826191874,0.217957868,0.486903929
6068,606.800000,0.710343193,0.135152261,-0.019238640,0.302511822,0.826164085,0.217851793,0.486905735
6069,606.900000,0.710343451,0.135185708,-0.019236882,0.302479326,0.826136297,0.217745719,0.486907541
6070,607.000000,0.710343708,0.135219156,-0.019235123,0.302446830,0.826108508,0.217639644,0.486909347
6071,607.100000,0.710342677,0.135255620,-0.019233639,0.302413631,0.826085092,0.217545754,0.486910871
6072,607.200000,0.710338103,0.135300382,-0.019232910,0.302378498,0.826073699,0.217485373,0.486911622
6073,607.300000,0.710333528,0.135345144,-0.019232180,0.302343364,0.826062306,0.217424991,0.486912372
6074,607.400000,0.710328954,0.135389905,-0.019231450,0.302308230,0.826050914,0.217364610,0.486913122
6075,607.500000,0.710324380,0.135434667,-0.019230720,0.302273097,0.826039521,0.217304228,0.486913873
6076,607.600000,0.710319805,0.135479428,-0.019229991,0.302237963,0.826028128,0.217243847,0.486914623
6077,607.700000,0.710315231,0.135524190,-0.019229261,0.302202830,0.826016735,0.217183465,0.486915374
6078,607.800000,0.710310656,0.135568951,-0.019228531,0.302167696,0.826005343,0.217123084,0.486916124
6079,607.900000,0.710306082,0.135613713,-0.019227801,0.302132563,0.825993950,0.217062702,0.486916875
6080,608.000000,0.710301507,0.135658475,-0.019227072,0.302097429,0.825982557,0.217002321,0.486917625
6081,608.100000,0.710296933,0.135703236,-0.019226342,0.302062296,0.825971164,0.216941939,0.486918375
6082,608.200000,0.710292359,0.135747998,-0.019225612,0.302027162,0.825959771,0.216881558,0.486919126
6083,608.300000,0.710287784,0.135792759,-0.019224882,0.301992028,0.825948379,0.216821176,0.486919876
6084,608.400000,0.710283210,0.135837521,-0.019224153,0.301956895,0.825936986,0.216760795,0.486920627
6085,608.500000,0.710278635,0.135882283,-0.019223423,0.301921761,0.825925593,0.216700413,0.486921377
6086,608.600000,0.710274061,0.135927044,-0.019222693,0.301886628,0.825914200,0.216640031,0.486922127
6087,608.700000,0.710269487,0.135971806,-0.019221964,0.301851494,0.825902808,0.216579650,0.486922878
6088,608.800000,0.710264912,0.136016567,-0.019221234,0.301816361,0.825891415,0.216519268,0.486923628
6089,608.900000,0.710260338,0.136061329,-0.019220504,0.301781227,0.825880022,0.216458887,0.486924379
6090,609.000000,0.710255763,0.136106091,-0.019219774,0.301746094,0.825868629,0.216398505,0.486925129
6091,609.100000,0.710251189,0.136150852,-0.019219045,0.301710960,0.825857236,0.216338124,0.486925880
6092,609.200000,0.710246614,0.136195614,-0.019218315,0.301675826,0.825845844,0.216277742,0.486926630
6093,609.300000,0.710242040,0.136240375,-0.019217585,0.301640693,0.825834451,0.216217361,0.486927380
6094,609.400000,0.710237466,0.136285137,-0.019216855,0.301605559,0.825823058,0.216156979,0.486928131
6095,609.500000,0.710232891,0.136329899,-0.019216126,0.301570426,0.825811665,0.216096598,0.486928881
6096,609.600000,0.710228317,0.136374660,-0.019215396,0.301535292,0.825800273,0.216036216,0.486929632
6097,609.700000,0.710223742,0.136419422,-0.019214666,0.301500159,0.825788880,0.215975835,0.486930382
6098,609.800000,0.710219168,0.136464183,-0.019213936,0.301465025,0.825777487,0.215915453,0.486931133
6099,609.900000,0.710214819,0.136508445,-0.019213220,0.301430184,0.825766300,0.215854950,0.486931870
6100,610.000000,0.710217595,0.136536926,-0.019212918,0.301404564,0.825761620,0.215790606,0.486932180
6101,610.100000,0.710220371,0.136565406,-0.019212616,0.301378945,0.825756940,0.215726261,0.486932490
6102,610.200000,0.710223147,0.136593886,-0.019212314,0.301353325,0.825752260,0.215661917,0.486932800
6103,610.300000,0.710225923,0.136622367,-0.019212011,0.301327706,0.825747581,0.215597573,0.486933111
6104,610.400000,0.710228699,0.136650847,-0.019211709,0.301302086,0.825742901,0.215533228,0.486933421
6105,610.500000,0.710231475,0.136679327,-0.019211407,0.301276467,0.825738221,0.215468884,0.486933731
6106,610.600000,0.710234250,0.136707808,-0.019211105,0.301250847,0.825733541,0.215404540,0.486934042
6107,610.700000,0.710237026,0.136736288,-0.019210803,0.301225228,0.825728861,0.215340195,0.486934352
6108,610.800000,0.710239802,0.136764769,-0.019210501,0.301199608,0.825724181,0.215275851,0.486934662
6109,610.900000,0.710242578,0.136793249,-0.019210199,0.301173989,0.825719501,0.215211507,0.486934973
6110,611.000000,0.710245354,0.136821729,-0.019209897,0.301148369,0.825714821,0.215147162,0.486935283
6111,611.100000,0.710248130,0.136850210,-0.019209595,0.301122750,0.825710141,0.215082818,0.486935593
6112,611.200000,0.710250906,0.136878690,-0.019209293,0.301097130,0.825705461,0.215018474,0.486935904
6113,611.300000,0.710253682,0.136907170,-0.019208991,0.301071511,0.825700781,0.214954130,0.486936214
6114,611.400000,0.710256458,0.136935651,-0.019208689,0.301045891,0.825696101,0.214889785,0.486936524
6115,611.500000,0.710259233,0.136964131,-0.019208387,0.301020272,0.825691421,0.214825441,0.486936835
6116,611.600000,0.710262009,0.136992612,-0.019208085,0.300994652,0.825686741,0.214761097,0.486937145
6117,611.700000,0.710264785,0.137021092,-0.019207783,0.300969033,0.825682061,0.214696752,0.486937455
6118,611.800000,0.710267561,0.137049572,-0.019207481,0.300943413,0.825677381,0.214632408,0.486937765
6119,611.900000,0.710270337,0.137078053,-0.019207178,0.300917794,0.825672701,0.214568064,0.486938076
6120,612.000000,0.710273113,0.137106533,-0.019206876,0.300892174,0.825668021,0.214503719,0.486938386
6121,612.100000,0.710275889,0.137135013,-0.019206574,0.300866555,0.825663341,0.214439375,0.486938696
6122,612.200000,0.710278665,0.137163494,-0.019206272,0.300840935,0.825658661,0.214375031,0.486939007
6123,612.300000,0.710281441,0.137191974,-0.019205970,0.300815316,0.825653981,0.214310686,0.486939317
6124,612.400000,0.710284217,0.137220455,-0.019205668,0.300789696,0.825649302,0.214246342,0.486939627
6125,612.500000,0.710286992,0.137248935,-0.019205366,0.300764077,0.825644622,0.214181998,0.486939938
6126,612.600000,0.710289768,0.137277415,-0.019205064,0.300738457,0.825639942,0.214117653,0.486940248
6127,612.700000,0.710292544,0.137305896,-0.019204762,0.300712838,0.825635262,0.214053309,0.486940558
6128,612.800000,0.710294102,0.137321816,-0.019204593,0.300698534,0.825632645,0.213989361,0.486940732
6129,612.900000,0.710295345,0.137334491,-0.019204458,0.300687153,0.825630562,0.213925516,0.486940870
6130,613.000000,0.710296589,0.137347167,-0.019204322,0.300675772,0.825628478,0.213861670,0.486941008
6131,613.100000,0.710297832,0.137359843,-0.019204187,0.300664390,0.825626395,0.213797824,0.486941147
6132,613.200000,0.710299075,0.137372519,-0.019204052,0.300653009,0.825624311,0.213733979,0.486941285
6133,613.300000,0.710300319,0.137385194,-0.019203917,0.300641628,0.825622228,0.213670133,0.486941423
6134,613.400000,0.710301562,0.137397870,-0.019203782,0.300630247,0.825620144,0.213606287,0.486941561
6135,613.500000,0.710302806,0.137410546,-0.019203647,0.300618866,0.825618061,0.213542442,0.486941700
6136,613.600000,0.710304049,0.137423221,-0.019203512,0.300607485,0.825615977,0.213478596,0.486941838
6137,613.700000,0.710305292,0.137435897,-0.019203377,0.300596103,0.825613894,0.213414751,0.486941976
6138,613.800000,0.710306536,0.137448573,-0.019203242,0.300584722,0.825611810,0.213350905,0.486942115
6139,613.900000,0.710307779,0.137461249,-0.019203107,0.300573341,0.825609727,0.213287059,0.486942253
6140,614.000000,0.710309022,0.137473924,-0.019202972,0.300561960,0.825607643,0.213223214,0.486942391
6141,614.100000,0.710310266,0.137486600,-0.019202837,0.300550579,0.825605560,0.213159368,0.486942529
6142,614.200000,0.710311509,0.137499276,-0.019202702,0.300539197,0.825603476,0.213095522,0.486942668
6143,614.300000,0.710312752,0.137511951,-0.019202567,0.300527816,0.825601392,0.213031677,0.486942806
6144,614.400000,0.710313996,0.137524627,-0.019202431,0.300516435,0.825599309,0.212967831,0.486942944
6145,614.500000,0.710315239,0.137537303,-0.019202296,0.300505054,0.825597225,0.212903986,0.486943082
6146,614.600000,0.710316482,0.137549979,-0.019202161,0.300493673,0.825595142,0.212840140,0.486943221
6147,614.700000,0.710317726,0.137562654,-0.019202026,0.300482291,0.825593058,0.212776294,0.486943359
6148,614.800000,0.710318969,0.137575330,-0.019201891,0.300470910,0.825590975,0.212712449,0.486943497
6149,614.900000,0.710320212,0.137588006,-0.019201756,0.300459529,0.825588891,0.212648603,0.486943635
6150,615.000000,0.710321456,0.137600681,-0.019201621,0.300448148,0.825586808,0.212584758,0.486943774
6151,615.100000,0.710322699,0.137613357,-0.019201486,0.300436767,0.825584724,0.212520912,0.486943912
6152,615.200000,0.710323942,0.137626033,-0.019201351,0.300425385,0.825582641,0.212457066,0.486944050
6153,615.300000,0.710325186,0.137638709,-0.019201216,0.300414004,0.825580557,0.212393221,0.486944188
6154,615.400000,0.710326429,0.137651384,-0.019201081,0.300402623,0.825578474,0.212329375,0.486944327
6155,615.500000,0.710327672,0.137664060,-0.019200946,0.300391242,0.825576390,0.212265529,0.486944465
6156,615.600000,0.710328462,0.137672099,-0.019200860,0.300384026,0.825575069,0.212221519,0.486944553
6157,615.700000,0.710328892,0.137676476,-0.019200813,0.300380098,0.825574349,0.212193171,0.486944602
6158,615.800000,0.710329323,0.137680853,-0.019200766,0.300376171,0.825573629,0.212164824,0.486944650
6159,615.900000,0.710329754,0.137685230,-0.019200720,0.300372243,0.825572909,0.212136477,0.486944699
6160,616.000000,0.710330184,0.137689607,-0.019200673,0.300368316,0.825572189,0.212108129,0.486944747
6161,616.100000,0.710330615,0.137693984,-0.019200626,0.300364389,0.825571470,0.212079782,0.486944796
6162,616.200000,0.710331046,0.137698361,-0.019200579,0.300360461,0.825570750,0.212051434,0.486944844
6163,616.300000,0.710331476,0.137702738,-0.019200532,0.300356534,0.825570030,0.212023087,0.486944893
6164,616.400000,0.710331907,0.137707115,-0.019200486,0.300352606,0.825569310,0.211994740,0.486944942
6165,616.500000,0.710332338,0.137711492,-0.019200439,0.300348679,0.825568590,0.211966392,0.486944990
6166,616.600000,0.710332768,0.137715869,-0.019200392,0.300344752,0.825567871,0.211938045,0.486945039
6167,616.700000,0.710333199,0.137720246,-0.019200345,0.300340824,0.825567151,0.211909697,0.486945087
6168,616.800000,0.710333630,0.137724623,-0.019200298,0.300336897,0.825566431,0.211881350,0.486945136
6169,616.900000,0.710334060,0.137729000,-0.019200252,0.300332969,0.825565711,0.211853003,0.486945184
6170,617.000000,0.710334491,0.137733377,-0.019200205,0.300329042,0.825564991,0.211824655,0.486945233
6171,617.100000,0.710334921,0.137737754,-0.019200158,0.300325115,0.825564271,0.211796308,0.486945281
6172,617.200000,0.710335352,0.137742131,-0.019200111,0.300321187,0.825563552,0.211767960,0.486945330
6173,617.300000,0.710335783,0.137746508,-0.019200065,0.300317260,0.825562832,0.211739613,0.486945379
6174,617.400000,0.710336213,0.137750885,-0.019200018,0.300313332,0.825562112,0.211711266,0.486945427
6175,617.500000,0.710336644,0.137755262,-0.019199971,0.300309405,0.825561392,0.211682918,0.486945476
6176,617.600000,0.710337075,0.137759640,-0.019199924,0.300305477,0.825560672,0.211654571,0.486945524
6177,617.700000,0.710337505,0.137764017,-0.019199877,0.300301550,0.825559952,0.211626224,0.486945573
6178,617.800000,0.710337936,0.137768394,-0.019199831,0.300297623,0.825559233,0.211597876,0.486945621
6179,617.900000,0.710338367,0.137772771,-0.019199784,0.300293695,0.825558513,0.211569529,0.486945670
6180,618.000000,0.710338797,0.137777148,-0.019199737,0.300289768,0.825557793,0.211541181,0.486945718
6181,618.100000,0.710339228,0.137781525,-0.019199690,0.300285840,0.825557073,0.211512834,0.486945767
6182,618.200000,0.710339659,0.137785902,-0.019199643,0.300281913,0.825556353,0.211484487,0.486945816
6183,618.300000,0.710340089,0.137790279,-0.019199597,0.300277986,0.825555633,0.211456139,0.486945864
6184,618.400000,0.710340439,0.137793830,-0.019198356,0.300274800,0.825555050,0.211414312,0.486945903
6185,618.500000,0.710340618,0.137795649,-0.019194612,0.300273170,0.825554752,0.211344204,0.486945924
6186,618.600000,0.710340798,0.137797467,-0.019190868,0.300271541,0.825554455,0.211274095,0.486945944
6187,618.700000,0.710340977,0.137799286,-0.019187123,0.300269911,0.825554157,0.211203987,0.486945964
6188,618.800000,0.710341157,0.137801104,-0.019183379,0.300268281,0.825553859,0.211133879,0.486945984
6189,618.900000,0.710341336,0.137802923,-0.019179634,0.300266652,0.825553562,0.211063771,0.486946004
6190,619.000000,0.710341515,0.137804741,-0.019175890,0.300265022,0.825553264,0.210993662,0.486946024
6191,619.100000,0.710341695,0.137806560,-0.019172146,0.300263392,0.825552966,0.210923554,0.486946044
6192,619.200000,0.710341874,0.137808379,-0.019168401,0.300261763,0.825552669,0.210853446,0.486946064
6193,619.300000,0.710342054,0.137810197,-0.019164657,0.300260133,0.825552371,0.210783338,0.486946084
6194,619.400000,0.710342233,0.137812016,-0.019160913,0.300258503,0.825552073,0.210713229,0.486946104
6195,619.500000,0.710342412,0.137813834,-0.019157168,0.300256874,0.825551776,0.210643121,0.486946124
6196,619.600000,0.710342592,0.137815653,-0.019153424,0.300255244,0.825551478,0.210573013,0.486946144
6197,619.700000,0.710342771,0.137817471,-0.019149680,0.300253614,0.825551180,0.210502905,0.486946165
6198,619.800000,0.710342951,0.137819290,-0.019145935,0.300251985,0.825550883,0.210432797,0.486946185
6199,619.900000,0.710343130,0.137821109,-0.019142191,0.300250355,0.825550585,0.210362688,0.486946205
6200,620.000000,0.710343310,0.137822927,-0.019138446,0.300248725,0.825550287,0.210292580,0.486946225
6201,620.100000,0.710343489,0.137824746,-0.019134702,0.300247096,0.825549990,0.210222472,0.486946245
6202,620.200000,0.710343668,0.137826564,-0.019130958,0.300245466,0.825549692,0.210152364,0.486946265
6203,620.300000,0.710343848,0.137828383,-0.019127213,0.300243836,0.825549394,0.210082255,0.486946285
6204,620.400000,0.710344027,0.137830201,-0.019123469,0.300242207,0.825549097,0.210012147,0.486946305
6205,620.500000,0.710344207,0.137832020,-0.019119725,0.300240577,0.825548799,0.209942039,0.486946325
6206,620.600000,0.710344386,0.137833838,-0.019115980,0.300238947,0.825548501,0.209871931,0.486946345
6207,620.700000,0.710344565,0.137835657,-0.019112236,0.300237318,0.825548204,0.209801822,0.486946365
6208,620.800000,0.710344745,0.137837476,-0.019108491,0.300235688,0.825547906,0.209731714,0.486946385
6209,620.900000,0.710344924,0.137839294,-0.019104747,0.300234058,0.825547608,0.209661606,0.486946406
6210,621.000000,0.710345104,0.137841113,-0.019101003,0.300232429,0.825547310,0.209591498,0.486946426
6211,621.100000,0.710345283,0.137842931,-0.019097258,0.300230799,0.825547013,0.209521389,0.486946446
6212,621.200000,0.710343716,0.137844657,-0.019091710,0.300229252,0.825546730,0.209452133,0.486946465
6213,621.300000,0.710323783,0.137845412,-0.019067188,0.300228576,0.825546606,0.209391835,0.486946473
6214,621.400000,0.710303849,0.137846166,-0.019042665,0.300227899,0.825546481,0.209331538,0.486946482
6215,621.500000,0.710283915,0.137846920,-0.019018143,0.300227223,0.825546357,0.209271240,0.486946490
6216,621.600000,0.710263982,0.137847674,-0.018993620,0.300226546,0.825546232,0.209210942,0.486946498
6217,621.700000,0.710244048,0.137848428,-0.018969098,0.300225870,0.825546108,0.209150645,0.486946507
6218,621.800000,0.710224114,0.137849182,-0.018944576,0.300225193,0.825545983,0.209090347,0.486946515
6219,621.900000,0.710204181,0.137849936,-0.018920053,0.300224516,0.825545859,0.209030050,0.486946524
6220,622.000000,0.710184247,0.137850691,-0.018895531,0.300223840,0.825545734,0.208969752,0.486946532
6221,622.100000,0.710164313,0.137851445,-0.018871008,0.300223163,0.825545609,0.208909454,0.486946541
6222,622.200000,0.710144379,0.137852199,-0.018846486,0.300222487,0.825545485,0.208849157,0.486946549
6223,622.300000,0.710124446,0.137852953,-0.018821963,0.300221810,0.825545360,0.208788859,0.486946557
6224,622.400000,0.710104512,0.137853707,-0.018797441,0.300221134,0.825545236,0.208728561,0.486946566
6225,622.500000,0.710084578,0.137854461,-0.018772919,0.300220457,0.825545111,0.208668264,0.486946574
6226,622.600000,0.710064645,0.137855215,-0.018748396,0.300219781,0.825544987,0.208607966,0.486946583
6227,622.700000,0.710044711,0.137855970,-0.018723874,0.300219104,0.825544862,0.208547669,0.486946591
6228,622.800000,0.710024777,0.137856724,-0.018699351,0.300218427,0.825544738,0.208487371,0.486946600
6229,622.900000,0.710004844,0.137857478,-0.018674829,0.300217751,0.825544613,0.208427073,0.486946608
6230,623.000000,0.709984910,0.137858232,-0.018650307,0.300217074,0.825544489,0.208366776,0.486946616
6231,623.100000,0.709964976,0.137858986,-0.018625784,0.300216398,0.825544364,0.208306478,0.486946625
6232,623.200000,0.709945043,0.137859740,-0.018601262,0.300215721,0.825544240,0.208246180,0.486946633
6233,623.300000,0.709925109,0.137860495,-0.018576739,0.300215045,0.825544115,0.208185883,0.486946642
6234,623.400000,0.709905175,0.137861249,-0.018552217,0.300214368,0.825543991,0.208125585,0.486946650
6235,623.500000,0.709885242,0.137862003,-0.018527695,0.300213692,0.825543866,0.208065288,0.486946659
6236,623.600000,0.709865308,0.137862757,-0.018503172,0.300213015,0.825543742,0.208004990,0.486946667
6237,623.700000,0.709845374,0.137863511,-0.018478650,0.300212339,0.825543617,0.207944692,0.486946675
6238,623.800000,0.709825440,0.137864265,-0.018454127,0.300211662,0.825543493,0.207884395,0.486946684
6239,623.900000,0.709805507,0.137865019,-0.018429605,0.300210985,0.825543368,0.207824097,0.486946692
6240,624.000000,0.709785573,0.137865774,-0.018405083,0.300210309,0.825543244,0.207763799,0.486946701
6241,624.100000,0.709792568,0.137866152,-0.018387256,0.300209969,0.825543180,0.207722882,0.486946705
6242,624.200000,0.709804284,0.137866465,-0.018370604,0.300209688,0.825543127,0.207685362,0.486946708
6243,624.300000,0.709816000,0.137866778,-0.018353952,0.300209408,0.825543075,0.207647842,0.486946711
6244,624.400000,0.709827716,0.137867091,-0.018337299,0.300209127,0.825543022,0.207610322,0.486946714
6245,624.500000,0.709839431,0.137867404,-0.018320647,0.300208846,0.825542969,0.207572802,0.486946717
6246,624.600000,0.709851147,0.137867717,-0.018303995,0.300208565,0.825542916,0.207535282,0.486946720
6247,624.700000,0.709862863,0.137868030,-0.018287342,0.300208284,0.825542863,0.207497762,0.486946724
6248,624.800000,0.709874579,0.137868343,-0.018270690,0.300208004,0.825542811,0.207460242,0.486946727
6249,624.900000,0.709886294,0.137868656,-0.018254038,0.300207723,0.825542758,0.207422722,0.486946730
6250,625.000000,0.709898010,0.137868969,-0.018237385,0.300207442,0.825542705,0.207385202,0.486946733
6251,625.100000,0.709909726,0.137869282,-0.018220733,0.300207161,0.825542652,0.207347682,0.486946736
6252,625.200000,0.709921442,0.137869595,-0.018204081,0.300206881,0.825542600,0.207310162,0.486946739
6253,625.300000,0.709933158,0.137869907,-0.018187428,0.300206600,0.825542547,0.207272642,0.486946743
6254,625.400000,0.709944873,0.137870220,-0.018170776,0.300206319,0.825542494,0.207235122,0.486946746
6255,625.500000,0.709956589,0.137870533,-0.018154124,0.300206038,0.825542441,0.207197602,0.486946749
6256,625.600000,0.709968305,0.137870846,-0.018137471,0.300205757,0.825542389,0.207160082,0.486946752
6257,625.700000,0.709980021,0.137871159,-0.018120819,0.300205477,0.825542336,0.207122562,0.486946755
6258,625.800000,0.709991736,0.137871472,-0.018104167,0.300205196,0.825542283,0.207085042,0.486946758
6259,625.900000,0.710003452,0.137871785,-0.018087514,0.300204915,0.825542230,0.207047522,0.486946761
6260,626.000000,0.710015168,0.137872098,-0.018070862,0.300204634,0.825542177,0.207010002,0.486946765
6261,626.100000,0.710026884,0.137872411,-0.018054210,0.300204354,0.825542125,0.206972483,0.486946768
6262,626.200000,0.710038599,0.137872724,-0.018037557,0.300204073,0.825542072,0.206934963,0.486946771
6263,626.300000,0.710050315,0.137873037,-0.018020905,0.300203792,0.825542019,0.206897443,0.486946774
6264,626.400000,0.710062031,0.137873350,-0.018004252,0.300203511,0.825541966,0.206859923,0.486946777
6265,626.500000,0.710073747,0.137873663,-0.017987600,0.300203230,0.825541914,0.206822403,0.486946780
6266,626.600000,0.710085463,0.137873976,-0.017970948,0.300202950,0.825541861,0.206784883,0.486946783
6267,626.700000,0.710097178,0.137874289,-0.017954295,0.300202669,0.825541808,0.206747363,0.486946787
6268,626.800000,0.710108894,0.137874601,-0.017937643,0.300202388,0.825541755,0.206709843,0.486946790
6269,626.900000,0.710112841,0.137852441,-0.017925104,0.300222730,0.825541722,0.206678176,0.486946792
6270,627.000000,0.710111923,0.137816203,-0.017915141,0.300255989,0.825541701,0.206650176,0.486946793
6271,627.100000,0.710111005,0.137779966,-0.017905179,0.300289248,0.825541680,0.206622176,0.486946794
6272,627.200000,0.710110087,0.137743729,-0.017895216,0.300322507,0.825541659,0.206594176,0.486946795
6273,627.300000,0.710109168,0.137707492,-0.017885253,0.300355766,0.825541638,0.206566176,0.486946796
6274,627.400000,0.710108250,0.137671255,-0.017875291,0.300389026,0.825541616,0.206538176,0.486946797
6275,627.500000,0.710107332,0.137635018,-0.017865328,0.300422285,0.825541595,0.206510175,0.486946798
6276,627.600000,0.710106414,0.137598781,-0.017855365,0.300455544,0.825541574,0.206482175,0.486946799
6277,627.700000,0.710105495,0.137562544,-0.017845403,0.300488803,0.825541553,0.206454175,0.486946800
6278,627.800000,0.710104577,0.137526307,-0.017835440,0.300522062,0.825541532,0.206426175,0.486946801
6279,627.900000,0.710103659,0.137490070,-0.017825477,0.300555321,0.825541511,0.206398175,0.486946802
6280,628.000000,0.710102741,0.137453833,-0.017815515,0.300588580,0.825541490,0.206370175,0.486946803
6281,628.100000,0.710101822,0.137417596,-0.017805552,0.300621839,0.825541469,0.206342175,0.486946804
6282,628.200000,0.710100904,0.137381359,-0.017795589,0.300655098,0.825541448,0.206314174,0.486946805
6283,628.300000,0.710099986,0.137345122,-0.017785627,0.300688357,0.825541427,0.206286174,0.486946807
6284,628.400000,0.710099067,0.137308885,-0.017775664,0.300721616,0.825541405,0.206258174,0.486946808
6285,628.500000,0.710098149,0.137272648,-0.017765701,0.300754875,0.825541384,0.206230174,0.486946809
6286,628.600000,0.710097231,0.137236411,-0.017755739,0.300788134,0.825541363,0.206202174,0.486946810
6287,628.700000,0.710096313,0.137200174,-0.017745776,0.300821393,0.825541342,0.206174174,0.486946811
6288,628.800000,0.710095394,0.137163937,-0.017735813,0.300854652,0.825541321,0.206146174,0.486946812
6289,628.900000,0.710094476,0.137127700,-0.017725850,0.300887911,0.825541300,0.206118173,0.486946813
6290,629.000000,0.710093558,0.137091463,-0.017715888,0.300921170,0.825541279,0.206090173,0.486946814
6291,629.100000,0.710092640,0.137055226,-0.017705925,0.300954429,0.825541258,0.206062173,0.486946815
6292,629.200000,0.710091721,0.137018989,-0.017695962,0.300987688,0.825541237,0.206034173,0.486946816
6293,629.300000,0.710090803,0.136982752,-0.017686000,0.301020947,0.825541215,0.206006173,0.486946817
6294,629.400000,0.710089885,0.136946514,-0.017676037,0.301054206,0.825541194,0.205978173,0.486946818
6295,629.500000,0.710088967,0.136910277,-0.017666074,0.301087465,0.825541173,0.205950173,0.486946819
6296,629.600000,0.710088048,0.136874040,-0.017656112,0.301120724,0.825541152,0.205922173,0.486946820
6297,629.700000,0.710089542,0.136831207,-0.017648370,0.301154345,0.825541136,0.205878594,0.486946821
6298,629.800000,0.710094991,0.136777562,-0.017644271,0.301188558,0.825541127,0.205809479,0.486946822
6299,629.900000,0.710100439,0.136723916,-0.017640171,0.301222771,0.825541119,0.205740365,0.486946824
6300,630.000000,0.710105888,0.136670271,-0.017636071,0.301256984,0.825541110,0.205671250,0.486946825
6301,630.100000,0.710111336,0.136616625,-0.017631971,0.301291198,0.825541102,0.205602135,0.486946826
6302,630.200000,0.710116784,0.136562979,-0.017627871,0.301325411,0.825541093,0.205533021,0.486946827
6303,630.300000,0.710122233,0.136509334,-0.017623771,0.301359624,0.825541085,0.205463906,0.486946828
6304,630.400000,0.710127681,0.136455688,-0.017619671,0.301393837,0.825541077,0.205394792,0.486946829
6305,630.500000,0.710133129,0.136402043,-0.017615571,0.301428050,0.825541068,0.205325677,0.486946830
6306,630.600000,0.710138578,0.136348397,-0.017611471,0.301462264,0.825541060,0.205256563,0.486946831
6307,630.700000,0.710144026,0.136294752,-0.017607371,0.301496477,0.825541051,0.205187448,0.486946832
6308,630.800000,0.710149475,0.136241106,-0.017603271,0.301530690,0.825541043,0.205118334,0.486946833
6309,630.900000,0.710154923,0.136187461,-0.017599172,0.301564903,0.825541034,0.205049219,0.486946834
6310,631.000000,0.710160371,0.136133815,-0.017595072,0.301599116,0.825541026,0.204980105,0.486946835
6311,631.100000,0.710165820,0.136080170,-0.017590972,0.301633330,0.825541017,0.204910990,0.486946836
6312,631.200000,0.710171268,0.136026524,-0.017586872,0.301667543,0.825541009,0.204841876,0.486946837
6313,631.300000,0.710176716,0.135972879,-0.017582772,0.301701756,0.825541000,0.204772761,0.486946838
6314,631.400000,0.710182165,0.135919233,-0.017578672,0.301735969,0.825540992,0.204703646,0.486946839
6315,631.500000,0.710187613,0.135865588,-0.017574572,0.301770183,0.825540983,0.204634532,0.486946841
6316,631.600000,0.710193061,0.135811942,-0.017570472,0.301804396,0.825540975,0.204565417,0.486946842
6317,631.700000,0.710198510,0.135758297,-0.017566372,0.301838609,0.825540967,0.204496303,0.486946843
6318,631.800000,0.710203958,0.135704651,-0.017562272,0.301872822,0.825540958,0.204427188,0.486946844
6319,631.900000,0.710209407,0.135651006,-0.017558172,0.301907035,0.825540950,0.204358074,0.486946845
6320,632.000000,0.710214855,0.135597360,-0.017554073,0.301941249,0.825540941,0.204288959,0.486946846
6321,632.100000,0.710220303,0.135543715,-0.017549973,0.301975462,0.825540933,0.204219845,0.486946847
6322,632.200000,0.710225752,0.135490069,-0.017545873,0.302009675,0.825540924,0.204150730,0.486946848
6323,632.300000,0.710231200,0.135436424,-0.017541773,0.302043888,0.825540916,0.204081616,0.486946849
6324,632.400000,0.710236648,0.135382778,-0.017537673,0.302078101,0.825540907,0.204012501,0.486946850
6325,632.500000,0.710241638,0.135324472,-0.017531044,0.302113050,0.825540899,0.203947049,0.486951562
6326,632.600000,0.710243875,0.135238218,-0.017509252,0.302152406,0.825540895,0.203903559,0.486984517
6327,632.700000,0.710246113,0.135151965,-0.017487460,0.302191763,0.825540891,0.203860069,0.487017472
6328,632.800000,0.710248351,0.135065712,-0.017465668,0.302231119,0.825540887,0.203816579,0.487050427
6329,632.900000,0.710250588,0.134979459,-0.017443876,0.302270476,0.825540883,0.203773088,0.487083382
6330,633.000000,0.710252826,0.134893205,-0.017422083,0.302309832,0.825540878,0.203729598,0.487116337
6331,633.100000,0.710255063,0.134806952,-0.017400291,0.302349189,0.825540874,0.203686108,0.487149292
6332,633.200000,0.710257301,0.134720699,-0.017378499,0.302388545,0.825540870,0.203642617,0.487182247
6333,633.300000,0.710259539,0.134634445,-0.017356707,0.302427902,0.825540866,0.203599127,0.487215202
6334,633.400000,0.710261776,0.134548192,-0.017334915,0.302467258,0.825540861,0.203555637,0.487248157
6335,633.500000,0.710264014,0.134461939,-0.017313123,0.302506615,0.825540857,0.203512147,0.487281112
6336,633.600000,0.710266252,0.134375686,-0.017291331,0.302545971,0.825540853,0.203468656,0.487314067
6337,633.700000,0.710268489,0.134289432,-0.017269539,0.302585328,0.825540849,0.203425166,0.487347022
6338,633.800000,0.710270727,0.134203179,-0.017247747,0.302624684,0.825540845,0.203381676,0.487379977
6339,633.900000,0.710272964,0.134116926,-0.017225955,0.302664041,0.825540840,0.203338186,0.487412933
6340,634.000000,0.710275202,0.134030672,-0.017204162,0.302703397,0.825540836,0.203294695,0.487445888
6341,634.100000,0.710277440,0.133944419,-0.017182370,0.302742754,0.825540832,0.203251205,0.487478843
6342,634.200000,0.710279677,0.133858166,-0.017160578,0.302782110,0.825540828,0.203207715,0.487511798
6343,634.300000,0.710281915,0.133771913,-0.017138786,0.302821467,0.825540824,0.203164224,0.487544753
6344,634.400000,0.710284152,0.133685659,-0.017116994,0.302860823,0.825540819,0.203120734,0.487577708
6345,634.500000,0.710286390,0.133599406,-0.017095202,0.302900180,0.825540815,0.203077244,0.487610663
6346,634.600000,0.710288628,0.133513153,-0.017073410,0.302939536,0.825540811,0.203033754,0.487643618
6347,634.700000,0.710290865,0.133426899,-0.017051618,0.302978893,0.825540807,0.202990263,0.487676573
6348,634.800000,0.710293103,0.133340646,-0.017029826,0.303018249,0.825540802,0.202946773,0.487709528
6349,634.900000,0.710295340,0.133254393,-0.017008034,0.303057606,0.825540798,0.202903283,0.487742483
6350,635.000000,0.710297578,0.133168140,-0.016986242,0.303096962,0.825540794,0.202859793,0.487775438
6351,635.100000,0.710299816,0.133081886,-0.016964449,0.303136319,0.825540790,0.202816302,0.487808393
6352,635.200000,0.710302053,0.132995633,-0.016942657,0.303175675,0.825540786,0.202772812,0.487841348
6353,635.300000,0.710304291,0.132909380,-0.016920865,0.303215032,0.825540781,0.202729322,0.487874303
6354,635.400000,0.710321154,0.132819215,-0.016896002,0.303284405,0.825540781,0.202687227,0.487892732
6355,635.500000,0.710339517,0.132728650,-0.016870823,0.303356857,0.825540781,0.202645275,0.487909672
6356,635.600000,0.710357880,0.132638084,-0.016845644,0.303429309,0.825540781,0.202603323,0.487926611
6357,635.700000,0.710376243,0.132547519,-0.016820465,0.303501761,0.825540781,0.202561371,0.487943550
6358,635.800000,0.710394606,0.132456954,-0.016795287,0.303574213,0.825540781,0.202519419,0.487960490
6359,635.900000,0.710412969,0.132366388,-0.016770108,0.303646665,0.825540781,0.202477467,0.487977429
6360,636.000000,0.710431332,0.132275823,-0.016744929,0.303719117,0.825540781,0.202435515,0.487994368
6361,636.100000,0.710449696,0.132185257,-0.016719750,0.303791568,0.825540781,0.202393563,0.488011307
6362,636.200000,0.710468059,0.132094692,-0.016694572,0.303864020,0.825540781,0.202351611,0.488028247
6363,636.300000,0.710486422,0.132004126,-0.016669393,0.303936472,0.825540781,0.202309659,0.488045186
6364,636.400000,0.710504785,0.131913561,-0.016644214,0.304008924,0.825540781,0.202267708,0.488062125
6365,636.500000,0.710523148,0.131822995,-0.016619035,0.304081376,0.825540781,0.202225756,0.488079065
6366,636.600000,0.710541511,0.131732430,-0.016593857,0.304153828,0.825540781,0.202183804,0.488096004
6367,636.700000,0.710559874,0.131641864,-0.016568678,0.304226280,0.825540781,0.202141852,0.488112943
6368,636.800000,0.710578237,0.131551299,-0.016543499,0.304298732,0.825540781,0.202099900,0.488129882
6369,636.900000,0.710596600,0.131460733,-0.016518320,0.304371184,0.825540781,0.202057948,0.488146822
6370,637.000000,0.710614964,0.131370168,-0.016493142,0.304443636,0.825540781,0.202015996,0.488163761
6371,637.100000,0.710633327,0.131279602,-0.016467963,0.304516088,0.825540781,0.201974044,0.488180700
6372,637.200000,0.710651690,0.131189037,-0.016442784,0.304588539,0.825540781,0.201932092,0.488197640
6373,637.300000,0.710670053,0.131098471,-0.016417606,0.304660991,0.825540781,0.201890140,0.488214579
6374,637.400000,0.710688416,0.131007906,-0.016392427,0.304733443,0.825540781,0.201848188,0.488231518
6375,637.500000,0.710706779,0.130917340,-0.016367248,0.304805895,0.825540781,0.201806236,0.488248457
6376,637.600000,0.710725142,0.130826775,-0.016342069,0.304878347,0.825540781,0.201764285,0.488265397
6377,637.700000,0.710743505,0.130736209,-0.016316891,0.304950799,0.825540781,0.201722333,0.488282336
6378,637.800000,0.710761868,0.130645644,-0.016291712,0.305023251,0.825540781,0.201680381,0.488299275
6379,637.900000,0.710780231,0.130555078,-0.016266533,0.305095703,0.825540781,0.201638429,0.488316215
6380,638.000000,0.710798595,0.130464513,-0.016241354,0.305168155,0.825540781,0.201596477,0.488333154
6381,638.100000,0.710816958,0.130373948,-0.016216176,0.305240607,0.825540781,0.201554525,0.488350093
6382,638.200000,0.710840672,0.130280744,-0.016200941,0.305305946,0.825557536,0.201524869,0.488360343
6383,638.300000,0.710867010,0.130186248,-0.016190583,0.305367798,0.825582507,0.201501242,0.488367314
6384,638.400000,0.710893349,0.130091751,-0.016180225,0.305429650,0.825607477,0.201477614,0.488374284
6385,638.500000,0.710919687,0.129997255,-0.016169866,0.305491501,0.825632447,0.201453987,0.488381254
6386,638.600000,0.710946025,0.129902758,-0.016159508,0.305553353,0.825657418,0.201430360,0.488388225
6387,638.700000,0.710972364,0.129808262,-0.016149150,0.305615205,0.825682388,0.201406733,0.488395195
6388,638.800000,0.710998702,0.129713765,-0.016138791,0.305677057,0.825707359,0.201383105,0.488402165
6389,638.900000,0.711025040,0.129619269,-0.016128433,0.305738909,0.825732329,0.201359478,0.488409136
6390,639.000000,0.711051379,0.129524772,-0.016118075,0.305800760,0.825757299,0.201335851,0.488416106
6391,639.100000,0.711077717,0.129430276,-0.016107716,0.305862612,0.825782270,0.201312223,0.488423076
6392,639.200000,0.711104055,0.129335779,-0.016097358,0.305924464,0.825807240,0.201288596,0.488430047
6393,639.300000,0.711130394,0.129241283,-0.016087000,0.305986316,0.825832210,0.201264969,0.488437017
6394,639.400000,0.711156732,0.129146786,-0.016076641,0.306048168,0.825857181,0.201241342,0.488443988
6395,639.500000,0.711183070,0.129052289,-0.016066283,0.306110020,0.825882151,0.201217714,0.488450958
6396,639.600000,0.711209409,0.128957793,-0.016055925,0.306171871,0.825907122,0.201194087,0.488457928
6397,639.700000,0.711235747,0.128863296,-0.016045566,0.306233723,0.825932092,0.201170460,0.488464899
6398,639.800000,0.711262085,0.128768800,-0.016035208,0.306295575,0.825957062,0.201146833,0.488471869
6399,639.900000,0.711288424,0.128674303,-0.016024850,0.306357427,0.825982033,0.201123205,0.488478839
6400,640.000000,0.711314762,0.128579807,-0.016014491,0.306419279,0.826007003,0.201099578,0.488485810
6401,640.100000,0.711341100,0.128485310,-0.016004133,0.306481130,0.826031974,0.201075951,0.488492780
6402,640.200000,0.711367439,0.128390814,-0.015993775,0.306542982,0.826056944,0.201052323,0.488499750
6403,640.300000,0.711393777,0.128296317,-0.015983416,0.306604834,0.826081914,0.201028696,0.488506721
6404,640.400000,0.711420115,0.128201821,-0.015973058,0.306666686,0.826106885,0.201005069,0.488513691
6405,640.500000,0.711446454,0.128107324,-0.015962699,0.306728538,0.826131855,0.200981442,0.488520662
6406,640.600000,0.711472792,0.128012828,-0.015952341,0.306790390,0.826156825,0.200957814,0.488527632
6407,640.700000,0.711499130,0.127918331,-0.015941983,0.306852241,0.826181796,0.200934187,0.488534602
6408,640.800000,0.711525468,0.127823835,-0.015931624,0.306914093,0.826206766,0.200910560,0.488541573
6409,640.900000,0.711551807,0.127729338,-0.015921266,0.306975945,0.826231737,0.200886933,0.488548543
6410,641.000000,0.711583231,0.127625399,-0.015913403,0.307049331,0.826258751,0.200851620,0.488569611
6411,641.100000,0.711621260,0.127509199,-0.015908781,0.307137696,0.826288421,0.200801133,0.488608988
6412,641.200000,0.711659288,0.127392998,-0.015904158,0.307226062,0.826318090,0.200750646,0.488648364
6413,641.300000,0.711697317,0.127276797,-0.015899536,0.307314427,0.826347759,0.200700159,0.488687741
6414,641.400000,0.711735346,0.127160596,-0.015894913,0.307402792,0.826377429,0.200649672,0.488727117
6415,641.500000,0.711773374,0.127044395,-0.015890290,0.307491158,0.826407098,0.200599185,0.488766494
6416,641.600000,0.711811403,0.126928195,-0.015885668,0.307579523,0.826436768,0.200548698,0.488805871
6417,641.700000,0.711849432,0.126811994,-0.015881045,0.307667888,0.826466437,0.200498211,0.488845247
6418,641.800000,0.711887460,0.126695793,-0.015876423,0.307756254,0.826496106,0.200447724,0.488884624
6419,641.900000,0.711925489,0.126579592,-0.015871800,0.307844619,0.826525776,0.200397237,0.488924000
6420,642.000000,0.711963518,0.126463391,-0.015867178,0.307932984,0.826555445,0.200346750,0.488963377
6421,642.100000,0.712001546,0.126347191,-0.015862555,0.308021349,0.826585115,0.200296263,0.489002753
6422,642.200000,0.712039575,0.126230990,-0.015857933,0.308109715,0.826614784,0.200245776,0.489042130
6423,642.300000,0.712077604,0.126114789,-0.015853310,0.308198080,0.826644453,0.200195289,0.489081506
6424,642.400000,0.712115633,0.125998588,-0.015848688,0.308286445,0.826674123,0.200144802,0.489120883
6425,642.500000,0.712153661,0.125882388,-0.015844065,0.308374811,0.826703792,0.200094315,0.489160259
6426,642.600000,0.712191690,0.125766187,-0.015839443,0.308463176,0.826733462,0.200043828,0.489199636
6427,642.700000,0.712229719,0.125649986,-0.015834820,0.308551541,0.826763131,0.199993341,0.489239013
6428,642.800000,0.712267747,0.125533785,-0.015830198,0.308639907,0.826792800,0.199942854,0.489278389
6429,642.900000,0.712305776,0.125417584,-0.015825575,0.308728272,0.826822470,0.199892367,0.489317766
6430,643.000000,0.712343805,0.125301384,-0.015820953,0.308816637,0.826852139,0.199841880,0.489357142
6431,643.100000,0.712381833,0.125185183,-0.015816330,0.308905003,0.826881808,0.199791393,0.489396519
6432,643.200000,0.712419862,0.125068982,-0.015811708,0.308993368,0.826911478,0.199740906,0.489435895
6433,643.300000,0.712457891,0.124952781,-0.015807085,0.309081733,0.826941147,0.199690419,0.489475272
6434,643.400000,0.712495920,0.124836580,-0.015802463,0.309170098,0.826970817,0.199639932,0.489514648
6435,643.500000,0.712533948,0.124720380,-0.015797840,0.309258464,0.827000486,0.199589445,0.489554025
6436,643.600000,0.712571977,0.124604179,-0.015793218,0.309346829,0.827030155,0.199538958,0.489593401
6437,643.700000,0.712610006,0.124487978,-0.015788595,0.309435194,0.827059825,0.199488471,0.489632778
6438,643.800000,0.712647901,0.124349204,-0.015784575,0.309522512,0.827108415,0.199443179,0.489667520
6439,643.900000,0.712685261,0.124119610,-0.015782975,0.309605615,0.827233129,0.199418790,0.489683614
6440,644.000000,0.712722620,0.123890015,-0.015781376,0.309688718,0.827357844,0.199394400,0.489699708
6441,644.100000,0.712759980,0.123660420,-0.015779776,0.309771820,0.827482559,0.199370011,0.489715801
6442,644.200000,0.712797339,0.123430826,-0.015778177,0.309854923,0.827607274,0.199345621,0.489731895
6443,644.300000,0.712834699,0.123201231,-0.015776578,0.309938026,0.827731988,0.199321232,0.489747989
6444,644.400000,0.712872058,0.122971637,-0.015774978,0.310021128,0.827856703,0.199296843,0.489764083
6445,644.500000,0.712909418,0.122742042,-0.015773379,0.310104231,0.827981418,0.199272453,0.489780177
6446,644.600000,0.712946777,0.122512448,-0.015771780,0.310187334,0.828106133,0.199248064,0.489796271
6447,644.700000,0.712984137,0.122282853,-0.015770180,0.310270437,0.828230847,0.199223675,0.489812365
6448,644.800000,0.713021497,0.122053259,-0.015768581,0.310353539,0.828355562,0.199199285,0.489828458
6449,644.900000,0.713058856,0.121823664,-0.015766981,0.310436642,0.828480277,0.199174896,0.489844552
6450,645.000000,0.713096216,0.121594069,-0.015765382,0.310519745,0.828604992,0.199150507,0.489860646
6451,645.100000,0.713133575,0.121364475,-0.015763783,0.310602847,0.828729706,0.199126117,0.489876740
6452,645.200000,0.713170935,0.121134880,-0.015762183,0.310685950,0.828854421,0.199101728,0.489892834
6453,645.300000,0.713208294,0.120905286,-0.015760584,0.310769053,0.828979136,0.199077339,0.489908928
6454,645.400000,0.713245654,0.120675691,-0.015758985,0.310852156,0.829103851,0.199052949,0.489925022
6455,645.500000,0.713283013,0.120446097,-0.015757385,0.310935258,0.829228566,0.199028560,0.489941116
6456,645.600000,0.713320373,0.120216502,-0.015755786,0.311018361,0.829353280,0.199004171,0.489957209
6457,645.700000,0.713357732,0.119986907,-0.015754186,0.311101464,0.829477995,0.198979781,0.489973303
6458,645.800000,0.713395092,0.119757313,-0.015752587,0.311184567,0.829602710,0.198955392,0.489989397
6459,645.900000,0.713432452,0.119527718,-0.015750988,0.311267669,0.829727425,0.198931002,0.490005491
6460,646.000000,0.713469811,0.119298124,-0.015749388,0.311350772,0.829852139,0.198906613,0.490021585
6461,646.100000,0.713507171,0.119068529,-0.015747789,0.311433875,0.829976854,0.198882224,0.490037679
6462,646.200000,0.713544530,0.118838935,-0.015746190,0.311516977,0.830101569,0.198857834,0.490053773
6463,646.300000,0.713581890,0.118609340,-0.015744590,0.311600080,0.830226284,0.198833445,0.490069867
6464,646.400000,0.713619249,0.118379746,-0.015742991,0.311683183,0.830350998,0.198809056,0.490085960
6465,646.500000,0.713656609,0.118150151,-0.015741391,0.311766286,0.830475713,0.198784666,0.490102054
6466,646.600000,0.713693968,0.117920556,-0.015739792,0.311849388,0.830600428,0.198760277,0.490118148
6467,646.700000,0.713797455,0.117719152,-0.015706888,0.311928246,0.830720702,0.198742135,0.490125151
6468,646.800000,0.713903475,0.117518828,-0.015672785,0.312006941,0.830840807,0.198724232,0.490131806
6469,646.900000,0.714009495,0.117318505,-0.015638682,0.312085636,0.830960911,0.198706329,0.490138461
6470,647.000000,0.714115516,0.117118181,-0.015604579,0.312164331,0.831081016,0.198688426,0.490145116
6471,647.100000,0.714221536,0.116917857,-0.015570476,0.312243026,0.831201120,0.198670523,0.490151770
6472,647.200000,0.714327556,0.116717533,-0.015536372,0.312321721,0.831321225,0.198652620,0.490158425
6473,647.300000,0.714433576,0.116517209,-0.015502269,0.312400416,0.831441329,0.198634717,0.490165080
6474,647.400000,0.714539597,0.116316885,-0.015468166,0.312479111,0.831561434,0.198616814,0.490171735
6475,647.500000,0.714645617,0.116116561,-0.015434063,0.312557806,0.831681538,0.198598911,0.490178389
6476,647.600000,0.714751637,0.115916237,-0.015399960,0.312636502,0.831801643,0.198581008,0.490185044
6477,647.700000,0.714857657,0.115715914,-0.015365857,0.312715197,0.831921747,0.198563105,0.490191699
6478,647.800000,0.714963677,0.115515590,-0.015331753,0.312793892,0.832041852,0.198545202,0.490198354
6479,647.900000,0.715069698,0.115315266,-0.015297650,0.312872587,0.832161956,0.198527299,0.490205008
6480,648.000000,0.715175718,0.115114942,-0.015263547,0.312951282,0.832282060,0.198509396,0.490211663
6481,648.100000,0.715281738,0.114914618,-0.015229444,0.313029977,0.832402165,0.198491493,0.490218318
6482,648.200000,0.715387758,0.114714294,-0.015195341,0.313108672,0.832522269,0.198473591,0.490224973
6483,648.300000,0.715493779,0.114513970,-0.015161238,0.313187367,0.832642374,0.198455688,0.490231628
6484,648.400000,0.715599799,0.114313646,-0.015127134,0.313266062,0.832762478,0.198437785,0.490238282
6485,648.500000,0.715705819,0.114113322,-0.015093031,0.313344757,0.832882583,0.198419882,0.490244937
6486,648.600000,0.715811839,0.113912999,-0.015058928,0.313423452,0.833002687,0.198401979,0.490251592
6487,648.700000,0.715917860,0.113712675,-0.015024825,0.313502147,0.833122792,0.198384076,0.490258247
6488,648.800000,0.716023880,0.113512351,-0.014990722,0.313580842,0.833242896,0.198366173,0.490264901
6489,648.900000,0.716129900,0.113312027,-0.014956619,0.313659537,0.833363001,0.198348270,0.490271556
6490,649.000000,0.716235920,0.113111703,-0.014922515,0.313738232,0.833483105,0.198330367,0.490278211
6491,649.100000,0.716341941,0.112911379,-0.014888412,0.313816927,0.833603210,0.198312464,0.490284866
6492,649.200000,0.716447961,0.112711055,-0.014854309,0.313895622,0.833723314,0.198294561,0.490291521
6493,649.300000,0.716553981,0.112510731,-0.014820206,0.313974317,0.833843419,0.198276658,0.490298175
6494,649.400000,0.716660001,0.112310407,-0.014786103,0.314053012,0.833963523,0.198258755,0.490304830
6495,649.500000,0.716800993,0.112047058,-0.014764418,0.314102423,0.834092303,0.198238174,0.490308634
6496,649.600000,0.716955109,0.111760058,-0.014747394,0.314140843,0.834224338,0.198216588,0.490311369
6497,649.700000,0.717109225,0.111473057,-0.014730370,0.314179263,0.834356374,0.198195002,0.490314104
6498,649.800000,0.717263341,0.111186056,-0.014713345,0.314217684,0.834488409,0.198173416,0.490316839
6499,649.900000,0.717417458,0.110899055,-0.014696321,0.314256104,0.834620445,0.198151830,0.490319573
6500,650.000000,0.717571574,0.110612055,-0.014679297,0.314294524,0.834752481,0.198130244,0.490322308
6501,650.100000,0.717725690,0.110325054,-0.014662272,0.314332944,0.834884516,0.198108658,0.490325043
6502,650.200000,0.717879806,0.110038053,-0.014645248,0.314371365,0.835016552,0.198087072,0.490327777
6503,650.300000,0.718033922,0.109751052,-0.014628224,0.314409785,0.835148587,0.198065486,0.490330512
6504,650.400000,0.718188038,0.109464052,-0.014611200,0.314448205,0.835280623,0.198043900,0.490333247
6505,650.500000,0.718342154,0.109177051,-0.014594175,0.314486626,0.835412658,0.198022314,0.490335982
6506,650.600000,0.718496270,0.108890050,-0.014577151,0.314525046,0.835544694,0.198000728,0.490338716
6507,650.700000,0.718650386,0.108603049,-0.014560127,0.314563466,0.835676729,0.197979142,0.490341451
6508,650.800000,0.718804502,0.108316049,-0.014543103,0.314601887,0.835808765,0.197957556,0.490344186
6509,650.900000,0.718958618,0.108029048,-0.014526078,0.314640307,0.835940800,0.197935970,0.490346920
6510,651.000000,0.719112734,0.107742047,-0.014509054,0.314678727,0.836072836,0.197914384,0.490349655
6511,651.100000,0.719266850,0.107455046,-0.014492030,0.314717148,0.836204871,0.197892798,0.490352390
6512,651.200000,0.719420966,0.107168046,-0.014475005,0.314755568,0.836336907,0.197871212,0.490355124
6513,651.300000,0.719575082,0.106881045,-0.014457981,0.314793988,0.836468942,0.197849626,0.490357859
6514,651.400000,0.719729198,0.106594044,-0.014440957,0.314832409,0.836600978,0.197828040,0.490360594
6515,651.500000,0.719883314,0.106307044,-0.014423933,0.314870829,0.836733013,0.197806454,0.490363329
6516,651.600000,0.720037430,0.106020043,-0.014406908,0.314909249,0.836865049,0.197784868,0.490366063
6517,651.700000,0.720191546,0.105733042,-0.014389884,0.314947670,0.836997084,0.197763282,0.490368798
6518,651.800000,0.720345662,0.105446041,-0.014372860,0.314986090,0.837129120,0.197741696,0.490371533
6519,651.900000,0.720499779,0.105159041,-0.014355835,0.315024510,0.837261156,0.197720110,0.490374267
6520,652.000000,0.720653895,0.104872040,-0.014338811,0.315062931,0.837393191,0.197698524,0.490377002
6521,652.100000,0.720808011,0.104585039,-0.014321787,0.315101351,0.837525227,0.197676938,0.490379737
6522,652.200000,0.720962127,0.104298038,-0.014304763,0.315139771,0.837657262,0.197655352,0.490382471
6523,652.300000,0.721144045,0.104022494,-0.014232514,0.315166961,0.837760740,0.197640050,0.490384411
6524,652.400000,0.721354766,0.103758820,-0.014103052,0.315182515,0.837834631,0.197631259,0.490385528
6525,652.500000,0.721565487,0.103495145,-0.013973590,0.315198070,0.837908523,0.197622468,0.490386645
6526,652.600000,0.721776208,0.103231470,-0.013844129,0.315213624,0.837982414,0.197613677,0.490387762
6527,652.700000,0.721986929,0.102967796,-0.013714667,0.315229179,0.838056306,0.197604886,0.490388878
6528,652.800000,0.722197650,0.102704121,-0.013585206,0.315244733,0.838130198,0.197596095,0.490389995
6529,652.900000,0.722408371,0.102440446,-0.013455744,0.315260288,0.838204089,0.197587304,0.490391112
6530,653.000000,0.722619092,0.102176771,-0.013326283,0.315275842,0.838277981,0.197578513,0.490392228
6531,653.100000,0.722829814,0.101913097,-0.013196821,0.315291397,0.838351872,0.197569722,0.490393345
6532,653.200000,0.723040535,0.101649422,-0.013067359,0.315306951,0.838425764,0.197560931,0.490394462
6533,653.300000,0.723251256,0.101385747,-0.012937898,0.315322506,0.838499656,0.197552140,0.490395578
6534,653.400000,0.723461977,0.101122073,-0.012808436,0.315338061,0.838573547,0.197543349,0.490396695
6535,653.500000,0.723672698,0.100858398,-0.012678975,0.315353615,0.838647439,0.197534558,0.490397812
6536,653.600000,0.723883419,0.100594723,-0.012549513,0.315369170,0.838721330,0.197525766,0.490398929
6537,653.700000,0.724094140,0.100331048,-0.012420052,0.315384724,0.838795222,0.197516975,0.490400045
6538,653.800000,0.724304861,0.100067374,-0.012290590,0.315400279,0.838869114,0.197508184,0.490401162
6539,653.900000,0.724515582,0.099803699,-0.012161128,0.315415833,0.838943005,0.197499393,0.490402279
6540,654.000000,0.724726303,0.099540024,-0.012031667,0.315431388,0.839016897,0.197490602,0.490403395
6541,654.100000,0.724937024,0.099276350,-0.011902205,0.315446942,0.839090788,0.197481811,0.490404512
6542,654.200000,0.725147745,0.099012675,-0.011772744,0.315462497,0.839164680,0.197473020,0.490405629
6543,654.300000,0.725358467,0.098749000,-0.011643282,0.315478051,0.839238572,0.197464229,0.490406745
6544,654.400000,0.725569188,0.098485325,-0.011513821,0.315493606,0.839312463,0.197455438,0.490407862
6545,654.500000,0.725779909,0.098221651,-0.011384359,0.315509160,0.839386355,0.197446647,0.490408979
6546,654.600000,0.725990630,0.097957976,-0.011254897,0.315524715,0.839460246,0.197437856,0.490410095
6547,654.700000,0.726201351,0.097694301,-0.011125436,0.315540269,0.839534138,0.197429065,0.490411212
6548,654.800000,0.726412072,0.097430627,-0.010995974,0.315555824,0.839608030,0.197420274,0.490412329
6549,654.900000,0.726622793,0.097166952,-0.010866513,0.315571378,0.839681921,0.197411483,0.490413446
6550,655.000000,0.726833514,0.096903277,-0.010737051,0.315586933,0.839755813,0.197402692,0.490414562
6551,655.100000,0.727071766,0.096623865,-0.010534001,0.315600145,0.839818521,0.197395221,0.490415511
6552,655.200000,0.727390369,0.096298521,-0.010116171,0.315606523,0.839848590,0.197391602,0.490415972
6553,655.300000,0.727708972,0.095973178,-0.009698342,0.315612900,0.839878658,0.197387983,0.490416432
6554,655.400000,0.728027575,0.095647834,-0.009280513,0.315619277,0.839908726,0.197384364,0.490416892
6555,655.500000,0.728346179,0.095322490,-0.008862683,0.315625654,0.839938795,0.197380746,0.490417352
6556,655.600000,0.728664782,0.094997146,-0.008444854,0.315632031,0.839968863,0.197377127,0.490417812
6557,655.700000,0.728983385,0.094671803,-0.008027025,0.315638408,0.839998931,0.197373508,0.490418273
6558,655.800000,0.729301988,0.094346459,-0.007609195,0.315644785,0.840029000,0.197369890,0.490418733
6559,655.900000,0.729620591,0.094021115,-0.007191366,0.315651163,0.840059068,0.197366271,0.490419193
6560,656.000000,0.729939195,0.093695772,-0.006773537,0.315657540,0.840089136,0.197362652,0.490419653
6561,656.100000,0.730257798,0.093370428,-0.006355707,0.315663917,0.840119205,0.197359034,0.490420113
6562,656.200000,0.730576401,0.093045084,-0.005937878,0.315670294,0.840149273,0.197355415,0.490420574
6563,656.300000,0.730895004,0.092719741,-0.005520049,0.315676671,0.840179341,0.197351796,0.490421034
6564,656.400000,0.731213607,0.092394397,-0.005102219,0.315683048,0.840209410,0.197348178,0.490421494
6565,656.500000,0.731532211,0.092069053,-0.004684390,0.315689425,0.840239478,0.197344559,0.490421954
6566,656.600000,0.731850814,0.091743709,-0.004266561,0.315695803,0.840269546,0.197340940,0.490422414
6567,656.700000,0.732169417,0.091418366,-0.003848731,0.315702180,0.840299615,0.197337322,0.490422875
6568,656.800000,0.732488020,0.091093022,-0.003430902,0.315708557,0.840329683,0.197333703,0.490423335
6569,656.900000,0.732806623,0.090767678,-0.003013073,0.315714934,0.840359751,0.197330084,0.490423795
6570,657.000000,0.733125227,0.090442335,-0.002595243,0.315721311,0.840389820,0.197326466,0.490424255
6571,657.100000,0.733443830,0.090116991,-0.002177414,0.315727688,0.840419888,0.197322847,0.490424715
6572,657.200000,0.733762433,0.089791647,-0.001759585,0.315734066,0.840449957,0.197319228,0.490425175
6573,657.300000,0.734081036,0.089466303,-0.001341755,0.315740443,0.840480025,0.197315610,0.490425636
6574,657.400000,0.734399639,0.089140960,-0.000923926,0.315746820,0.840510093,0.197311991,0.490426096
6575,657.500000,0.734718243,0.088815616,-0.000506097,0.315753197,0.840540162,0.197308372,0.490426556
6576,657.600000,0.735036846,0.088490272,-0.000088267,0.315759574,0.840570230,0.197304753,0.490427016
6577,657.700000,0.735355449,0.088164929,0.000329562,0.315765951,0.840600298,0.197301135,0.490427476
6578,657.800000,0.735674052,0.087839585,0.000747391,0.315772328,0.840630367,0.197297516,0.490427937
6579,657.900000,0.735992648,0.087515826,0.001165252,0.315778634,0.840660094,0.197293938,0.490428392
6580,658.000000,0.736310886,0.087272918,0.001584705,0.315781264,0.840672418,0.197292442,0.490428582
6581,658.100000,0.736629124,0.087030010,0.002004158,0.315783894,0.840684741,0.197290945,0.490428772
6582,658.200000,0.736947362,0.086787102,0.002423612,0.315786524,0.840697065,0.197289448,0.490428962
6583,658.300000,0.737265600,0.086544195,0.002843065,0.315789155,0.840709389,0.197287952,0.490429152
6584,658.400000,0.737583838,0.086301287,0.003262518,0.315791785,0.840721712,0.197286455,0.490429342
6585,658.500000,0.737902076,0.086058379,0.003681971,0.315794415,0.840734036,0.197284958,0.490429532
6586,658.600000,0.738220314,0.085815471,0.004101424,0.315797045,0.840746360,0.197283462,0.490429722
6587,658.700000,0.738538552,0.085572564,0.004520878,0.315799676,0.840758684,0.197281965,0.490429912
6588,658.800000,0.738856790,0.085329656,0.004940331,0.315802306,0.840771007,0.197280468,0.490430102
6589,658.900000,0.739175028,0.085086748,0.005359784,0.315804936,0.840783331,0.197278972,0.490430292
6590,659.000000,0.739493266,0.084843840,0.005779237,0.315807566,0.840795655,0.197277475,0.490430482
6591,659.100000,0.739811504,0.084600933,0.006198691,0.315810197,0.840807978,0.197275978,0.490430672
6592,659.200000,0.740129742,0.084358025,0.006618144,0.315812827,0.840820302,0.197274481,0.490430862
6593,659.300000,0.740447980,0.084115117,0.007037597,0.315815457,0.840832626,0.197272985,0.490431052
6594,659.400000,0.740766218,0.083872209,0.007457050,0.315818087,0.840844950,0.197271488,0.490431242
6595,659.500000,0.741084456,0.083629302,0.007876503,0.315820718,0.840857273,0.197269991,0.490431432
6596,659.600000,0.741402694,0.083386394,0.008295957,0.315823348,0.840869597,0.197268495,0.490431622
6597,659.700000,0.741720932,0.083143486,0.008715410,0.315825978,0.840881921,0.197266998,0.490431812
6598,659.800000,0.742039170,0.082900578,0.009134863,0.315828609,0.840894244,0.197265501,0.490432002
6599,659.900000,0.742357408,0.082657671,0.009554316,0.315831239,0.840906568,0.197264005,0.490432192
6600,660.000000,0.742675646,0.082414763,0.009973769,0.315833869,0.840918892,0.197262508,0.490432382
6601,660.100000,0.742993884,0.082171855,0.010393223,0.315836499,0.840931216,0.197261011,0.490432572
6602,660.200000,0.743312122,0.081928947,0.010812676,0.315839130,0.840943539,0.197259515,0.490432762
6603,660.300000,0.743630360,0.081686039,0.011232129,0.315841760,0.840955863,0.197258018,0.490432952
6604,660.400000,0.743948598,0.081443132,0.011651582,0.315844390,0.840968187,0.197256521,0.490433142
6605,660.500000,0.744266836,0.081200224,0.012071036,0.315847020,0.840980510,0.197255025,0.490433332
6606,660.600000,0.744585074,0.080957316,0.012490489,0.315849651,0.840992834,0.197253528,0.490433522
6607,660.700000,0.744903312,0.080714408,0.012909942,0.315852281,0.841005158,0.197252031,0.490433712
6608,660.800000,0.745181301,0.080394121,0.013176980,0.315853698,0.841038030,0.197251225,0.490433815
6609,660.900000,0.745448152,0.080052421,0.013401841,0.315854778,0.841076589,0.197250610,0.490433894
6610,661.000000,0.745715004,0.079710721,0.013626702,0.315855859,0.841115147,0.197249994,0.490433973
6611,661.100000,0.745981855,0.079369021,0.013851563,0.315856940,0.841153706,0.197249379,0.490434052
6612,661.200000,0.746248706,0.079027321,0.014076424,0.315858021,0.841192264,0.197248764,0.490434132
6613,661.300000,0.746515557,0.078685621,0.014301284,0.315859101,0.841230823,0.197248148,0.490434211
6614,661.400000,0.746782408,0.078343920,0.014526145,0.315860182,0.841269381,0.197247533,0.490434290
6615,661.500000,0.747049259,0.078002220,0.014751006,0.315861263,0.841307940,0.197246918,0.490434369
6616,661.600000,0.747316111,0.077660520,0.014975867,0.315862344,0.841346499,0.197246303,0.490434448
6617,661.700000,0.747582962,0.077318820,0.015200728,0.315863425,0.841385057,0.197245687,0.490434527
6618,661.800000,0.747849813,0.076977120,0.015425589,0.315864505,0.841423616,0.197245072,0.490434607
6619,661.900000,0.748116664,0.076635420,0.015650450,0.315865586,0.841462174,0.197244457,0.490434686
6620,662.000000,0.748383515,0.076293720,0.015875311,0.315866667,0.841500733,0.197243841,0.490434765
6621,662.100000,0.748650367,0.075952020,0.016100172,0.315867748,0.841539291,0.197243226,0.490434844
6622,662.200000,0.748917218,0.075610320,0.016325032,0.315868829,0.841577850,0.197242611,0.490434923
6623,662.300000,0.749184069,0.075268619,0.016549893,0.315869909,0.841616408,0.197241995,0.490435002
6624,662.400000,0.749450920,0.074926919,0.016774754,0.315870990,0.841654967,0.197241380,0.490435081
6625,662.500000,0.749717771,0.074585219,0.016999615,0.315872071,0.841693525,0.197240765,0.490435161
6626,662.600000,0.749984623,0.074243519,0.017224476,0.315873152,0.841732084,0.197240149,0.490435240
6627,662.700000,0.750251474,0.073901819,0.017449337,0.315874232,0.841770643,0.197239534,0.490435319
6628,662.800000,0.750518325,0.073560119,0.017674198,0.315875313,0.841809201,0.197238919,0.490435398
6629,662.900000,0.750785176,0.073218419,0.017899059,0.315876394,0.841847760,0.197238303,0.490435477
6630,663.000000,0.751052027,0.072876719,0.018123920,0.315877475,0.841886318,0.197237688,0.490435556
6631,663.100000,0.751318879,0.072535018,0.018348780,0.315878556,0.841924877,0.197237073,0.490435636
6632,663.200000,0.751585730,0.072193318,0.018573641,0.315879636,0.841963435,0.197236458,0.490435715
6633,663.300000,0.751852581,0.071851618,0.018798502,0.315880717,0.842001994,0.197235842,0.490435794
6634,663.400000,0.752119432,0.071509918,0.019023363,0.315881798,0.842040552,0.197235227,0.490435873
6635,663.500000,0.752386283,0.071168218,0.019248224,0.315882879,0.842079111,0.197234612,0.490435952
6636,663.600000,0.752609065,0.070839534,0.019466496,0.315883609,0.842109921,0.197234196,0.490436005
6637,663.700000,0.752795392,0.070521617,0.019679317,0.315884049,0.842134321,0.197233944,0.490436037
6638,663.800000,0.752981719,0.070203700,0.019892138,0.315884489,0.842158722,0.197233693,0.490436069
6639,663.900000,0.753168046,0.069885783,0.020104959,0.315884929,0.842183122,0.197233442,0.490436100
6640,664.000000,0.753354373,0.069567866,0.020317780,0.315885369,0.842207523,0.197233191,0.490436132
6641,664.100000,0.753540700,0.069249949,0.020530602,0.315885810,0.842231923,0.197232939,0.490436164
6642,664.200000,0.753727027,0.068932032,0.020743423,0.315886250,0.842256324,0.197232688,0.490436195
6643,664.300000,0.753913354,0.068614115,0.020956244,0.315886690,0.842280724,0.197232437,0.490436227
6644,664.400000,0.754099681,0.068296198,0.021169065,0.315887130,0.842305124,0.197232186,0.490436259
6645,664.500000,0.754286008,0.067978281,0.021381886,0.315887570,0.842329525,0.197231935,0.490436290
6646,664.600000,0.754472335,0.067660364,0.021594707,0.315888010,0.842353925,0.197231683,0.490436322
6647,664.700000,0.754658662,0.067342447,0.021807529,0.315888451,0.842378326,0.197231432,0.490436354
6648,664.800000,0.754844989,0.067024530,0.022020350,0.315888891,0.842402726,0.197231181,0.490436385
6649,664.900000,0.755031316,0.066706613,0.022233171,0.315889331,0.842427127,0.197230930,0.490436417
6650,665.000000,0.755217643,0.066388696,0.022445992,0.315889771,0.842451527,0.197230679,0.490436449
6651,665.100000,0.755403970,0.066070779,0.022658813,0.315890211,0.842475928,0.197230427,0.490436480
6652,665.200000,0.755590297,0.065752862,0.022871634,0.315890651,0.842500328,0.197230176,0.490436512
6653,665.300000,0.755776624,0.065434945,0.023084456,0.315891091,0.842524728,0.197229925,0.490436544
6654,665.400000,0.755962951,0.065117028,0.023297277,0.315891532,0.842549129,0.197229674,0.490436575
6655,665.500000,0.756149278,0.064799111,0.023510098,0.315891972,0.842573529,0.197229423,0.490436607
6656,665.600000,0.756335605,0.064481194,0.023722919,0.315892412,0.842597930,0.197229171,0.490436639
6657,665.700000,0.756521932,0.064163277,0.023935740,0.315892852,0.842622330,0.197228920,0.490436670
6658,665.800000,0.756708259,0.063845360,0.024148561,0.315893292,0.842646731,0.197228669,0.490436702
6659,665.900000,0.756894586,0.063527443,0.024361383,0.315893732,0.842671131,0.197228418,0.490436734
6660,666.000000,0.757080913,0.063209526,0.024574204,0.315894172,0.842695531,0.197228167,0.490436765
6661,666.100000,0.757267240,0.062891609,0.024787025,0.315894613,0.842719932,0.197227915,0.490436797
6662,666.200000,0.757453566,0.062573692,0.024999846,0.315895053,0.842744332,0.197227664,0.490436829
6663,666.300000,0.757639893,0.062255776,0.025212667,0.315895493,0.842768733,0.197227413,0.490436860
6664,666.400000,0.757808942,0.061917324,0.025497468,0.315895853,0.842795117,0.197227207,0.490436886
6665,666.500000,0.757939768,0.061533446,0.025941501,0.315896035,0.842825891,0.197227103,0.490436900
6666,666.600000,0.758070594,0.061149567,0.026385533,0.315896218,0.842856664,0.197226998,0.490436914
6667,666.700000,0.758201420,0.060765689,0.026829566,0.315896401,0.842887437,0.197226894,0.490436927
6668,666.800000,0.758332246,0.060381811,0.027273599,0.315896583,0.842918211,0.197226789,0.490436941
6669,666.900000,0.758463072,0.059997933,0.027717631,0.315896766,0.842948984,0.197226685,0.490436955
6670,667.000000,0.758593898,0.059614055,0.028161664,0.315896948,0.842979758,0.197226580,0.490436969
6671,667.100000,0.758724724,0.059230177,0.028605696,0.315897131,0.843010531,0.197226476,0.490436982
6672,667.200000,0.758855550,0.058846298,0.029049729,0.315897314,0.843041305,0.197226371,0.490436996
6673,667.300000,0.758986376,0.058462420,0.029493761,0.315897496,0.843072078,0.197226267,0.490437010
6674,667.400000,0.759117202,0.058078542,0.029937794,0.315897679,0.843102851,0.197226162,0.490437023
6675,667.500000,0.759248028,0.057694664,0.030381827,0.315897861,0.843133625,0.197226058,0.490437037
6676,667.600000,0.759378854,0.057310786,0.030825859,0.315898044,0.843164398,0.197225953,0.490437051
6677,667.700000,0.759509680,0.056926908,0.031269892,0.315898227,0.843195172,0.197225849,0.490437064
6678,667.800000,0.759640506,0.056543029,0.031713924,0.315898409,0.843225945,0.197225744,0.490437078
6679,667.900000,0.759771332,0.056159151,0.032157957,0.315898592,0.843256718,0.197225640,0.490437092
6680,668.000000,0.759902158,0.055775273,0.032601989,0.315898775,0.843287492,0.197225535,0.490437106
6681,668.100000,0.760032984,0.055391395,0.033046022,0.315898957,0.843318265,0.197225431,0.490437119
6682,668.200000,0.760163810,0.055007517,0.033490055,0.315899140,0.843349039,0.197225326,0.490437133
6683,668.300000,0.760294636,0.054623639,0.033934087,0.315899322,0.843379812,0.197225222,0.490437147
6684,668.400000,0.760425462,0.054239760,0.034378120,0.315899505,0.843410585,0.197225117,0.490437160
6685,668.500000,0.760556287,0.053855882,0.034822152,0.315899688,0.843441359,0.197225013,0.490437174
6686,668.600000,0.760687113,0.053472004,0.035266185,0.315899870,0.843472132,0.197224908,0.490437188
6687,668.700000,0.760817939,0.053088126,0.035710217,0.315900053,0.843502906,0.197224804,0.490437202
6688,668.800000,0.760948765,0.052704248,0.036154250,0.315900235,0.843533679,0.197224699,0.490437215
6689,668.900000,0.761079591,0.052320370,0.036598283,0.315900418,0.843564452,0.197224595,0.490437229
6690,669.000000,0.761210417,0.051936491,0.037042315,0.315900601,0.843595226,0.197224490,0.490437243
6691,669.100000,0.761341243,0.051552613,0.037486348,0.315900783,0.843625999,0.197224386,0.490437256
6692,669.200000,0.761466943,0.051172660,0.037917316,0.315900958,0.843654876,0.197224286,0.490437269
6693,669.300000,0.761529740,0.050840868,0.038187953,0.315901034,0.843660472,0.197224242,0.490437275
6694,669.400000,0.761592536,0.050509076,0.038458591,0.315901110,0.843666068,0.197224199,0.490437280
6695,669.500000,0.761655333,0.050177284,0.038729229,0.315901186,0.843671664,0.197224156,0.490437285
6696,669.600000,0.761718129,0.049845492,0.038999867,0.315901262,0.843677260,0.197224113,0.490437291
6697,669.700000,0.761780926,0.049513700,0.039270505,0.315901338,0.843682856,0.197224069,0.490437296
6698,669.800000,0.761843722,0.049181909,0.039541143,0.315901414,0.843688452,0.197224026,0.490437301
6699,669.900000,0.761906519,0.048850117,0.039811780,0.315901489,0.843694049,0.197223983,0.490437306
6700,670.000000,0.761969315,0.048518325,0.040082418,0.315901565,0.843699645,0.197223940,0.490437312
6701,670.100000,0.762032112,0.048186533,0.040353056,0.315901641,0.843705241,0.197223896,0.490437317
6702,670.200000,0.762094908,0.047854741,0.040623694,0.315901717,0.843710837,0.197223853,0.490437322
6703,670.300000,0.762157705,0.047522949,0.040894332,0.315901793,0.843716433,0.197223810,0.490437327
6704,670.400000,0.762220501,0.047191158,0.041164969,0.315901869,0.843722029,0.197223766,0.490437333
6705,670.500000,0.762283298,0.046859366,0.041435607,0.315901945,0.843727625,0.197223723,0.490437338
6706,670.600000,0.762346094,0.046527574,0.041706245,0.315902021,0.843733221,0.197223680,0.490437343
6707,670.700000,0.762408890,0.046195782,0.041976883,0.315902097,0.843738818,0.197223637,0.490437349
6708,670.800000,0.762471687,0.045863990,0.042247521,0.315902173,0.843744414,0.197223593,0.490437354
6709,670.900000,0.762534483,0.045532198,0.042518158,0.315902249,0.843750010,0.197223550,0.490437359
6710,671.000000,0.762597280,0.045200407,0.042788796,0.315902325,0.843755606,0.197223507,0.490437364
6711,671.100000,0.762660076,0.044868615,0.043059434,0.315902401,0.843761202,0.197223463,0.490437370
6712,671.200000,0.762722873,0.044536823,0.043330072,0.315902477,0.843766798,0.197223420,0.490437375
6713,671.300000,0.762785669,0.044205031,0.043600710,0.315902553,0.843772394,0.197223377,0.490437380
6714,671.400000,0.762848466,0.043873239,0.043871348,0.315902629,0.843777990,0.197223334,0.490437385
6715,671.500000,0.762911262,0.043541447,0.044141985,0.315902705,0.843783587,0.197223290,0.490437391
6716,671.600000,0.762974059,0.043209656,0.044412623,0.315902781,0.843789183,0.197223247,0.490437396
6717,671.700000,0.763036855,0.042877864,0.044683261,0.315902857,0.843794779,0.197223204,0.490437401
6718,671.800000,0.763099652,0.042546072,0.044953899,0.315902933,0.843800375,0.197223161,0.490437407
6719,671.900000,0.763162448,0.042214280,0.045224537,0.315903009,0.843805971,0.197223117,0.490437412
6720,672.000000,0.763225244,0.041882488,0.045495174,0.315903085,0.843811567,0.197223074,0.490437417
6721,672.100000,0.763256831,0.041531096,0.045629264,0.315903124,0.843803630,0.197223052,0.490437420
6722,672.200000,0.763282445,0.041175952,0.045737223,0.315903155,0.843793102,0.197223034,0.490437422
6723,672.300000,0.763308059,0.040820808,0.045845182,0.315903187,0.843782575,0.197223016,0.490437424
6724,672.400000,0.763333674,0.040465665,0.045953141,0.315903219,0.843772048,0.197222998,0.490437426
6725,672.500000,0.763359288,0.040110521,0.046061101,0.315903250,0.843761520,0.197222980,0.490437428
6726,672.600000,0.763384902,0.039755378,0.046169060,0.315903282,0.843750993,0.197222962,0.490437430
6727,672.700000,0.763410516,0.039400234,0.046277019,0.315903314,0.843740466,0.197222944,0.490437433
6728,672.800000,0.763436130,0.039045091,0.046384979,0.315903345,0.843729938,0.197222927,0.490437435
6729,672.900000,0.763461745,0.038689947,0.046492938,0.315903377,0.843719411,0.197222909,0.490437437
6730,673.000000,0.763487359,0.038334804,0.046600897,0.315903409,0.843708884,0.197222891,0.490437439
6731,673.100000,0.763512973,0.037979660,0.046708856,0.315903440,0.843698356,0.197222873,0.490437441
6732,673.200000,0.763538587,0.037624517,0.046816816,0.315903472,0.843687829,0.197222855,0.490437443
6733,673.300000,0.763564201,0.037269373,0.046924775,0.315903504,0.843677302,0.197222837,0.490437445
6734,673.400000,0.763589816,0.036914229,0.047032734,0.315903535,0.843666774,0.197222819,0.490437447
6735,673.500000,0.763615430,0.036559086,0.047140694,0.315903567,0.843656247,0.197222801,0.490437450
6736,673.600000,0.763641044,0.036203942,0.047248653,0.315903599,0.843645720,0.197222783,0.490437452
6737,673.700000,0.763666658,0.035848799,0.047356612,0.315903630,0.843635193,0.197222765,0.490437454
6738,673.800000,0.763692273,0.035493655,0.047464571,0.315903662,0.843624665,0.197222747,0.490437456
6739,673.900000,0.763717887,0.035138512,0.047572531,0.315903693,0.843614138,0.197222729,0.490437458
6740,674.000000,0.763743501,0.034783368,0.047680490,0.315903725,0.843603611,0.197222711,0.490437460
6741,674.100000,0.763769115,0.034428225,0.047788449,0.315903757,0.843593083,0.197222694,0.490437462
6742,674.200000,0.763794729,0.034073081,0.047896409,0.315903788,0.843582556,0.197222676,0.490437464
6743,674.300000,0.763820344,0.033717938,0.048004368,0.315903820,0.843572029,0.197222658,0.490437467
6744,674.400000,0.763845958,0.033362794,0.048112327,0.315903852,0.843561501,0.197222640,0.490437469
6745,674.500000,0.763871572,0.033007651,0.048220286,0.315903883,0.843550974,0.197222622,0.490437471
6746,674.600000,0.763897186,0.032652507,0.048328246,0.315903915,0.843540447,0.197222604,0.490437473
6747,674.700000,0.763922800,0.032297363,0.048436205,0.315903947,0.843529919,0.197222586,0.490437475
6748,674.800000,0.763948415,0.031942220,0.048544164,0.315903978,0.843519392,0.197222568,0.490437477
6749,674.900000,0.763964803,0.031643612,0.048612684,0.315903999,0.843532569,0.197229877,0.490437479
6750,675.000000,0.763975128,0.031382162,0.048655281,0.315904011,0.843561327,0.197242003,0.490437480
6751,675.100000,0.763985452,0.031120712,0.048697879,0.315904024,0.843590084,0.197254128,0.490437481
6752,675.200000,0.763995777,0.030859262,0.048740476,0.315904037,0.843618842,0.197266253,0.490437482
6753,675.300000,0.764006102,0.030597812,0.048783074,0.315904049,0.843647599,0.197278379,0.490437483
6754,675.400000,0.764016426,0.030336361,0.048825672,0.315904062,0.843676357,0.197290504,0.490437484
6755,675.500000,0.764026751,0.030074911,0.048868269,0.315904075,0.843705114,0.197302629,0.490437485
6756,675.600000,0.764037076,0.029813461,0.048910867,0.315904087,0.843733872,0.197314754,0.490437486
6757,675.700000,0.764047400,0.029552011,0.048953464,0.315904100,0.843762629,0.197326880,0.490437487
6758,675.800000,0.764057725,0.029290561,0.048996062,0.315904113,0.843791386,0.197339005,0.490437488
6759,675.900000,0.764068050,0.029029111,0.049038660,0.315904125,0.843820144,0.197351130,0.490437489
6760,676.000000,0.764078374,0.028767661,0.049081257,0.315904138,0.843848901,0.197363256,0.490437490
6761,676.100000,0.764088699,0.028506211,0.049123855,0.315904151,0.843877659,0.197375381,0.490437491
6762,676.200000,0.764099024,0.028244761,0.049166452,0.315904163,0.843906416,0.197387506,0.490437492
6763,676.300000,0.764109348,0.027983311,0.049209050,0.315904176,0.843935174,0.197399631,0.490437494
6764,676.400000,0.764119673,0.027721861,0.049251647,0.315904189,0.843963931,0.197411757,0.490437495
6765,676.500000,0.764129998,0.027460411,0.049294245,0.315904202,0.843992688,0.197423882,0.490437496
6766,676.600000,0.764140322,0.027198961,0.049336843,0.315904214,0.844021446,0.197436007,0.490437497
6767,676.700000,0.764150647,0.026937511,0.049379440,0.315904227,0.844050203,0.197448133,0.490437498
6768,676.800000,0.764160972,0.026676061,0.049422038,0.315904240,0.844078961,0.197460258,0.490437499
6769,676.900000,0.764171296,0.026414610,0.049464635,0.315904252,0.844107718,0.197472383,0.490437500
6770,677.000000,0.764181621,0.026153160,0.049507233,0.315904265,0.844136476,0.197484508,0.490437501
6771,677.100000,0.764191946,0.025891710,0.049549831,0.315904278,0.844165233,0.197496634,0.490437502
6772,677.200000,0.764202270,0.025630260,0.049592428,0.315904290,0.844193990,0.197508759,0.490437503
6773,677.300000,0.764212595,0.025368810,0.049635026,0.315904303,0.844222748,0.197520884,0.490437504
6774,677.400000,0.764222920,0.025107360,0.049677623,0.315904316,0.844251505,0.197533009,0.490437505
6775,677.500000,0.764233244,0.024845910,0.049720221,0.315904328,0.844280263,0.197545135,0.490437506
6776,677.600000,0.764243569,0.024584460,0.049762818,0.315904341,0.844309020,0.197557260,0.490437507
6777,677.700000,0.764258610,0.024298868,0.049796101,0.315904351,0.844431267,0.197585402,0.490437508
6778,677.800000,0.764281769,0.023971715,0.049813349,0.315904356,0.844714459,0.197641117,0.490437508
6779,677.900000,0.764304928,0.023644562,0.049830596,0.315904361,0.844997651,0.197696831,0.490437508
6780,678.000000,0.764328087,0.023317409,0.049847843,0.315904367,0.845280843,0.197752546,0.490437508
6781,678.100000,0.764351246,0.022990256,0.049865090,0.315904372,0.845564035,0.197808261,0.490437508
6782,678.200000,0.764374406,0.022663103,0.049882337,0.315904377,0.845847227,0.197863976,0.490437508
6783,678.300000,0.764397565,0.022335951,0.049899585,0.315904383,0.846130419,0.197919690,0.490437508
6784,678.400000,0.764420724,0.022008798,0.049916832,0.315904388,0.846413611,0.197975405,0.490437508
6785,678.500000,0.764443883,0.021681645,0.049934079,0.315904393,0.846696803,0.198031120,0.490437508
6786,678.600000,0.764467042,0.021354492,0.049951326,0.315904398,0.846979995,0.198086835,0.490437508
6787,678.700000,0.764490201,0.021027339,0.049968574,0.315904404,0.847263187,0.198142549,0.490437508
6788,678.800000,0.764513361,0.020700186,0.049985821,0.315904409,0.847546380,0.198198264,0.490437508
6789,678.900000,0.764536520,0.020373033,0.050003068,0.315904414,0.847829572,0.198253979,0.490437508
6790,679.000000,0.764559679,0.020045880,0.050020315,0.315904420,0.848112764,0.198309694,0.490437508
6791,679.100000,0.764582838,0.019718727,0.050037562,0.315904425,0.848395956,0.198365408,0.490437508
6792,679.200000,0.764605997,0.019391574,0.050054810,0.315904430,0.848679148,0.198421123,0.490437508
6793,679.300000,0.764629157,0.019064421,0.050072057,0.315904435,0.848962340,0.198476838,0.490437508
6794,679.400000,0.764652316,0.018737268,0.050089304,0.315904441,0.849245532,0.198532553,0.490437508
6795,679.500000,0.764675475,0.018410115,0.050106551,0.315904446,0.849528724,0.198588267,0.490437508
6796,679.600000,0.764698634,0.018082962,0.050123799,0.315904451,0.849811916,0.198643982,0.490437508
6797,679.700000,0.764721793,0.017755809,0.050141046,0.315904456,0.850095108,0.198699697,0.490437508
6798,679.800000,0.764744952,0.017428657,0.050158293,0.315904462,0.850378300,0.198755412,0.490437508
6799,679.900000,0.764768112,0.017101504,0.050175540,0.315904467,0.850661492,0.198811126,0.490437508
6800,680.000000,0.764791271,0.016774351,0.050192787,0.315904472,0.850944684,0.198866841,0.490437508
6801,680.100000,0.764814430,0.016447198,0.050210035,0.315904478,0.851227876,0.198922556,0.490437508
6802,680.200000,0.764837589,0.016120045,0.050227282,0.315904483,0.851511068,0.198978271,0.490437508
6803,680.300000,0.764860748,0.015792892,0.050244529,0.315904488,0.851794260,0.199033985,0.490437508
6804,680.400000,0.764883908,0.015465739,0.050261776,0.315904493,0.852077452,0.199089700,0.490437508
6805,680.500000,0.764921165,0.015152525,0.050278544,0.315904498,0.852374006,0.199147209,0.490441362
6806,680.600000,0.765051560,0.014931396,0.050292143,0.315904500,0.852758832,0.199216573,0.490470674
6807,680.700000,0.765181956,0.014710267,0.050305742,0.315904503,0.853143658,0.199285938,0.490499987
6808,680.800000,0.765312351,0.014489138,0.050319342,0.315904505,0.853528483,0.199355302,0.490529300
6809,680.900000,0.765442747,0.014268008,0.050332941,0.315904507,0.853913309,0.199424666,0.490558612
6810,681.000000,0.765573142,0.014046879,0.050346540,0.315904509,0.854298135,0.199494030,0.490587925
6811,681.100000,0.765703537,0.013825750,0.050360139,0.315904511,0.854682961,0.199563394,0.490617237
6812,681.200000,0.765833933,0.013604621,0.050373739,0.315904513,0.855067786,0.199632758,0.490646550
6813,681.300000,0.765964328,0.013383492,0.050387338,0.315904515,0.855452612,0.199702123,0.490675863
6814,681.400000,0.766094723,0.013162363,0.050400937,0.315904517,0.855837438,0.199771487,0.490705175
6815,681.500000,0.766225119,0.012941233,0.050414536,0.315904520,0.856222263,0.199840851,0.490734488
6816,681.600000,0.766355514,0.012720104,0.050428136,0.315904522,0.856607089,0.199910215,0.490763800
6817,681.700000,0.766485909,0.012498975,0.050441735,0.315904524,0.856991915,0.199979579,0.490793113
6818,681.800000,0.766616305,0.012277846,0.050455334,0.315904526,0.857376741,0.200048943,0.490822426
6819,681.900000,0.766746700,0.012056717,0.050468933,0.315904528,0.857761566,0.200118307,0.490851738
6820,682.000000,0.766877095,0.011835588,0.050482533,0.315904530,0.858146392,0.200187672,0.490881051
6821,682.100000,0.767007491,0.011614459,0.050496132,0.315904532,0.858531218,0.200257036,0.490910364
6822,682.200000,0.767137886,0.011393329,0.050509731,0.315904534,0.858916043,0.200326400,0.490939676
6823,682.300000,0.767268281,0.011172200,0.050523330,0.315904537,0.859300869,0.200395764,0.490968989
6824,682.400000,0.767398677,0.010951071,0.050536930,0.315904539,0.859685695,0.200465128,0.490998301
6825,682.500000,0.767529072,0.010729942,0.050550529,0.315904541,0.860070521,0.200534492,0.491027614
6826,682.600000,0.767659467,0.010508813,0.050564128,0.315904543,0.860455346,0.200603856,0.491056927
6827,682.700000,0.767789863,0.010287684,0.050577727,0.315904545,0.860840172,0.200673221,0.491086239
6828,682.800000,0.767920258,0.010066554,0.050591327,0.315904547,0.861224998,0.200742585,0.491115552
6829,682.900000,0.768050653,0.009845425,0.050604926,0.315904549,0.861609823,0.200811949,0.491144864
6830,683.000000,0.768181049,0.009624296,0.050618525,0.315904551,0.861994649,0.200881313,0.491174177
6831,683.100000,0.768311444,0.009403167,0.050632124,0.315904554,0.862379475,0.200950677,0.491203490
6832,683.200000,0.768441840,0.009182038,0.050645724,0.315904556,0.862764301,0.201020041,0.491232802
6833,683.300000,0.768572235,0.008960909,0.050659323,0.315904558,0.863149126,0.201089406,0.491262115
6834,683.400000,0.768643197,0.008726235,0.050717748,0.315904559,0.863379922,0.201163464,0.491278920
6835,683.500000,0.768707225,0.008489980,0.050781403,0.315904560,0.863592743,0.201238071,0.491294265
6836,683.600000,0.768771252,0.008253725,0.050845059,0.315904561,0.863805565,0.201312678,0.491309611
6837,683.700000,0.768835279,0.008017471,0.050908715,0.315904562,0.864018386,0.201387284,0.491324957
6838,683.800000,0.768899306,0.007781216,0.050972370,0.315904563,0.864231208,0.201461891,0.491340302
6839,683.900000,0.768963333,0.007544961,0.051036026,0.315904564,0.864444029,0.201536498,0.491355648
6840,684.000000,0.769027360,0.007308707,0.051099681,0.315904565,0.864656851,0.201611104,0.491370993
6841,684.100000,0.769091387,0.007072452,0.051163337,0.315904566,0.864869672,0.201685711,0.491386339
6842,684.200000,0.769155414,0.006836197,0.051226993,0.315904567,0.865082494,0.201760318,0.491401684
6843,684.300000,0.769219442,0.006599943,0.051290648,0.315904569,0.865295315,0.201834925,0.491417030
6844,684.400000,0.769283469,0.006363688,0.051354304,0.315904570,0.865508137,0.201909531,0.491432375
6845,684.500000,0.769347496,0.006127433,0.051417959,0.315904571,0.865720958,0.201984138,0.491447721
6846,684.600000,0.769411523,0.005891179,0.051481615,0.315904572,0.865933780,0.202058745,0.491463066
6847,684.700000,0.769475550,0.005654924,0.051545271,0.315904573,0.866146601,0.202133351,0.491478412
6848,684.800000,0.769539577,0.005418670,0.051608926,0.315904574,0.866359423,0.202207958,0.491493757
6849,684.900000,0.769603604,0.005182415,0.051672582,0.315904575,0.866572244,0.202282565,0.491509103
6850,685.000000,0.769667631,0.004946160,0.051736238,0.315904576,0.866785066,0.202357171,0.491524448
6851,685.100000,0.769731659,0.004709906,0.051799893,0.315904577,0.866997887,0.202431778,0.491539794
6852,685.200000,0.769795686,0.004473651,0.051863549,0.315904578,0.867210709,0.202506385,0.491555140
6853,685.300000,0.769859713,0.004237396,0.051927204,0.315904579,0.867423530,0.202580991,0.491570485
6854,685.400000,0.769923740,0.004001142,0.051990860,0.315904580,0.867636352,0.202655598,0.491585831
6855,685.500000,0.769987767,0.003764887,0.052054516,0.315904581,0.867849173,0.202730205,0.491601176
6856,685.600000,0.770051794,0.003528632,0.052118171,0.315904582,0.868061995,0.202804811,0.491616522
6857,685.700000,0.770115821,0.003292378,0.052181827,0.315904583,0.868274816,0.202879418,0.491631867
6858,685.800000,0.770179848,0.003056123,0.052245482,0.315904584,0.868487638,0.202954025,0.491647213
6859,685.900000,0.770243876,0.002819868,0.052309138,0.315904586,0.868700459,0.203028631,0.491662558
6860,686.000000,0.770307903,0.002583614,0.052372794,0.315904587,0.868913281,0.203103238,0.491677904
6861,686.100000,0.770371930,0.002347359,0.052436449,0.315904588,0.869126102,0.203177845,0.491693249
6862,686.200000,0.770408126,0.002104700,0.052788487,0.315904588,0.869229292,0.203277207,0.491705145
6863,686.300000,0.770429955,0.001858734,0.053289394,0.315904588,0.869275887,0.203389349,0.491715259
6864,686.400000,0.770451785,0.001612769,0.053790302,0.315904588,0.869322482,0.203501491,0.491725374
6865,686.500000,0.770473614,0.001366803,0.054291209,0.315904588,0.869369077,0.203613633,0.491735489
6866,686.600000,0.770495443,0.001120837,0.054792117,0.315904588,0.869415672,0.203725775,0.491745603
6867,686.700000,0.770517273,0.000874872,0.055293024,0.315904588,0.869462267,0.203837917,0.491755718
6868,686.800000,0.770539102,0.000628906,0.055793932,0.315904588,0.869508861,0.203950059,0.491765832
6869,686.900000,0.770560931,0.000382941,0.056294839,0.315904588,0.869555456,0.204062201,0.491775947
6870,687.000000,0.770582761,0.000136975,0.056795747,0.315904588,0.869602051,0.204174343,0.491786062
6871,687.100000,0.770604590,-0.000108991,0.057296654,0.315904588,0.869648646,0.204286485,0.491796176
6872,687.200000,0.770626419,-0.000354956,0.057797562,0.315904588,0.869695241,0.204398627,0.491806291
6873,687.300000,0.770648249,-0.000600922,0.058298469,0.315904588,0.869741836,0.204510769,0.491816405
6874,687.400000,0.770670078,-0.000846887,0.058799377,0.315904588,0.869788431,0.204622911,0.491826520
6875,687.500000,0.770691907,-0.001092853,0.059300284,0.315904588,0.869835026,0.204735053,0.491836634
6876,687.600000,0.770713737,-0.001338819,0.059801192,0.315904588,0.869881621,0.204847195,0.491846749
6877,687.700000,0.770735566,-0.001584784,0.060302099,0.315904588,0.869928216,0.204959337,0.491856864
6878,687.800000,0.770757395,-0.001830750,0.060803007,0.315904588,0.869974811,0.205071479,0.491866978
6879,687.900000,0.770779225,-0.002076715,0.061303914,0.315904588,0.870021406,0.205183621,0.491877093
6880,688.000000,0.770801054,-0.002322681,0.061804822,0.315904588,0.870068001,0.205295763,0.491887207
6881,688.100000,0.770822883,-0.002568647,0.062305729,0.315904588,0.870114596,0.205407905,0.491897322
6882,688.200000,0.770844713,-0.002814612,0.062806637,0.315904588,0.870161190,0.205520047,0.491907437
6883,688.300000,0.770866542,-0.003060578,0.063307545,0.315904588,0.870207785,0.205632188,0.491917551
6884,688.400000,0.770888371,-0.003306543,0.063808452,0.315904588,0.870254380,0.205744330,0.491927666
6885,688.500000,0.770910201,-0.003552509,0.064309360,0.315904588,0.870300975,0.205856472,0.491937780
6886,688.600000,0.770932030,-0.003798475,0.064810267,0.315904588,0.870347570,0.205968614,0.491947895
6887,688.700000,0.770953859,-0.004044440,0.065311175,0.315904588,0.870394165,0.206080756,0.491958009
6888,688.800000,0.770975688,-0.004290406,0.065812082,0.315904588,0.870440760,0.206192898,0.491968124
6889,688.900000,0.770997518,-0.004536371,0.066312990,0.315904588,0.870487355,0.206305040,0.491978239
6890,689.000000,0.771013864,-0.004798764,0.066771504,0.315904588,0.870530642,0.206411192,0.491985823
6891,689.100000,0.771022749,-0.005083513,0.067172326,0.315904588,0.870569426,0.206509193,0.491989965
6892,689.200000,0.771031634,-0.005368262,0.067573148,0.315904588,0.870608211,0.206607193,0.491994107
6893,689.300000,0.771040519,-0.005653011,0.067973969,0.315904588,0.870646995,0.206705193,0.491998248
6894,689.400000,0.771049404,-0.005937760,0.068374791,0.315904588,0.870685779,0.206803193,0.492002390
6895,689.500000,0.771058289,-0.006222509,0.068775613,0.315904588,0.870724564,0.206901193,0.492006532
6896,689.600000,0.771067174,-0.006507258,0.069176434,0.315904588,0.870763348,0.206999194,0.492010673
6897,689.700000,0.771076059,-0.006792007,0.069577256,0.315904588,0.870802133,0.207097194,0.492014815
6898,689.800000,0.771084944,-0.007076756,0.069978078,0.315904588,0.870840917,0.207195194,0.492018957
6899,689.900000,0.771093829,-0.007361505,0.070378899,0.315904588,0.870879702,0.207293194,0.492023099
6900,690.000000,0.771102714,-0.007646254,0.070779721,0.315904588,0.870918486,0.207391194,0.492027240
6901,690.100000,0.771111599,-0.007931002,0.071180543,0.315904588,0.870957270,0.207489195,0.492031382
6902,690.200000,0.771120484,-0.008215751,0.071581364,0.315904588,0.870996055,0.207587195,0.492035524
6903,690.300000,0.771129369,-0.008500500,0.071982186,0.315904588,0.871034839,0.207685195,0.492039665
6904,690.400000,0.771138254,-0.008785249,0.072383008,0.315904588,0.871073624,0.207783195,0.492043807
6905,690.500000,0.771147139,-0.009069998,0.072783829,0.315904588,0.871112408,0.207881196,0.492047949
6906,690.600000,0.771156024,-0.009354747,0.073184651,0.315904588,0.871151193,0.207979196,0.492052091
6907,690.700000,0.771164909,-0.009639496,0.073585473,0.315904588,0.871189977,0.208077196,0.492056232
6908,690.800000,0.771173794,-0.009924245,0.073986294,0.315904588,0.871228761,0.208175196,0.492060374
6909,690.900000,0.771182679,-0.010208994,0.074387116,0.315904588,0.871267546,0.208273196,0.492064516
6910,691.000000,0.771191564,-0.010493743,0.074787938,0.315904588,0.871306330,0.208371197,0.492068657
6911,691.100000,0.771200449,-0.010778492,0.075188759,0.315904588,0.871345115,0.208469197,0.492072799
6912,691.200000,0.771209334,-0.011063241,0.075589581,0.315904588,0.871383899,0.208567197,0.492076941
6913,691.300000,0.771218219,-0.011347990,0.075990403,0.315904588,0.871422684,0.208665197,0.492081082
6914,691.400000,0.771227104,-0.011632739,0.076391224,0.315904588,0.871461468,0.208763197,0.492085224
6915,691.500000,0.771235989,-0.011917488,0.076792046,0.315904588,0.871500252,0.208861198,0.492089366
6916,691.600000,0.771244874,-0.012202236,0.077192868,0.315904588,0.871539037,0.208959198,0.492093508
6917,691.700000,0.771253759,-0.012486985,0.077593689,0.315904588,0.871577821,0.209057198,0.492097649
6918,691.800000,0.771261661,-0.012750568,0.077955548,0.315907886,0.871613485,0.209140547,0.492101335
6919,691.900000,0.771265309,-0.012922489,0.078148675,0.315925465,0.871635633,0.209160449,0.492103043
6920,692.000000,0.771268957,-0.013094409,0.078341801,0.315943043,0.871657781,0.209180350,0.492104752
6921,692.100000,0.771272604,-0.013266330,0.078534928,0.315960622,0.871679929,0.209200252,0.492106461
6922,692.200000,0.771276252,-0.013438250,0.078728054,0.315978201,0.871702077,0.209220153,0.492108170
6923,692.300000,0.771279900,-0.013610171,0.078921180,0.315995780,0.871724225,0.209240055,0.492109879
6924,692.400000,0.771283548,-0.013782092,0.079114307,0.316013359,0.871746373,0.209259956,0.492111587
6925,692.500000,0.771287195,-0.013954012,0.079307433,0.316030938,0.871768521,0.209279858,0.492113296
6926,692.600000,0.771290843,-0.014125933,0.079500559,0.316048517,0.871790669,0.209299759,0.492115005
6927,692.700000,0.771294491,-0.014297853,0.079693686,0.316066096,0.871812817,0.209319661,0.492116714
6928,692.800000,0.771298139,-0.014469774,0.079886812,0.316083675,0.871834965,0.209339562,0.492118423
6929,692.900000,0.771301786,-0.014641694,0.080079938,0.316101253,0.871857114,0.209359464,0.492120132
6930,693.000000,0.771305434,-0.014813615,0.080273065,0.316118832,0.871879262,0.209379365,0.492121840
6931,693.100000,0.771309082,-0.014985535,0.080466191,0.316136411,0.871901410,0.209399267,0.492123549
6932,693.200000,0.771312729,-0.015157456,0.080659318,0.316153990,0.871923558,0.209419168,0.492125258
6933,693.300000,0.771316377,-0.015329376,0.080852444,0.316171569,0.871945706,0.209439070,0.492126967
6934,693.400000,0.771320025,-0.015501297,0.081045570,0.316189148,0.871967854,0.209458971,0.492128676
6935,693.500000,0.771323673,-0.015673217,0.081238697,0.316206727,0.871990002,0.209478873,0.492130384
6936,693.600000,0.771327320,-0.015845138,0.081431823,0.316224306,0.872012150,0.209498774,0.492132093
6937,693.700000,0.771330968,-0.016017059,0.081624949,0.316241885,0.872034298,0.209518676,0.492133802
6938,693.800000,0.771334616,-0.016188979,0.081818076,0.316259464,0.872056446,0.209538577,0.492135511
6939,693.900000,0.771338263,-0.016360900,0.082011202,0.316277042,0.872078594,0.209558479,0.492137220
6940,694.000000,0.771341911,-0.016532820,0.082204328,0.316294621,0.872100742,0.209578380,0.492138928
6941,694.100000,0.771345559,-0.016704741,0.082397455,0.316312200,0.872122890,0.209598282,0.492140637
6942,694.200000,0.771349207,-0.016876661,0.082590581,0.316329779,0.872145038,0.209618183,0.492142346
6943,694.300000,0.771352854,-0.017048582,0.082783708,0.316347358,0.872167186,0.209638085,0.492144055
6944,694.400000,0.771356502,-0.017220502,0.082976834,0.316364937,0.872189334,0.209657986,0.492145764
6945,694.500000,0.771360150,-0.017392423,0.083169960,0.316382516,0.872211483,0.209677888,0.492147473
6946,694.600000,0.771363798,-0.017564343,0.083363087,0.316400095,0.872233631,0.209697789,0.492149181
6947,694.700000,0.771365396,-0.017732831,0.083646397,0.316651090,0.872243266,0.209705870,0.492156135
6948,694.800000,0.771366891,-0.017901145,0.083934293,0.316913950,0.872252265,0.209713349,0.492163356
6949,694.900000,0.771368385,-0.018069458,0.084222188,0.317176811,0.872261264,0.209720829,0.492170576
6950,695.000000,0.771369880,-0.018237772,0.084510083,0.317439671,0.872270263,0.209728309,0.492177797
6951,695.100000,0.771371374,-0.018406085,0.084797978,0.317702532,0.872279262,0.209735788,0.492185017
6952,695.200000,0.771372869,-0.018574399,0.085085874,0.317965392,0.872288261,0.209743268,0.492192238
6953,695.300000,0.771374364,-0.018742712,0.085373769,0.318228253,0.872297260,0.209750747,0.492199458
6954,695.400000,0.771375858,-0.018911025,0.085661664,0.318491113,0.872306259,0.209758227,0.492206678
6955,695.500000,0.771377353,-0.019079339,0.085949559,0.318753973,0.872315258,0.209765707,0.492213899
6956,695.600000,0.771378847,-0.019247652,0.086237455,0.319016834,0.872324257,0.209773186,0.492221119
6957,695.700000,0.771380342,-0.019415966,0.086525350,0.319279694,0.872333255,0.209780666,0.492228340
6958,695.800000,0.771381836,-0.019584279,0.086813245,0.319542555,0.872342254,0.209788145,0.492235560
6959,695.900000,0.771383331,-0.019752593,0.087101140,0.319805415,0.872351253,0.209795625,0.492242781
6960,696.000000,0.771384825,-0.019920906,0.087389036,0.320068276,0.872360252,0.209803105,0.492250001
6961,696.100000,0.771386320,-0.020089219,0.087676931,0.320331136,0.872369251,0.209810584,0.492257222
6962,696.200000,0.771387814,-0.020257533,0.087964826,0.320593997,0.872378250,0.209818064,0.492264442
6963,696.300000,0.771389309,-0.020425846,0.088252721,0.320856857,0.872387249,0.209825544,0.492271663
6964,696.400000,0.771390804,-0.020594160,0.088540616,0.321119718,0.872396248,0.209833023,0.492278883
6965,696.500000,0.771392298,-0.020762473,0.088828512,0.321382578,0.872405247,0.209840503,0.492286104
6966,696.600000,0.771393793,-0.020930787,0.089116407,0.321645439,0.872414246,0.209847982,0.492293324
6967,696.700000,0.771395287,-0.021099100,0.089404302,0.321908299,0.872423245,0.209855462,0.492300545
6968,696.800000,0.771396782,-0.021267414,0.089692197,0.322171160,0.872432244,0.209862942,0.492307765
6969,696.900000,0.771398276,-0.021435727,0.089980093,0.322434020,0.872441243,0.209870421,0.492314986
6970,697.000000,0.771399771,-0.021604040,0.090267988,0.322696880,0.872450242,0.209877901,0.492322206
6971,697.100000,0.771401265,-0.021772354,0.090555883,0.322959741,0.872459241,0.209885380,0.492329426
6972,697.200000,0.771402760,-0.021940667,0.090843778,0.323222601,0.872468240,0.209892860,0.492336647
6973,697.300000,0.771404254,-0.022108981,0.091131674,0.323485462,0.872477239,0.209900340,0.492343867
6974,697.400000,0.771405749,-0.022277294,0.091419569,0.323748322,0.872486238,0.209907819,0.492351088
6975,697.500000,0.771406609,-0.022430122,0.091984738,0.324080287,0.872491411,0.209923439,0.492376527
6976,697.600000,0.771407217,-0.022576798,0.092660073,0.324439709,0.872495062,0.209942292,0.492409204
6977,697.700000,0.771407825,-0.022723474,0.093335407,0.324799130,0.872498714,0.209961145,0.492441882
6978,697.800000,0.771408433,-0.022870150,0.094010742,0.325158552,0.872502366,0.209979999,0.492474559
6979,697.900000,0.771409041,-0.023016826,0.094686077,0.325517973,0.872506018,0.209998852,0.492507237
6980,698.000000,0.771409649,-0.023163501,0.095361412,0.325877395,0.872509670,0.210017706,0.492539914
6981,698.100000,0.771410257,-0.023310177,0.096036747,0.326236816,0.872513322,0.210036559,0.492572592
6982,698.200000,0.771410865,-0.023456853,0.096712081,0.326596238,0.872516974,0.210055412,0.492605269
6983,698.300000,0.771411473,-0.023603529,0.097387416,0.326955659,0.872520626,0.210074266,0.492637947
6984,698.400000,0.771412081,-0.023750205,0.098062751,0.327315081,0.872524278,0.210093119,0.492670624
6985,698.500000,0.771412689,-0.023896880,0.098738086,0.327674502,0.872527930,0.210111973,0.492703302
6986,698.600000,0.771413297,-0.024043556,0.099413421,0.328033924,0.872531582,0.210130826,0.492735979
6987,698.700000,0.771413904,-0.024190232,0.100088756,0.328393345,0.872535234,0.210149679,0.492768656
6988,698.800000,0.771414512,-0.024336908,0.100764090,0.328752767,0.872538886,0.210168533,0.492801334
6989,698.900000,0.771415120,-0.024483584,0.101439425,0.329112188,0.872542538,0.210187386,0.492834011
6990,699.000000,0.771415728,-0.024630259,0.102114760,0.329471610,0.872546190,0.210206240,0.492866689
6991,699.100000,0.771416336,-0.024776935,0.102790095,0.329831031,0.872549842,0.210225093,0.492899366
6992,699.200000,0.771416944,-0.024923611,0.103465430,0.330190453,0.872553493,0.210243946,0.492932044
6993,699.300000,0.771417552,-0.025070287,0.104140764,0.330549874,0.872557145,0.210262800,0.492964721
6994,699.400000,0.771418160,-0.025216962,0.104816099,0.330909296,0.872560797,0.210281653,0.492997399
6995,699.500000,0.771418768,-0.025363638,0.105491434,0.331268717,0.872564449,0.210300507,0.493030076
6996,699.600000,0.771419376,-0.025510314,0.106166769,0.331628139,0.872568101,0.210319360,0.493062754
6997,699.700000,0.771419984,-0.025656990,0.106842104,0.331987560,0.872571753,0.210338213,0.493095431
6998,699.800000,0.771420592,-0.025803666,0.107517439,0.332346982,0.872575405,0.210357067,0.493128109
6999,699.900000,0.771421200,-0.025950341,0.108192773,0.332706403,0.872579057,0.210375920,0.493160786
7000,700.000000,0.771421808,-0.026097017,0.108868108,0.333065825,0.872582709,0.210394774,0.493193464
7001,700.100000,0.771422416,-0.026243693,0.109543443,0.333425246,0.872586361,0.210413627,0.493226141
7002,700.200000,0.771423024,-0.026390369,0.110218778,0.333784667,0.872590013,0.210432480,0.493258819
7003,700.300000,0.771423462,-0.026573483,0.110760053,0.334069784,0.872592636,0.210449683,0.493282312
7004,700.400000,0.771423715,-0.026796121,0.111155914,0.334274302,0.872594143,0.210465097,0.493295844
7005,700.500000,0.771423968,-0.027018759,0.111551775,0.334478820,0.872595650,0.210480510,0.493309377
7006,700.600000,0.771424221,-0.027241397,0.111947636,0.334683338,0.872597158,0.210495923,0.493322909
7007,700.700000,0.771424475,-0.027464035,0.112343497,0.334887856,0.872598665,0.210511336,0.493336441
7008,700.800000,0.771424728,-0.027686674,0.112739359,0.335092374,0.872600172,0.210526749,0.493349973
7009,700.900000,0.771424981,-0.027909312,0.113135220,0.335296892,0.872601679,0.210542162,0.493363506
7010,701.000000,0.771425235,-0.028131950,0.113531081,0.335501410,0.872603186,0.210557575,0.493377038
7011,701.100000,0.771425488,-0.028354588,0.113926942,0.335705928,0.872604694,0.210572988,0.493390570
7012,701.200000,0.771425741,-0.028577226,0.114322803,0.335910446,0.872606201,0.210588401,0.493404102
7013,701.300000,0.771425994,-0.028799865,0.114718664,0.336114964,0.872607708,0.210603814,0.493417635
7014,701.400000,0.771426248,-0.029022503,0.115114526,0.336319483,0.872609215,0.210619227,0.493431167
7015,701.500000,0.771426501,-0.029245141,0.115510387,0.336524001,0.872610722,0.210634640,0.493444699
7016,701.600000,0.771426754,-0.029467779,0.115906248,0.336728519,0.872612229,0.210650053,0.493458231
7017,701.700000,0.771427008,-0.029690417,0.116302109,0.336933037,0.872613737,0.210665466,0.493471764
7018,701.800000,0.771427261,-0.029913056,0.116697970,0.337137555,0.872615244,0.210680880,0.493485296
7019,701.900000,0.771427514,-0.030135694,0.117093832,0.337342073,0.872616751,0.210696293,0.493498828
7020,702.000000,0.771427767,-0.030358332,0.117489693,0.337546591,0.872618258,0.210711706,0.493512360
7021,702.100000,0.771428021,-0.030580970,0.117885554,0.337751109,0.872619765,0.210727119,0.493525893
7022,702.200000,0.771428274,-0.030803608,0.118281415,0.337955627,0.872621273,0.210742532,0.493539425
7023,702.300000,0.771428527,-0.031026247,0.118677276,0.338160145,0.872622780,0.210757945,0.493552957
7024,702.400000,0.771428781,-0.031248885,0.119073137,0.338364663,0.872624287,0.210773358,0.493566489
7025,702.500000,0.771429034,-0.031471523,0.119468999,0.338569181,0.872625794,0.210788771,0.493580022
7026,702.600000,0.771429287,-0.031694161,0.119864860,0.338773699,0.872627301,0.210804184,0.493593554
7027,702.700000,0.771429541,-0.031916799,0.120260721,0.338978218,0.872628809,0.210819597,0.493607086
7028,702.800000,0.771429794,-0.032139437,0.120656582,0.339182736,0.872630316,0.210835010,0.493620618
7029,702.900000,0.771430047,-0.032362076,0.121052443,0.339387254,0.872631823,0.210850423,0.493634151
7030,703.000000,0.771430300,-0.032584714,0.121448304,0.339591772,0.872633330,0.210865836,0.493647683
7031,703.100000,0.771430518,-0.032815457,0.121803130,0.339802168,0.872634623,0.210879048,0.493659284
7032,703.200000,0.771430623,-0.033071352,0.122030620,0.340030805,0.872635250,0.210885428,0.493664891
7033,703.300000,0.771430729,-0.033327248,0.122258109,0.340259441,0.872635877,0.210891807,0.493670499
7034,703.400000,0.771430834,-0.033583143,0.122485599,0.340488078,0.872636504,0.210898187,0.493676107
7035,703.500000,0.771430940,-0.033839038,0.122713088,0.340716715,0.872637131,0.210904567,0.493681715
7036,703.600000,0.771431046,-0.034094933,0.122940577,0.340945352,0.872637758,0.210910947,0.493687322
7037,703.700000,0.771431151,-0.034350828,0.123168067,0.341173988,0.872638385,0.210917327,0.493692930
7038,703.800000,0.771431257,-0.034606723,0.123395556,0.341402625,0.872639012,0.210923707,0.493698538
7039,703.900000,0.771431362,-0.034862618,0.123623046,0.341631262,0.872639639,0.210930086,0.493704146
7040,704.000000,0.771431468,-0.035118514,0.123850535,0.341859898,0.872640265,0.210936466,0.493709753
7041,704.100000,0.771431573,-0.035374409,0.124078024,0.342088535,0.872640892,0.210942846,0.493715361
7042,704.200000,0.771431679,-0.035630304,0.124305514,0.342317172,0.872641519,0.210949226,0.493720969
7043,704.300000,0.771431785,-0.035886199,0.124533003,0.342545808,0.872642146,0.210955606,0.493726577
7044,704.400000,0.771431890,-0.036142094,0.124760493,0.342774445,0.872642773,0.210961985,0.493732184
7045,704.500000,0.771431996,-0.036397989,0.124987982,0.343003082,0.872643400,0.210968365,0.493737792
7046,704.600000,0.771432101,-0.036653884,0.125215472,0.343231719,0.872644027,0.210974745,0.493743400
7047,704.700000,0.771432207,-0.036909779,0.125442961,0.343460355,0.872644654,0.210981125,0.493749008
7048,704.800000,0.771432312,-0.037165675,0.125670450,0.343688992,0.872645281,0.210987505,0.493754615
7049,704.900000,0.771432418,-0.037421570,0.125897940,0.343917629,0.872645908,0.210993884,0.493760223
7050,705.000000,0.771432524,-0.037677465,0.126125429,0.344146265,0.872646535,0.211000264,0.493765831
7051,705.100000,0.771432629,-0.037933360,0.126352919,0.344374902,0.872647162,0.211006644,0.493771439
7052,705.200000,0.771432735,-0.038189255,0.126580408,0.344603539,0.872647789,0.211013024,0.493777046
7053,705.300000,0.771432840,-0.038445150,0.126807897,0.344832176,0.872648416,0.211019404,0.493782654
7054,705.400000,0.771432946,-0.038701045,0.127035387,0.345060812,0.872649043,0.211025783,0.493788262
7055,705.500000,0.771433052,-0.038956941,0.127262876,0.345289449,0.872649670,0.211032163,0.493793869
7056,705.600000,0.771433157,-0.039212836,0.127490366,0.345518086,0.872650297,0.211038543,0.493799477
7057,705.700000,0.771433263,-0.039468731,0.127717855,0.345746722,0.872650924,0.211044923,0.493805085
7058,705.800000,0.771433368,-0.039724626,0.127945345,0.345975359,0.872651551,0.211051303,0.493810693
7059,705.900000,0.771433473,-0.039980196,0.128173113,0.346203545,0.872652175,0.211057347,0.493816275
7060,706.000000,0.771433516,-0.040194159,0.128436609,0.346374050,0.872652433,0.211020437,0.493818591
7061,706.100000,0.771433558,-0.040408122,0.128700105,0.346544554,0.872652690,0.210983526,0.493820906
7062,706.200000,0.771433600,-0.040622085,0.128963601,0.346715059,0.872652948,0.210946616,0.493823222
7063,706.300000,0.771433642,-0.040836047,0.129227096,0.346885563,0.872653205,0.210909705,0.493825538
7064,706.400000,0.771433684,-0.041050010,0.129490592,0.347056067,0.872653463,0.210872795,0.493827853
7065,706.500000,0.771433727,-0.041263973,0.129754088,0.347226572,0.872653720,0.210835884,0.493830169
7066,706.600000,0.771433769,-0.041477936,0.130017584,0.347397076,0.872653978,0.210798974,0.493832485
7067,706.700000,0.771433811,-0.041691899,0.130281080,0.347567581,0.872654235,0.210762063,0.493834801
7068,706.800000,0.771433853,-0.041905862,0.130544576,0.347738085,0.872654493,0.210725153,0.493837116
7069,706.900000,0.771433895,-0.042119824,0.130808072,0.347908589,0.872654750,0.210688243,0.493839432
7070,707.000000,0.771433938,-0.042333787,0.131071567,0.348079094,0.872655008,0.210651332,0.493841748
7071,707.100000,0.771433980,-0.042547750,0.131335063,0.348249598,0.872655266,0.210614422,0.493844063
7072,707.200000,0.771434022,-0.042761713,0.131598559,0.348420103,0.872655523,0.210577511,0.493846379
7073,707.300000,0.771434064,-0.042975676,0.131862055,0.348590607,0.872655781,0.210540601,0.493848695
7074,707.400000,0.771434107,-0.043189639,0.132125551,0.348761111,0.872656038,0.210503690,0.493851010
7075,707.500000,0.771434149,-0.043403601,0.132389047,0.348931616,0.872656296,0.210466780,0.493853326
7076,707.600000,0.771434191,-0.043617564,0.132652543,0.349102120,0.872656553,0.210429870,0.493855642
7077,707.700000,0.771434233,-0.043831527,0.132916038,0.349272625,0.872656811,0.210392959,0.493857958
7078,707.800000,0.771434275,-0.044045490,0.133179534,0.349443129,0.872657068,0.210356049,0.493860273
7079,707.900000,0.771434318,-0.044259453,0.133443030,0.349613633,0.872657326,0.210319138,0.493862589
7080,708.000000,0.771434360,-0.044473416,0.133706526,0.349784138,0.872657583,0.210282228,0.493864905
7081,708.100000,0.771434402,-0.044687378,0.133970022,0.349954642,0.872657841,0.210245317,0.493867220
7082,708.200000,0.771434444,-0.044901341,0.134233518,0.350125147,0.872658099,0.210208407,0.493869536
7083,708.300000,0.771434487,-0.045115304,0.134497014,0.350295651,0.872658356,0.210171496,0.493871852
7084,708.400000,0.771434529,-0.045329267,0.134760510,0.350466155,0.872658614,0.210134586,0.493874167
7085,708.500000,0.771434571,-0.045543230,0.135024005,0.350636660,0.872658871,0.210097676,0.493876483
7086,708.600000,0.771434613,-0.045757193,0.135287501,0.350807164,0.872659129,0.210060765,0.493878799
7087,708.700000,0.771434655,-0.045971155,0.135550997,0.350977669,0.872659386,0.210023855,0.493881115
7088,708.800000,0.771434680,-0.046220601,0.135705135,0.351177015,0.872659528,0.209868107,0.493882387
7089,708.900000,0.771434699,-0.046480539,0.135826935,0.351384891,0.872659636,0.209677218,0.493883350
7090,709.000000,0.771434718,-0.046740477,0.135948735,0.351592766,0.872659743,0.209486329,0.493884314
7091,709.100000,0.771434737,-0.047000414,0.136070535,0.351800642,0.872659851,0.209295441,0.493885278
7092,709.200000,0.771434756,-0.047260352,0.136192335,0.352008517,0.872659959,0.209104552,0.493886241
7093,709.300000,0.771434775,-0.047520290,0.136314135,0.352216393,0.872660066,0.208913663,0.493887205
7094,709.400000,0.771434794,-0.047780228,0.136435935,0.352424268,0.872660174,0.208722774,0.493888168
7095,709.500000,0.771434813,-0.048040166,0.136557735,0.352632144,0.872660282,0.208531886,0.493889132
7096,709.600000,0.771434832,-0.048300104,0.136679535,0.352840019,0.872660389,0.208340997,0.493890096
7097,709.700000,0.771434850,-0.048560042,0.136801336,0.353047895,0.872660497,0.208150108,0.493891059
7098,709.800000,0.771434869,-0.048819979,0.136923136,0.353255771,0.872660605,0.207959219,0.493892023
7099,709.900000,0.771434888,-0.049079917,0.137044936,0.353463646,0.872660712,0.207768330,0.493892987
7100,710.000000,0.771434907,-0.049339855,0.137166736,0.353671522,0.872660820,0.207577442,0.493893950
7101,710.100000,0.771434926,-0.049599793,0.137288536,0.353879397,0.872660928,0.207386553,0.493894914
7102,710.200000,0.771434945,-0.049859731,0.137410336,0.354087273,0.872661035,0.207195664,0.493895878
7103,710.300000,0.771434964,-0.050119669,0.137532136,0.354295148,0.872661143,0.207004775,0.493896841
7104,710.400000,0.771434983,-0.050379607,0.137653936,0.354503024,0.872661251,0.206813887,0.493897805
7105,710.500000,0.771435002,-0.050639544,0.137775736,0.354710899,0.872661358,0.206622998,0.493898768
7106,710.600000,0.771435021,-0.050899482,0.137897536,0.354918775,0.872661466,0.206432109,0.493899732
7107,710.700000,0.771435040,-0.051159420,0.138019336,0.355126650,0.872661574,0.206241220,0.493900696
7108,710.800000,0.771435059,-0.051419358,0.138141136,0.355334526,0.872661681,0.206050332,0.493901659
7109,710.900000,0.771435078,-0.051679296,0.138262936,0.355542401,0.872661789,0.205859443,0.493902623
7110,711.000000,0.771435097,-0.051939234,0.138384736,0.355750277,0.872661897,0.205668554,0.493903587
7111,711.100000,0.771435116,-0.052199171,0.138506537,0.355958152,0.872662004,0.205477665,0.493904550
7112,711.200000,0.771435135,-0.052459109,0.138628337,0.356166028,0.872662112,0.205286777,0.493905514
7113,711.300000,0.771435154,-0.052719047,0.138750137,0.356373903,0.872662220,0.205095888,0.493906477
7114,711.400000,0.771435173,-0.052978985,0.138871937,0.356581779,0.872662327,0.204904999,0.493907441
7115,711.500000,0.771435192,-0.053238923,0.138993737,0.356789655,0.872662435,0.204714110,0.493908405
7116,711.546419,0.771435201,-0.053359583,0.139050275,0.356886148,0.872662485,0.204625502,0.493908852
